country,time,refugee_in_perc_wb
afg,1990,0.0004
afg,1991,0.00029
afg,1992,0.41438
afg,1993,0.20315
afg,1994,0.11204
afg,1995,0.10825
afg,1996,0.09958
afg,1997,0.00003
afg,1998,0
afg,1999,0
afg,2000,0
afg,2001,0.00003
afg,2002,0.00001
afg,2003,0.00009
afg,2004,0.00012
afg,2005,0.00012
afg,2006,0.00013
afg,2007,0.00015
afg,2008,0.00013
afg,2009,0.00013
afg,2010,0.02205
afg,2011,0.00999
afg,2012,0.05195
afg,2013,0.05226
afg,2014,0.90026
afg,2015,0.74841
afg,2016,0.16893
afg,2017,0.20919
afg,2018,0.19432
afg,2019,0.18987
ago,1990,0.09754
ago,1991,0.08998
ago,1992,0.08692
ago,1993,0.0832
ago,1994,0.07913
ago,1995,0.07805
ago,1996,0.06514
ago,1997,0.06297
ago,1998,0.06904
ago,1999,0.08238
ago,2000,0.07372
ago,2001,0.07229
ago,2002,0.06992
ago,2003,0.07385
ago,2004,0.07447
ago,2005,0.07196
ago,2006,0.06496
ago,2007,0.05773
ago,2008,0.05858
ago,2009,0.06544
ago,2010,0.06489
ago,2011,0.06698
ago,2012,0.09325
ago,2013,0.09142
ago,2014,0.05743
ago,2015,0.05578
ago,2016,0.05393
ago,2017,0.13787
ago,2018,0.12939
ago,2019,0.08107
alb,1990,0
alb,1991,0
alb,1992,0.09242
alb,1993,0.09389
alb,1994,0.09534
alb,1995,0.15163
alb,1996,0.15894
alb,1997,0.00097
alb,1998,0.71791
alb,1999,0.12585
alb,2000,0.01671
alb,2001,0.00933
alb,2002,0.00054
alb,2003,0.00083
alb,2004,0.00164
alb,2005,0.00181
alb,2006,0.00183
alb,2007,0.00254
alb,2008,0.00216
alb,2009,0.00235
alb,2010,0.00258
alb,2011,0.0028
alb,2012,0.00295
alb,2013,0.0032
alb,2014,0.00359
alb,2015,0.0036
alb,2016,0.00478
alb,2017,0.00309
alb,2018,0.00454
alb,2019,0.00444
and,1990,0
and,1991,0
and,1992,0
and,1993,0
and,1994,0
and,1995,0
and,1996,0
and,1997,0
and,1998,0
and,1999,0
and,2000,0
and,2001,0
and,2002,0
and,2003,0
and,2004,0
and,2005,0
and,2006,0
and,2007,0
and,2008,0
and,2009,0
and,2010,0
and,2011,0
and,2012,0
and,2013,0
and,2014,0
and,2015,0
and,2016,0
and,2017,0
and,2018,0
and,2019,0
are,1990,0
are,1991,0
are,1992,0
are,1993,0.01993
are,1994,0.01661
are,1995,0.01685
are,1996,0.01827
are,1997,0.01943
are,1998,0.0188
are,1999,0.01689
are,2000,0.01793
are,2001,0.01683
are,2002,0.00469
are,2003,0.00431
are,2004,0.00258
are,2005,0.00227
are,2006,0.00328
are,2007,0.00258
are,2008,0.00295
are,2009,0.00352
are,2010,0.00629
are,2011,0.00757
are,2012,0.0069
are,2013,0.00656
are,2014,0.00453
are,2015,0.00716
are,2016,0.00956
are,2017,0.00921
are,2018,0.01209
are,2019,0.01276
arg,1990,0.03598
arg,1991,0.03485
arg,1992,0.03434
arg,1993,0.03425
arg,1994,0.03459
arg,1995,0.02961
arg,1996,0.02959
arg,1997,0.02951
arg,1998,0.00629
arg,1999,0.00643
arg,2000,0.0065
arg,2001,0.00643
arg,2002,0.00647
arg,2003,0.00694
arg,2004,0.00758
arg,2005,0.0079
arg,2006,0.00804
arg,2007,0.00822
arg,2008,0.0071
arg,2009,0.00798
arg,2010,0.00801
arg,2011,0.00813
arg,2012,0.00835
arg,2013,0.00797
arg,2014,0.0082
arg,2015,0.00745
arg,2016,0.00757
arg,2017,0.00748
arg,2018,0.00782
arg,2019,0.00867
arm,1990,0
arm,1991,0
arm,1992,8.71379
arm,1993,9.93128
arm,1994,9.25914
arm,1995,6.80529
arm,1996,6.91084
arm,1997,6.98992
arm,1998,9.97243
arm,1999,9.58932
arm,2000,9.14097
arm,2001,8.66484
arm,2002,8.15926
arm,2003,7.92889
arm,2004,7.8393
arm,2005,7.36433
arm,2006,3.8439
arm,2007,0.1557
arm,2008,0.13595
arm,2009,0.12489
arm,2010,0.11455
arm,2011,0.10144
arm,2012,0.09895
arm,2013,0.47391
arm,2014,0.60569
arm,2015,0.66035
arm,2016,0.60917
arm,2017,0.60999
arm,2018,0.60879
arm,2019,0.60807
atg,1990,0
atg,1991,0
atg,1992,0
atg,1993,0
atg,1994,0
atg,1995,0
atg,1996,0
atg,1997,0
atg,1998,0
atg,1999,0
atg,2000,0
atg,2001,0
atg,2002,0
atg,2003,0
atg,2004,0
atg,2005,0
atg,2006,0
atg,2007,0
atg,2008,0
atg,2009,0
atg,2010,0
atg,2011,0
atg,2012,0
atg,2013,0
atg,2014,0
atg,2015,0.01603
atg,2016,0.00423
atg,2017,0
atg,2018,0.00104
atg,2019,0.00206
aus,1990,0.57731
aus,1991,0.30901
aus,1992,0.30228
aus,1993,0.30395
aus,1994,0.32348
aus,1995,0.34538
aus,1996,0.37007
aus,1997,0.35935
aus,1998,0.37523
aus,1999,0.34553
aus,2000,0.31723
aus,2001,0.30162
aus,2002,0.30635
aus,2003,0.28668
aus,2004,0.3193
aus,2005,0.32195
aus,2006,0.3359
aus,2007,0.10597
aus,2008,0.09806
aus,2009,0.10366
aus,2010,0.09842
aus,2011,0.10398
aus,2012,0.13134
aus,2013,0.14837
aus,2014,0.15079
aus,2015,0.15425
aus,2016,0.17388
aus,2017,0.19693
aus,2018,0.22866
aus,2019,0.30458
aut,1990,0.45233
aut,1991,0.44396
aut,1992,0.79626
aut,1993,0.73095
aut,1994,0.51217
aut,1995,0.43034
aut,1996,1.11147
aut,1997,1.05061
aut,1998,0.99863
aut,1999,1.0195
aut,2000,0.19199
aut,2001,0.1777
aut,2002,0.17371
aut,2003,0.19703
aut,2004,0.21657
aut,2005,0.25722
aut,2006,0.3076
aut,2007,0.37015
aut,2008,0.45024
aut,2009,0.46468
aut,2010,0.5069
aut,2011,0.55685
aut,2012,0.60843
aut,2013,0.6498
aut,2014,0.70511
aut,2015,0.83211
aut,2016,1.06604
aut,2017,1.3061
aut,2018,1.44824
aut,2019,1.51818
aze,1990,0
aze,1991,0
aze,1992,3.29232
aze,1993,3.0183
aze,1994,3.01463
aze,1995,3.00539
aze,1996,2.97486
aze,1997,2.94884
aze,1998,2.77394
aze,1999,2.75192
aze,2000,0.00353
aze,2001,0.00448
aze,2002,0.00553
aze,2003,0.0039
aze,2004,0.10186
aze,2005,0.03518
aze,2006,0.03034
aze,2007,0.02696
aze,2008,0.02336
aze,2009,0.0184
aze,2010,0.02094
aze,2011,0.01891
aze,2012,0.01585
aze,2013,0.0147
aze,2014,0.01367
aze,2015,0.01328
aze,2016,0.01225
aze,2017,0.01133
aze,2018,0.01137
aze,2019,0.01103
bdi,1990,4.93482
bdi,1991,4.85426
bdi,1992,4.77956
bdi,1993,4.68921
bdi,1994,5.09076
bdi,1995,2.88986
bdi,1996,0.34212
bdi,1997,0.35981
bdi,1998,0.40567
bdi,1999,0.35278
bdi,2000,0.4254
bdi,2001,0.42749
bdi,2002,0.6046
bdi,2003,0.593
bdi,2004,0.68438
bdi,2005,0.28081
bdi,2006,0.17319
bdi,2007,0.3114
bdi,2008,0.25957
bdi,2009,0.29731
bdi,2010,0.33848
bdi,2011,0.39805
bdi,2012,0.45223
bdi,2013,0.47682
bdi,2014,0.53773
bdi,2015,0.52522
bdi,2016,0.54795
bdi,2017,0.5759
bdi,2018,0.63986
bdi,2019,0.68056
bel,1990,0.25894
bel,1991,0.23976
bel,1992,0.24104
bel,1993,0.24616
bel,1994,0.19198
bel,1995,0.31111
bel,1996,0.35324
bel,1997,0.35271
bel,1998,0.1515
bel,1999,0.16343
bel,2000,0.18315
bel,2001,0.11886
bel,2002,0.12135
bel,2003,0.12088
bel,2004,0.12909
bel,2005,0.1449
bel,2006,0.15839
bel,2007,0.16429
bel,2008,0.15796
bel,2009,0.14314
bel,2010,0.16357
bel,2011,0.2034
bel,2012,0.19868
bel,2013,0.22977
bel,2014,0.26003
bel,2015,0.31285
bel,2016,0.37138
bel,2017,0.3689
bel,2018,0.36725
bel,2019,0.53449
ben,1990,0.00916
ben,1991,0.00886
ben,1992,0.0055
ben,1993,2.82955
ben,1994,1.23212
ben,1995,0.40374
ben,1996,0.0978
ben,1997,0.04645
ben,1998,0.04487
ben,1999,0.05488
ben,2000,0.06257
ben,2001,0.06781
ben,2002,0.06882
ben,2003,0.06694
ben,2004,0.06196
ben,2005,0.37952
ben,2006,0.1314
ben,2007,0.09014
ben,2008,0.07972
ben,2009,0.08055
ben,2010,0.0776
ben,2011,0.07628
ben,2012,0.05104
ben,2013,0.00194
ben,2014,0.00403
ben,2015,0.00501
ben,2016,0.00744
ben,2017,0.0094
ben,2018,0.01022
ben,2019,0.01054
bfa,1990,0.00397
bfa,1991,0.00354
bfa,1992,0.06099
bfa,1993,0.06913
bfa,1994,0.50924
bfa,1995,0.29512
bfa,1996,0.27361
bfa,1997,0.01689
bfa,1998,0.00514
bfa,1999,0.00598
bfa,2000,0.006
bfa,2001,0.00383
bfa,2002,0.00372
bfa,2003,0.00368
bfa,2004,0.00378
bfa,2005,0.00381
bfa,2006,0.0037
bfa,2007,0.00375
bfa,2008,0.00379
bfa,2009,0.00359
bfa,2010,0.0034
bfa,2011,0.0034
bfa,2012,0.23719
bfa,2013,0.17123
bfa,2014,0.18136
bfa,2015,0.18783
bfa,2016,0.17458
bfa,2017,0.12581
bfa,2018,0.12719
bfa,2019,0.12729
bgd,1990,0.00014
bgd,1991,0.03813
bgd,1992,0.22703
bgd,1993,0.18029
bgd,1994,0.1031
bgd,1995,0.04438
bgd,1996,0.02609
bgd,1997,0.01798
bgd,1998,0.01816
bgd,1999,0.01774
bgd,2000,0.01694
bgd,2001,0.01704
bgd,2002,0.01663
bgd,2003,0.01468
bgd,2004,0.01493
bgd,2005,0.01517
bgd,2006,0.01867
bgd,2007,0.01933
bgd,2008,0.01967
bgd,2009,0.15665
bgd,2010,0.15535
bgd,2011,0.15386
bgd,2012,0.15277
bgd,2013,0.15131
bgd,2014,0.15045
bgd,2015,0.14845
bgd,2016,0.17484
bgd,2017,0.58378
bgd,2018,0.56182
bgd,2019,0.52426
bgr,1990,0
bgr,1991,0
bgr,1992,0.00251
bgr,1993,0.00525
bgr,1994,0.01251
bgr,1995,0.01575
bgr,1996,0.01725
bgr,1997,0.00475
bgr,1998,0.00295
bgr,1999,0.00678
bgr,2000,0.01843
bgr,2001,0.03788
bgr,2002,0.0465
bgr,2003,0.05213
bgr,2004,0.06048
bgr,2005,0.05741
bgr,2006,0.05902
bgr,2007,0.06383
bgr,2008,0.06817
bgr,2009,0.07216
bgr,2010,0.07448
bgr,2011,0.07709
bgr,2012,0.0312
bgr,2013,0.05926
bgr,2014,0.15245
bgr,2015,0.22997
bgr,2016,0.24908
bgr,2017,0.2695
bgr,2018,0.28246
bgr,2019,0.29215
bhr,1990,0.35892
bhr,1991,0
bhr,1992,0
bhr,1993,0
bhr,1994,0
bhr,1995,0
bhr,1996,0
bhr,1997,0
bhr,1998,0
bhr,1999,0.00016
bhr,2000,0.00015
bhr,2001,0.00014
bhr,2002,0
bhr,2003,0
bhr,2004,0
bhr,2005,0
bhr,2006,0.0001
bhr,2007,0
bhr,2008,0.00431
bhr,2009,0.01173
bhr,2010,0.0133
bhr,2011,0.01557
bhr,2012,0.02223
bhr,2013,0.02236
bhr,2014,0.02328
bhr,2015,0.018
bhr,2016,0.01901
bhr,2017,0.01707
bhr,2018,0.01676
bhr,2019,0.01554
bhs,1990,0
bhs,1991,0
bhs,1992,0.14059
bhs,1993,0.02177
bhs,1994,0
bhs,1995,0.00286
bhs,1996,0.0169
bhs,1997,0.02088
bhs,1998,0.02753
bhs,1999,0.03401
bhs,2000,0.03355
bhs,2001,0
bhs,2002,0
bhs,2003,0
bhs,2004,0
bhs,2005,0
bhs,2006,0
bhs,2007,0
bhs,2008,0
bhs,2009,0
bhs,2010,0.00789
bhs,2011,0.00779
bhs,2012,0.01018
bhs,2013,0.00409
bhs,2014,0.00351
bhs,2015,0.00214
bhs,2016,0.00344
bhs,2017,0.0021
bhs,2018,0.00389
bhs,2019,0.00308
bih,1990,0
bih,1991,0
bih,1992,0
bih,1993,0
bih,1994,0
bih,1995,0
bih,1996,0
bih,1997,1.07064
bih,1998,1.07114
bih,1999,1.75364
bih,2000,1.01707
bih,2001,0.87192
bih,2002,0.74539
bih,2003,0.59851
bih,2004,0.59017
bih,2005,0.28067
bih,2006,0.27402
bih,2007,0.19579
bih,2008,0.1933
bih,2009,0.1909
bih,2010,0.18934
bih,2011,0.18937
bih,2012,0.19149
bih,2013,0.19551
bih,2014,0.19787
bih,2015,0.19823
bih,2016,0.15566
bih,2017,0.15542
bih,2018,0.15731
bih,2019,0.15898
blr,1990,0
blr,1991,0
blr,1992,0
blr,1993,0
blr,1994,0.01802
blr,1995,0.28765
blr,1996,0.30389
blr,1997,0.0005
blr,1998,0.00075
blr,1999,0.00262
blr,2000,0.00464
blr,2001,0.00595
blr,2002,0.00634
blr,2003,0.00659
blr,2004,0.00754
blr,2005,0.00758
blr,2006,0.00725
blr,2007,0.00685
blr,2008,0.00644
blr,2009,0.00615
blr,2010,0.00625
blr,2011,0.00632
blr,2012,0.00612
blr,2013,0.00641
blr,2014,0.00981
blr,2015,0.01916
blr,2016,0.01747
blr,2017,0.0227
blr,2018,0.02363
blr,2019,0.02892
blz,1990,16.34569
blz,1991,15.67941
blz,1992,10.47272
blz,1993,4.50955
blz,1994,4.39163
blz,1995,4.22783
blz,1996,3.9942
blz,1997,3.78517
blz,1998,1.51272
blz,1999,1.20973
blz,2000,0.50544
blz,2001,0.44263
blz,2002,0.39979
blz,2003,0.31957
blz,2004,0.26472
blz,2005,0.21987
blz,2006,0.1675
blz,2007,0.11972
blz,2008,0.09028
blz,2009,0.0731
blz,2010,0.04155
blz,2011,0.02362
blz,2012,0.00828
blz,2013,0.00607
blz,2014,0.00283
blz,2015,0.0097
blz,2016,0
blz,2017,0
blz,2018,0.00731
blz,2019,0.00717
bol,1990,0.00291
bol,1991,0.00486
bol,1992,0.00686
bol,1993,0.00915
bol,1994,0.00983
bol,1995,0.00893
bol,1996,0.00897
bol,1997,0.0042
bol,1998,0.00431
bol,1999,0.00424
bol,2000,0.00417
bol,2001,0.00404
bol,2002,0.004
bol,2003,0.00592
bol,2004,0.00578
bol,2005,0.00579
bol,2006,0.00603
bol,2007,0.00661
bol,2008,0.00683
bol,2009,0.00687
bol,2010,0.00692
bol,2011,0.00701
bol,2012,0.00706
bol,2013,0.0071
bol,2014,0.00713
bol,2015,0.00713
bol,2016,0.00712
bol,2017,0.0068
bol,2018,0.00713
bol,2019,0.00763
bra,1990,0.00358
bra,1991,0.00355
bra,1992,0.00353
bra,1993,0.00395
bra,1994,0.00139
bra,1995,0.00127
bra,1996,0.00134
bra,1997,0.00135
bra,1998,0.00138
bra,1999,0.00138
bra,2000,0.00156
bra,2001,0.00163
bra,2002,0.00177
bra,2003,0.00176
bra,2004,0.00182
bra,2005,0.00186
bra,2006,0.00186
bra,2007,0.01093
bra,2008,0.00201
bra,2009,0.00218
bra,2010,0.00223
bra,2011,0.00227
bra,2012,0.00235
bra,2013,0.00258
bra,2014,0.00369
bra,2015,0.00426
bra,2016,0.0047
bra,2017,0.00492
bra,2018,0.00541
bra,2019,0.01557
brb,1990,0
brb,1991,0
brb,1992,0
brb,1993,0
brb,1994,0
brb,1995,0
brb,1996,0
brb,1997,0
brb,1998,0
brb,1999,0
brb,2000,0
brb,2001,0
brb,2002,0
brb,2003,0
brb,2004,0
brb,2005,0
brb,2006,0
brb,2007,0
brb,2008,0
brb,2009,0
brb,2010,0
brb,2011,0
brb,2012,0
brb,2013,0.00035
brb,2014,0.00035
brb,2015,0
brb,2016,0
brb,2017,0
brb,2018,0.00035
brb,2019,0
brn,1990,0
brn,1991,0
brn,1992,0
brn,1993,0
brn,1994,0
brn,1995,0
brn,1996,0
brn,1997,0
brn,1998,0
brn,1999,0
brn,2000,0
brn,2001,0
brn,2002,0
brn,2003,0
brn,2004,0
brn,2005,0
brn,2006,0
brn,2007,0
brn,2008,0
brn,2009,0
brn,2010,0
brn,2011,0
brn,2012,0
brn,2013,0
brn,2014,0
brn,2015,0
brn,2016,0
brn,2017,0
brn,2018,0
brn,2019,0
btn,1990,0
btn,1991,0
btn,1992,0
btn,1993,0
btn,1994,0
btn,1995,0
btn,1996,0
btn,1997,0
btn,1998,0
btn,1999,0
btn,2000,0
btn,2001,0
btn,2002,0
btn,2003,0
btn,2004,0
btn,2005,0
btn,2006,0
btn,2007,0
btn,2008,0
btn,2009,0
btn,2010,0
btn,2011,0
btn,2012,0
btn,2013,0
btn,2014,0
btn,2015,0
btn,2016,0
btn,2017,0
btn,2018,0
btn,2019,0
bwa,1990,0.09163
bwa,1991,0.07947
bwa,1992,0.03645
bwa,1993,0.03674
bwa,1994,0.03508
bwa,1995,0.01811
bwa,1996,0.01422
bwa,1997,0.01824
bwa,1998,0.13561
bwa,1999,0.08048
bwa,2000,0.21609
bwa,2001,0.21383
bwa,2002,0.16455
bwa,2003,0.16363
bwa,2004,0.1608
bwa,2005,0.17281
bwa,2006,0.17212
bwa,2007,0.13143
bwa,2008,0.1576
bwa,2009,0.1547
bwa,2010,0.15027
bwa,2011,0.16433
bwa,2012,0.13655
bwa,2013,0.13445
bwa,2014,0.12664
bwa,2015,0.10044
bwa,2016,0.0969
bwa,2017,0.09551
bwa,2018,0.09081
bwa,2019,0.0484
caf,1990,0.15263
caf,1991,0.42463
caf,1992,0.64341
caf,1993,1.44868
caf,1994,1.52443
caf,1995,1.05056
caf,1996,1.10524
caf,1997,1.13485
caf,1998,1.23761
caf,1999,1.386
caf,2000,1.52897
caf,2001,1.32291
caf,2002,1.33412
caf,2003,1.15308
caf,2004,0.63184
caf,2005,0.60839
caf,2006,0.30007
caf,2007,0.17949
caf,2008,0.17384
caf,2009,0.62354
caf,2010,0.4918
caf,2011,0.37862
caf,2012,0.31589
caf,2013,0.32199
caf,2014,0.17235
caf,2015,0.16314
caf,2016,0.26699
caf,2017,0.21808
caf,2018,0.14262
caf,2019,0.15121
can,1990,0.56192
can,1991,0.61285
can,1992,0.65094
can,1993,0.64187
can,1994,0.64643
can,1995,0.52162
can,1996,0.46994
can,1997,0.42089
can,1998,0.39761
can,1999,0.40695
can,2000,0.41516
can,2001,0.41847
can,2002,0.4168
can,2003,0.42268
can,2004,0.44443
can,2005,0.45756
can,2006,0.46663
can,2007,0.53367
can,2008,0.52089
can,2009,0.50208
can,2010,0.4848
can,2011,0.47738
can,2012,0.46892
can,2013,0.45429
can,2014,0.41824
can,2015,0.37719
can,2016,0.26752
can,2017,0.28517
can,2018,0.30778
can,2019,0.27201
che,1990,0.61542
che,1991,0.67902
che,1992,0.76447
che,1993,0.8238
che,1994,1.08519
che,1995,1.18566
che,1996,1.19938
che,1997,1.1771
che,1998,1.1549
che,1999,1.15668
che,2000,0.80704
che,2001,0.81477
che,2002,0.74945
che,2003,0.68989
che,2004,0.65101
che,2005,0.65021
che,2006,0.65062
che,2007,0.60572
che,2008,0.60518
che,2009,0.59896
che,2010,0.62511
che,2011,0.63761
che,2012,0.6337
che,2013,0.64699
che,2014,0.7631
che,2015,0.88391
che,2016,0.98666
che,2017,1.09978
che,2018,1.22029
che,2019,1.28231
chl,1990,0.00044
chl,1991,0.00053
chl,1992,0.00103
chl,1993,0.00171
chl,1994,0.00153
chl,1995,0.00197
chl,1996,0.00215
chl,1997,0.00187
chl,1998,0.00204
chl,1999,0.00213
chl,2000,0.00237
chl,2001,0.00251
chl,2002,0.00263
chl,2003,0.00294
chl,2004,0.00355
chl,2005,0.00498
chl,2006,0.00693
chl,2007,0.00832
chl,2008,0.00965
chl,2009,0.00911
chl,2010,0.0095
chl,2011,0.00971
chl,2012,0.00974
chl,2013,0.00992
chl,2014,0.00998
chl,2015,0.01029
chl,2016,0.00954
chl,2017,0.00997
chl,2018,0.01085
chl,2019,0.01083
chn,1990,0.02441
chn,1991,0.02423
chn,1992,0.02388
chn,1993,0.02358
chn,1994,0.02334
chn,1995,0.02323
chn,1996,0.02318
chn,1997,0.0231
chn,1998,0.02298
chn,1999,0.02289
chn,2000,0.02279
chn,2001,0.02273
chn,2002,0.02274
chn,2003,0.02276
chn,2004,0.02263
chn,2005,0.02262
chn,2006,0.02249
chn,2007,0.02237
chn,2008,0.02224
chn,2009,0.02211
chn,2010,0.02199
chn,2011,0.02187
chn,2012,0.02175
chn,2013,0.02163
chn,2014,0.02151
chn,2015,0.0214
chn,2016,0.02244
chn,2017,0.02264
chn,2018,0.02254
chn,2019,0.02116
civ,1990,2.2833
civ,1991,1.86283
civ,1992,1.35865
civ,1993,1.89568
civ,1994,2.62177
civ,1995,2.09798
civ,1996,2.23453
civ,1997,1.37801
civ,1998,0.96977
civ,1999,0.86342
civ,2000,0.73348
civ,2001,0.74906
civ,2002,0.25969
civ,2003,0.43166
civ,2004,0.40115
civ,2005,0.22679
civ,2006,0.1455
civ,2007,0.12856
civ,2008,0.12655
civ,2009,0.12266
civ,2010,0.12769
civ,2011,0.11518
civ,2012,0.01847
civ,2013,0.01349
civ,2014,0.0085
civ,2015,0.00852
civ,2016,0.00587
civ,2017,0.00632
civ,2018,0.00722
civ,2019,0.00786
cmr,1990,0.42339
cmr,1991,0.37269
cmr,1992,0.33788
cmr,1993,0.34214
cmr,1994,0.33282
cmr,1995,0.33663
cmr,1996,0.33217
cmr,1997,0.32805
cmr,1998,0.32482
cmr,1999,0.32573
cmr,2000,0.28155
cmr,2001,0.25856
cmr,2002,0.35634
cmr,2003,0.34869
cmr,2004,0.34104
cmr,2005,0.29347
cmr,2006,0.19251
cmr,2007,0.32107
cmr,2008,0.42091
cmr,2009,0.50509
cmr,2010,0.51263
cmr,2011,0.48011
cmr,2012,0.46064
cmr,2013,0.51978
cmr,2014,1.16448
cmr,2015,1.47209
cmr,2016,1.56903
cmr,2017,1.3733
cmr,2018,1.50827
cmr,2019,1.57
cod,1990,1.20315
cod,1991,1.34498
cod,1992,1.04765
cod,1993,1.47381
cod,1994,4.28382
cod,1995,3.44851
cod,1996,1.58096
cod,1997,0.67889
cod,1998,0.53559
cod,1999,0.62124
cod,2000,0.70588
cod,2001,0.74752
cod,2002,0.66767
cod,2003,0.45509
cod,2004,0.37559
cod,2005,0.37298
cod,2006,0.36829
cod,2007,0.30347
cod,2008,0.25684
cod,2009,0.29754
cod,2010,0.25763
cod,2011,0.22882
cod,2012,0.09433
cod,2013,0.15886
cod,2014,0.16234
cod,2015,0.50246
cod,2016,0.57363
cod,2017,0.65981
cod,2018,0.62932
cod,2019,0.60345
cog,1990,0.12687
cog,1991,0.14016
cog,1992,0.13595
cog,1993,0.53307
cog,1994,0.58966
cog,1995,0.71667
cog,1996,0.73411
cog,1997,0.72183
cog,1998,0.92064
cog,1999,1.31219
cog,2000,3.93903
cog,2001,3.7026
cog,2002,3.29875
cog,2003,2.68166
cog,2004,1.95233
cog,2005,1.82388
cog,2006,1.48961
cog,2007,0.99254
cog,2008,0.6177
cog,2009,2.68758
cog,2010,3.11465
cog,2011,3.21359
cog,2012,2.18294
cog,2013,1.10404
cog,2014,1.15775
cog,2015,0.92574
cog,2016,0.93268
cog,2017,0.94887
cog,2018,0.71494
cog,2019,0.47709
col,1990,0.00139
col,1991,0.00133
col,1992,0.00139
col,1993,0.00085
col,1994,0.00088
col,1995,0.0006
col,1996,0.00059
col,1997,0.00059
col,1998,0.00059
col,1999,0.00059
col,2000,0.0006
col,2001,0.00052
col,2002,0.0005
col,2003,0.00045
col,2004,0.00034
col,2005,0.00036
col,2006,0.00033
col,2007,0.00038
col,2008,0.00038
col,2009,0.00044
col,2010,0.00047
col,2011,0.00048
col,2012,0.00048
col,2013,0.00048
col,2014,0.00045
col,2015,0.00048
col,2016,0.00054
col,2017,0.00049
col,2018,0.00062
col,2019,0.00128
com,1990,0
com,1991,0
com,1992,0
com,1993,0
com,1994,0
com,1995,0
com,1996,0
com,1997,0
com,1998,0
com,1999,0.0017
com,2000,0.00203
com,2001,0.00234
com,2002,0
com,2003,0
com,2004,0
com,2005,0.00016
com,2006,0.00016
com,2007,0
com,2008,0
com,2009,0
com,2010,0
com,2011,0
com,2012,0
com,2013,0
com,2014,0
com,2015,0
com,2016,0
com,2017,0
com,2018,0
com,2019,0
cpv,1990,0
cpv,1991,0.00087
cpv,1992,0.00056
cpv,1993,0
cpv,1994,0
cpv,1995,0
cpv,1996,0
cpv,1997,0
cpv,1998,0
cpv,1999,0
cpv,2000,0
cpv,2001,0
cpv,2002,0
cpv,2003,0
cpv,2004,0
cpv,2005,0
cpv,2006,0
cpv,2007,0
cpv,2008,0
cpv,2009,0
cpv,2010,0
cpv,2011,0
cpv,2012,0
cpv,2013,0
cpv,2014,0
cpv,2015,0
cpv,2016,0
cpv,2017,0
cpv,2018,0
cpv,2019,0
cri,1990,8.85449
cri,1991,3.66924
cri,1992,3.48064
cri,1993,0.73641
cri,1994,0.71209
cri,1995,0.68328
cri,1996,0.63804
cri,1997,0.62152
cri,1998,0.60428
cri,1999,0.58946
cri,2000,0.13929
cri,2001,0.20089
cri,2002,0.30318
cri,2003,0.3244
cri,2004,0.24645
cri,2005,0.26258
cri,2006,0.26499
cri,2007,0.39027
cri,2008,0.40635
cri,2009,0.42285
cri,2010,0.42612
cri,2011,0.43291
cri,2012,0.4362
cri,2013,0.43375
cri,2014,0.43258
cri,2015,0.07459
cri,2016,0.08532
cri,2017,0.09018
cri,2018,0.09095
cri,2019,0.12317
cub,1990,0.03763
cub,1991,0
cub,1992,0.04743
cub,1993,0.03342
cub,1994,0.01847
cub,1995,0.0168
cub,1996,0.01549
cub,1997,0.01165
cub,1998,0.00967
cub,1999,0.00872
cub,2000,0.00857
cub,2001,0.00928
cub,2002,0.00897
cub,2003,0.00744
cub,2004,0.00707
cub,2005,0.00627
cub,2006,0.00592
cub,2007,0.00547
cub,2008,0.00467
cub,2009,0.00404
cub,2010,0.00366
cub,2011,0.00342
cub,2012,0.0033
cub,2013,0.0034
cub,2014,0.00248
cub,2015,0.00268
cub,2016,0.00279
cub,2017,0.00298
cub,2018,0.00253
cub,2019,0.00209
cyp,1990,0.0043
cyp,1991,0.00766
cyp,1992,0.00999
cyp,1993,0.01002
cyp,1994,0.00788
cyp,1995,0.00643
cyp,1996,0.00561
cyp,1997,0.00483
cyp,1998,0.00924
cyp,1999,0.01263
cyp,2000,0.00806
cyp,2001,0.00864
cyp,2002,0.01771
cyp,2003,0.03513
cyp,2004,0.05255
cyp,2005,0.06821
cyp,2006,0.08838
cyp,2007,0.11225
cyp,2008,0.13545
cyp,2009,0.263
cyp,2010,0.30505
cyp,2011,0.31142
cyp,2012,0.3199
cyp,2013,0.33946
cyp,2014,0.44485
cyp,2015,0.60871
cyp,2016,0.72501
cyp,2017,0.82607
cyp,2018,0.92612
cyp,2019,1.02831
cze,1990,0
cze,1991,0.00668
cze,1992,0.09079
cze,1993,0.00181
cze,1994,0.01145
cze,1995,0.02563
cze,1996,0.02189
cze,1997,0.01674
cze,1998,0.01748
cze,1999,0.01195
cze,2000,0.01153
cze,2001,0.01184
cze,2002,0.01265
cze,2003,0.01481
cze,2004,0.01117
cze,2005,0.01757
cze,2006,0.01832
cze,2007,0.01967
cze,2008,0.02024
cze,2009,0.02215
cze,2010,0.02324
cze,2011,0.02318
cze,2012,0.02651
cze,2013,0.02814
cze,2014,0.02962
cze,2015,0.03437
cze,2016,0.03432
cze,2017,0.03364
cze,2018,0.0205
cze,2019,0.01925
deu,1990,1.03221
deu,1991,1.03345
deu,1992,1.54571
deu,1993,1.76306
deu,1994,1.6758
deu,1995,1.56263
deu,1996,1.55674
deu,1997,1.28871
deu,1998,1.16606
deu,1999,1.19855
deu,2000,1.11301
deu,2001,1.1086
deu,2002,1.20194
deu,2003,1.17675
deu,2004,1.07368
deu,2005,0.85783
deu,2006,0.74308
deu,2007,0.71222
deu,2008,0.71884
deu,2009,0.73399
deu,2010,0.73524
deu,2011,0.70704
deu,2012,0.72832
deu,2013,0.23107
deu,2014,0.26639
deu,2015,0.38651
deu,2016,0.81452
deu,2017,1.17387
deu,2018,1.27981
deu,2019,1.373
dji,1990,13.1448
dji,1991,15.84331
dji,1992,4.55248
dji,1993,5.50764
dji,1994,5.3676
dji,1995,4.33227
dji,1996,3.89591
dji,1997,3.5696
dji,1998,3.46557
dji,1999,3.32456
dji,2000,3.23909
dji,2001,3.16172
dji,2002,2.90543
dji,2003,3.5588
dji,2004,2.33735
dji,2005,1.33495
dji,2006,1.16531
dji,2007,0.82574
dji,2008,1.13038
dji,2009,1.463
dji,2010,1.79768
dji,2011,2.38265
dji,2012,2.20461
dji,2013,2.26594
dji,2014,2.28439
dji,2015,2.11871
dji,2016,1.9032
dji,2017,1.8587
dji,2018,1.90787
dji,2019,2.01745
dma,1990,0
dma,1991,0
dma,1992,0
dma,1993,0
dma,1994,0
dma,1995,0
dma,1996,0
dma,1997,0
dma,1998,0
dma,1999,0
dma,2000,0
dma,2001,0
dma,2002,0
dma,2003,0
dma,2004,0
dma,2005,0
dma,2006,0
dma,2007,0
dma,2008,0
dma,2009,0
dma,2010,0
dma,2011,0
dma,2012,0
dma,2013,0
dma,2014,0
dma,2015,0
dma,2016,0
dma,2017,0
dma,2018,0
dma,2019,0
dnk,1990,0.64006
dnk,1991,0.7005
dnk,1992,0.75639
dnk,1993,0.85853
dnk,1994,0.95097
dnk,1995,1.23921
dnk,1996,1.26308
dnk,1997,1.29075
dnk,1998,1.30208
dnk,1999,1.29667
dnk,2000,1.32995
dnk,2001,1.36773
dnk,2002,1.36981
dnk,2003,1.2968
dnk,2004,1.20883
dnk,2005,0.81845
dnk,2006,0.67335
dnk,2007,0.48973
dnk,2008,0.42565
dnk,2009,0.36832
dnk,2010,0.32264
dnk,2011,0.24
dnk,2012,0.21055
dnk,2013,0.23359
dnk,2014,0.31399
dnk,2015,0.48036
dnk,2016,0.58667
dnk,2017,0.62092
dnk,2018,0.63682
dnk,2019,0.6504
dom,1990,0.02756
dom,1991,0.02161
dom,1992,0.00688
dom,1993,0.01764
dom,1994,0.01629
dom,1995,0.0126
dom,1996,0.00805
dom,1997,0.00789
dom,1998,0.00747
dom,1999,0.00749
dom,2000,0.00602
dom,2001,0
dom,2002,0
dom,2003,0
dom,2004,0
dom,2005,0
dom,2006,0
dom,2007,0
dom,2008,0
dom,2009,0
dom,2010,0.00618
dom,2011,0.00606
dom,2012,0.00763
dom,2013,0.00718
dom,2014,0.00598
dom,2015,0.00598
dom,2016,0.00569
dom,2017,0.00551
dom,2018,0.0016
dom,2019,0.00159
dza,1990,0.65651
dza,1991,0.64061
dza,1992,0.81142
dza,1993,0.7927
dza,1994,0.77648
dza,1995,0.66935
dza,1996,0.65012
dza,1997,0.57407
dza,1998,0.54724
dza,1999,0.53962
dza,2000,0.54653
dza,2001,0.53868
dza,2002,0.53126
dza,2003,0.5239
dza,2004,0.51709
dza,2005,0.28387
dza,2006,0.27996
dza,2007,0.27552
dza,2008,0.27092
dza,2009,0.26642
dza,2010,0.26168
dza,2011,0.2568
dza,2012,0.2518
dza,2013,0.24685
dza,2014,0.24183
dza,2015,0.23707
dza,2016,0.23238
dza,2017,0.2277
dza,2018,0.22343
dza,2019,0.22903
ecu,1990,0.00498
ecu,1991,0.00267
ecu,1992,0.0019
ecu,1993,0.00217
ecu,1994,0.00218
ecu,1995,0.00176
ecu,1996,0.0018
ecu,1997,0.0019
ecu,1998,0.00203
ecu,1999,0.00252
ecu,2000,0.01263
ecu,2001,0.01328
ecu,2002,0.02465
ecu,2003,0.04773
ecu,2004,0.06215
ecu,2005,0.07278
ecu,2006,0.08385
ecu,2007,1.85294
ecu,2008,0.69758
ecu,2009,0.78891
ecu,2010,0.80773
ecu,2011,0.80974
ecu,2012,0.8002
ecu,2013,0.7844
ecu,2014,0.76581
ecu,2015,0.74966
ecu,2016,0.62366
ecu,2017,0.55
ecu,2018,0.59449
ecu,2019,0.60191
egy,1990,0.00355
egy,1991,0.00391
egy,1992,0.00939
egy,1993,0.01121
egy,1994,0.01182
egy,1995,0.00867
egy,1996,0.00949
egy,1997,0.01001
egy,1998,0.00948
egy,1999,0.00971
egy,2000,0.00994
egy,2001,0.01031
egy,2002,0.1126
egy,2003,0.12186
egy,2004,0.1218
egy,2005,0.11777
egy,2006,0.1145
egy,2007,0.1247
egy,2008,0.12289
egy,2009,0.11636
egy,2010,0.11486
egy,2011,0.11249
egy,2012,0.1272
egy,2013,0.26026
egy,2014,0.26109
egy,2015,0.22987
egy,2016,0.22608
egy,2017,0.2412
egy,2018,0.2507
egy,2019,0.2574
eri,1990,0
eri,1991,0
eri,1992,0
eri,1993,0.00013
eri,1994,0.03182
eri,1995,0.04913
eri,1996,0.09588
eri,1997,0.11871
eri,1998,0.11335
eri,1999,0.13283
eri,2000,0.08655
eri,2001,0.09567
eri,2002,0.14587
eri,2003,0.14952
eri,2004,0.15589
eri,2005,0.1563
eri,2006,0.15835
eri,2007,0.16826
eri,2008,0.15874
eri,2009,0.15228
eri,2010,0.15168
eri,2011,0.14683
eri,2012,0.11077
eri,2013,0.09648
eri,2014,0.08751
eri,2015,0.07625
eri,2016,0.06936
eri,2017,0.07009
eri,2018,0.06522
eri,2019,0.00569
esp,1990,0.02118
esp,1991,0.01019
esp,1992,0.01024
esp,1993,0.01264
esp,1994,0.01352
esp,1995,0.01471
esp,1996,0.01425
esp,1997,0.01382
esp,1998,0.01477
esp,1999,0.0166
esp,2000,0.01711
esp,2001,0.01647
esp,2002,0.01617
esp,2003,0.01385
esp,2004,0.01313
esp,2005,0.01221
esp,2006,0.01179
esp,2007,0.01133
esp,2008,0.01012
esp,2009,0.00852
esp,2010,0.00814
esp,2011,0.00898
esp,2012,0.00958
esp,2013,0.00988
esp,2014,0.01239
esp,2015,0.01383
esp,2016,0.02785
esp,2017,0.03757
esp,2018,0.04381
esp,2019,0.12359
est,1990,0
est,1991,0
est,1992,0
est,1993,0
est,1994,0
est,1995,0
est,1996,0
est,1997,0
est,1998,0
est,1999,0
est,2000,0.00029
est,2001,0.00079
est,2002,0.00072
est,2003,0.00087
est,2004,0.00081
est,2005,0.00052
est,2006,0.00037
est,2007,0.00134
est,2008,0.00164
est,2009,0.0018
est,2010,0.00293
est,2011,0.00377
est,2012,0.00476
est,2013,0.00531
est,2014,0.00684
est,2015,0.01277
est,2016,0.02446
est,2017,0.0288
est,2018,0.02457
est,2019,0.0252
eth,1990,1.61578
eth,1991,1.06757
eth,1992,0.83974
eth,1993,0.51155
eth,1994,0.63079
eth,1995,0.68973
eth,1996,0.66322
eth,1997,0.53226
eth,1998,0.4194
eth,1999,0.40049
eth,2000,0.29892
eth,2001,0.22382
eth,2002,0.18953
eth,2003,0.18051
eth,2004,0.15622
eth,2005,0.13205
eth,2006,0.12356
eth,2007,0.10559
eth,2008,0.1008
eth,2009,0.143
eth,2010,0.17606
eth,2011,0.32044
eth,2012,0.40592
eth,2013,0.45493
eth,2014,0.67234
eth,2015,0.72999
eth,2016,0.7641
eth,2017,0.8359
eth,2018,0.82695
eth,2019,0.65412
fin,1990,0.047
fin,1991,0.09087
fin,1992,0.11794
fin,1993,0.16781
fin,1994,0.1866
fin,1995,0.19908
fin,1996,0.22157
fin,1997,0.23326
fin,1998,0.23798
fin,1999,0.24863
fin,2000,0.2559
fin,2001,0.24475
fin,2002,0.23958
fin,2003,0.20744
fin,2004,0.21604
fin,2005,0.22455
fin,2006,0.2241
fin,2007,0.11711
fin,2008,0.12439
fin,2009,0.1394
fin,2010,0.16259
fin,2011,0.17022
fin,2012,0.18318
fin,2013,0.20688
fin,2014,0.21602
fin,2015,0.23176
fin,2016,0.3347
fin,2017,0.37582
fin,2018,0.40371
fin,2019,0.4243
fji,1990,0
fji,1991,0
fji,1992,0
fji,1993,0
fji,1994,0
fji,1995,0.00116
fji,1996,0.00115
fji,1997,0
fji,1998,0
fji,1999,0
fji,2000,0
fji,2001,0
fji,2002,0
fji,2003,0
fji,2004,0
fji,2005,0
fji,2006,0
fji,2007,0
fji,2008,0
fji,2009,0.00023
fji,2010,0.00012
fji,2011,0.00081
fji,2012,0.00069
fji,2013,0.00058
fji,2014,0.0015
fji,2015,0.00138
fji,2016,0.00138
fji,2017,0.0008
fji,2018,0.00045
fji,2019,0.00146
fra,1990,0.34059
fra,1991,0.30706
fra,1992,0.27388
fra,1993,0.28982
fra,1994,0.33912
fra,1995,0.26858
fra,1996,0.26086
fra,1997,0.25173
fra,1998,0.23991
fra,1999,0.22097
fra,2000,0.22453
fra,2001,0.22161
fra,2002,0.22103
fra,2003,0.21715
fra,2004,0.23041
fra,2005,0.22467
fra,2006,0.23736
fra,2007,0.24534
fra,2008,0.27521
fra,2009,0.31397
fra,2010,0.31916
fra,2011,0.33249
fra,2012,0.34275
fra,2013,0.36387
fra,2014,0.39297
fra,2015,0.42376
fra,2016,0.47094
fra,2017,0.51994
fra,2018,0.56678
fra,2019,0.62632
fsm,1990,0
fsm,1991,0
fsm,1992,0
fsm,1993,0
fsm,1994,0
fsm,1995,0
fsm,1996,0
fsm,1997,0
fsm,1998,0
fsm,1999,0
fsm,2000,0
fsm,2001,0
fsm,2002,0
fsm,2003,0
fsm,2004,0
fsm,2005,0
fsm,2006,0.0019
fsm,2007,0.00191
fsm,2008,0.00097
fsm,2009,0.00097
fsm,2010,0
fsm,2011,0
fsm,2012,0
fsm,2013,0
fsm,2014,0
fsm,2015,0.00276
fsm,2016,0.00363
fsm,2017,0
fsm,2018,0
fsm,2019,0
gab,1990,0.04392
gab,1991,0.02255
gab,1992,0.02713
gab,1993,0
gab,1994,0.05647
gab,1995,0.07291
gab,1996,0.0717
gab,1997,0.07553
gab,1998,0.09606
gab,1999,1.25682
gab,2000,1.4639
gab,2001,1.23855
gab,2002,1.04579
gab,2003,1.06103
gab,2004,1.0184
gab,2005,0.61451
gab,2006,0.58938
gab,2007,0.59936
gab,2008,0.59274
gab,2009,0.56376
gab,2010,0.55506
gab,2011,0.10525
gab,2012,0.09505
gab,2013,0.08772
gab,2014,0.05377
gab,2015,0.04842
gab,2016,0.04637
gab,2017,0.03996
gab,2018,0.03242
gab,2019,0.02113
gbr,1990,0.07637
gbr,1991,0.0757
gbr,1992,0.11267
gbr,1993,0.13928
gbr,1994,0.14743
gbr,1995,0.15692
gbr,1996,0.16963
gbr,1997,0.18511
gbr,1998,0.20803
gbr,1999,0.25363
gbr,2000,0.31609
gbr,2001,0.39474
gbr,2002,0.43941
gbr,2003,0.46426
gbr,2004,0.49913
gbr,2005,0.50289
gbr,2006,0.49581
gbr,2007,0.4877
gbr,2008,0.47002
gbr,2009,0.42873
gbr,2010,0.37528
gbr,2011,0.30226
gbr,2012,0.23216
gbr,2013,0.19398
gbr,2014,0.17919
gbr,2015,0.18686
gbr,2016,0.17949
gbr,2017,0.18248
gbr,2018,0.18874
gbr,2019,0.19709
geo,1990,0
geo,1991,0
geo,1992,0
geo,1993,0
geo,1994,0
geo,1995,0.00201
geo,1996,0.00196
geo,1997,0.00344
geo,1998,0.00044
geo,1999,0.11623
geo,2000,0.17468
geo,2001,0.18387
geo,2002,0.09844
geo,2003,0.09116
geo,2004,0.06056
geo,2005,0.05931
geo,2006,0.03277
geo,2007,0.02513
geo,2008,0.02404
geo,2009,0.02112
geo,2010,0.01559
geo,2011,0.01132
geo,2012,0.01154
geo,2013,0.02092
geo,2014,0.02124
geo,2015,0.04918
geo,2016,0.05292
geo,2017,0.05161
geo,2018,0.04974
geo,2019,0.03403
gha,1990,0.05498
gha,1991,0.05345
gha,1992,0.07739
gha,1993,0.93191
gha,1994,0.68632
gha,1995,0.48901
gha,1996,0.20396
gha,1997,0.12763
gha,1998,0.0793
gha,1999,0.07049
gha,2000,0.06598
gha,2001,0.05969
gha,2002,0.16554
gha,2003,0.21179
gha,2004,0.19769
gha,2005,0.24542
gha,2006,0.2008
gha,2007,0.15223
gha,2008,0.07726
gha,2009,0.05651
gha,2010,0.0558
gha,2011,0.05352
gha,2012,0.06161
gha,2013,0.07021
gha,2014,0.06777
gha,2015,0.0625
gha,2016,0.04166
gha,2017,0.04171
gha,2018,0.03997
gha,2019,0.03928
gin,1990,5.11627
gin,1991,8.38509
gin,1992,7.12461
gin,1993,8.36804
gin,1994,7.81295
gin,1995,9.24803
gin,1996,8.89434
gin,1997,5.68123
gin,1998,6.13765
gin,1999,6.22669
gin,2000,5.18408
gin,2001,2.12002
gin,2002,2.12161
gin,2003,2.10601
gin,2004,1.56012
gin,2005,0.69734
gin,2006,0.3381
gin,2007,0.26503
gin,2008,0.22064
gin,2009,0.1538
gin,2010,0.13847
gin,2011,0.15939
gin,2012,0.09736
gin,2013,0.07858
gin,2014,0.07861
gin,2015,0.07732
gin,2016,0.04317
gin,2017,0.04268
gin,2018,0.03459
gin,2019,0.03888
gmb,1990,0.00816
gmb,1991,0.02428
gmb,1992,0.35349
gmb,1993,0.20644
gmb,1994,0.2016
gmb,1995,0.58472
gmb,1996,0.5948
gmb,1997,0.60632
gmb,1998,0.83352
gmb,1999,1.34827
gmb,2000,0.91189
gmb,2001,0.59798
gmb,2002,0.86309
gmb,2003,0.51485
gmb,2004,0.49067
gmb,2005,0.47482
gmb,2006,0.86469
gmb,2007,0.90832
gmb,2008,0.87824
gmb,2009,0.5814
gmb,2010,0.46721
gmb,2011,0.51554
gmb,2012,0.51721
gmb,2013,0.48699
gmb,2014,0.57351
gmb,2015,0.37654
gmb,2016,0.36945
gmb,2017,0.36289
gmb,2018,0.17692
gmb,2019,0.1835
gnb,1990,0.30802
gnb,1991,0.46425
gnb,1992,1.19204
gnb,1993,1.98721
gnb,1994,2.24214
gnb,1995,1.40974
gnb,1996,1.38643
gnb,1997,1.41121
gnb,1998,0.57209
gnb,1999,0.60486
gnb,2000,0.63156
gnb,2001,0.5975
gnb,2002,0.60895
gnb,2003,0.58841
gnb,2004,0.57374
gnb,2005,0.56627
gnb,2006,0.5665
gnb,2007,0.55684
gnb,2008,0.54488
gnb,2009,0.53224
gnb,2010,0.50433
gnb,2011,0.49904
gnb,2012,0.48499
gnb,2013,0.51782
gnb,2014,0.51311
gnb,2015,0.49988
gnb,2016,0.51968
gnb,2017,0.61248
gnb,2018,0.25876
gnb,2019,0.09641
gnq,1990,0
gnq,1991,0
gnq,1992,0
gnq,1993,0
gnq,1994,0
gnq,1995,0
gnq,1996,0
gnq,1997,0
gnq,1998,0
gnq,1999,0
gnq,2000,0
gnq,2001,0
gnq,2002,0
gnq,2003,0
gnq,2004,0
gnq,2005,0
gnq,2006,0
gnq,2007,0
gnq,2008,0
gnq,2009,0
gnq,2010,0
gnq,2011,0
gnq,2012,0
gnq,2013,0
gnq,2014,0
gnq,2015,0
gnq,2016,0
gnq,2017,0
gnq,2018,0
gnq,2019,0
grc,1990,0.083
grc,1991,0.08714
grc,1992,0.08115
grc,1993,0.07474
grc,1994,0.07312
grc,1995,0.04121
grc,1996,0.05336
grc,1997,0.05061
grc,1998,0.05602
grc,1999,0.05697
grc,2000,0.06003
grc,2001,0.0624
grc,2002,0.02493
grc,2003,0.0247
grc,2004,0.02215
grc,2005,0.02129
grc,2006,0.02046
grc,2007,0.02004
grc,2008,0.0196
grc,2009,0.01547
grc,2010,0.01326
grc,2011,0.01453
grc,2012,0.01948
grc,2013,0.03245
grc,2014,0.09629
grc,2015,0.23301
grc,2016,0.43736
grc,2017,0.3685
grc,2018,0.5841
grc,2019,0.7683
grd,1990,0
grd,1991,0
grd,1992,0
grd,1993,0
grd,1994,0
grd,1995,0
grd,1996,0
grd,1997,0
grd,1998,0
grd,1999,0
grd,2000,0
grd,2001,0
grd,2002,0
grd,2003,0
grd,2004,0
grd,2005,0
grd,2006,0
grd,2007,0
grd,2008,0
grd,2009,0
grd,2010,0
grd,2011,0.00281
grd,2012,0
grd,2013,0
grd,2014,0
grd,2015,0.00091
grd,2016,0.00091
grd,2017,0
grd,2018,0.00179
grd,2019,0.00268
gtm,1990,2.41128
gtm,1991,2.354
gtm,1992,2.29621
gtm,1993,0.04718
gtm,1994,0.04593
gtm,1995,0.01437
gtm,1996,0.01469
gtm,1997,0.01385
gtm,1998,0.00732
gtm,1999,0.00643
gtm,2000,0.00618
gtm,2001,0.00611
gtm,2002,0.006
gtm,2003,0.00572
gtm,2004,0.00513
gtm,2005,0.00299
gtm,2006,0.00285
gtm,2007,0.00277
gtm,2008,0.00093
gtm,2009,0.00092
gtm,2010,0.00094
gtm,2011,0.00098
gtm,2012,0.00104
gtm,2013,0.00103
gtm,2014,0.00103
gtm,2015,0.00139
gtm,2016,0.00181
gtm,2017,0.00213
gtm,2018,0.00226
gtm,2019,0.00237
guy,1990,0
guy,1991,0
guy,1992,0
guy,1993,0
guy,1994,0
guy,1995,0
guy,1996,0
guy,1997,0.00013
guy,1998,0
guy,1999,0
guy,2000,0
guy,2001,0
guy,2002,0
guy,2003,0
guy,2004,0
guy,2005,0
guy,2006,0
guy,2007,0
guy,2008,0
guy,2009,0
guy,2010,0.00093
guy,2011,0.00093
guy,2012,0.00093
guy,2013,0.00145
guy,2014,0.00144
guy,2015,0.00143
guy,2016,0.00143
guy,2017,0.0009
guy,2018,0.00295
guy,2019,0.00217
hkg,1990,0.14248
hkg,1991,0.0761
hkg,1992,0.04442
hkg,1993,0.03117
hkg,1994,0.02834
hkg,1995,0.02434
hkg,1996,0.02179
hkg,1997,0.01951
hkg,1998,0.01619
hkg,1999,0.01493
hkg,2000,0.01488
hkg,2001,0.02086
hkg,2002,0.02232
hkg,2003,0.02828
hkg,2004,0.0277
hkg,2005,0.02857
hkg,2006,0.02852
hkg,2007,0.00142
hkg,2008,0.0015
hkg,2009,0.00124
hkg,2010,0.00221
hkg,2011,0.00217
hkg,2012,0.00166
hkg,2013,0.00178
hkg,2014,0.00238
hkg,2015,0.00185
hkg,2016,0.00152
hkg,2017,0.00109
hkg,2018,0.00191
hkg,2019,0.00175
hnd,1990,4.78477
hnd,1991,1.99979
hnd,1992,1.91333
hnd,1993,0.0012
hnd,1994,0.00187
hnd,1995,0.0011
hnd,1996,0.00107
hnd,1997,0.00015
hnd,1998,0.00014
hnd,1999,0.00014
hnd,2000,0.00018
hnd,2001,0.0003
hnd,2002,0.00042
hnd,2003,0.00032
hnd,2004,0.00032
hnd,2005,0.00029
hnd,2006,0.00029
hnd,2007,0.00028
hnd,2008,0.0003
hnd,2009,0.00023
hnd,2010,0.00017
hnd,2011,0.0002
hnd,2012,0.00019
hnd,2013,0.00018
hnd,2014,0.00029
hnd,2015,0.00033
hnd,2016,0.00017
hnd,2017,0.00018
hnd,2018,0.00028
hnd,2019,0.00078
hrv,1990,0
hrv,1991,0
hrv,1992,8.51493
hrv,1993,6.10958
hrv,1994,3.94178
hrv,1995,4.30273
hrv,1996,3.61528
hrv,1997,1.51935
hrv,1998,0.64621
hrv,1999,0.6367
hrv,2000,0.5067
hrv,2001,0.49625
hrv,2002,0.19091
hrv,2003,0.09996
hrv,2004,0.08356
hrv,2005,0.06686
hrv,2006,0.05589
hrv,2007,0.03764
hrv,2008,0.03669
hrv,2009,0.02852
hrv,2010,0.02163
hrv,2011,0.0191
hrv,2012,0.01685
hrv,2013,0.01599
hrv,2014,0.01706
hrv,2015,0.01233
hrv,2016,0.00722
hrv,2017,0.01071
hrv,2018,0.01893
hrv,2019,0.02218
hti,1990,0
hti,1991,0
hti,1992,0
hti,1993,0
hti,1994,0
hti,1995,0
hti,1996,0
hti,1997,0
hti,1998,0
hti,1999,0
hti,2000,0
hti,2001,0
hti,2002,0
hti,2003,0
hti,2004,0
hti,2005,0
hti,2006,0
hti,2007,0.00001
hti,2008,0.00003
hti,2009,0.00003
hti,2010,0
hti,2011,0
hti,2012,0
hti,2013,0
hti,2014,0.00003
hti,2015,0.00003
hti,2016,0.00005
hti,2017,0
hti,2018,0.00007
hti,2019,0.00002
hun,1990,0.43483
hun,1991,0.71251
hun,1992,0.3129
hun,1993,0.02918
hun,1994,0.02806
hun,1995,0.11009
hun,1996,0.07294
hun,1997,0.05714
hun,1998,0.03409
hun,1999,0.04869
hun,2000,0.04955
hun,2001,0.04621
hun,2002,0.05988
hun,2003,0.06925
hun,2004,0.07621
hun,2005,0.07977
hun,2006,0.0803
hun,2007,0.08111
hun,2008,0.07756
hun,2009,0.06069
hun,2010,0.05454
hun,2011,0.0516
hun,2012,0.0411
hun,2013,0.02481
hun,2014,0.02924
hun,2015,0.04493
hun,2016,0.04868
hun,2017,0.05798
hun,2018,0.06222
hun,2019,0.0596
idn,1990,0.00181
idn,1991,0.00171
idn,1992,0.00188
idn,1993,0.00126
idn,1994,0.00005
idn,1995,0.00001
idn,1996,0.00003
idn,1997,0.00002
idn,1998,0.00002
idn,1999,0.0779
idn,2000,0.05797
idn,2001,0.0343
idn,2002,0.01316
idn,2003,0.00011
idn,2004,0.00008
idn,2005,0.00004
idn,2006,0.00013
idn,2007,0.00014
idn,2008,0.00016
idn,2009,0.00033
idn,2010,0.00034
idn,2011,0.00041
idn,2012,0.00073
idn,2013,0.00127
idn,2014,0.00167
idn,2015,0.00231
idn,2016,0.00299
idn,2017,0.00369
idn,2018,0.00403
idn,2019,0.0038
ind,1990,0.02436
ind,1991,0.02363
ind,1992,0.02841
ind,1993,0.02834
ind,1994,0.02732
ind,1995,0.0236
ind,1996,0.02376
ind,1997,0.02229
ind,1998,0.0182
ind,1999,0.01734
ind,2000,0.01618
ind,2001,0.01577
ind,2002,0.01544
ind,2003,0.01482
ind,2004,0.0144
ind,2005,0.01214
ind,2006,0.01359
ind,2007,0.01365
ind,2008,0.01537
ind,2009,0.01522
ind,2010,0.01497
ind,2011,0.01481
ind,2012,0.01467
ind,2013,0.01471
ind,2014,0.01543
ind,2015,0.01537
ind,2016,0.01494
ind,2017,0.01473
ind,2018,0.01448
ind,2019,0.01428
irl,1990,0.01025
irl,1991,0.00853
irl,1992,0.01416
irl,1993,0.00336
irl,1994,0.01121
irl,1995,0.01114
irl,1996,0.00191
irl,1997,0.01178
irl,1998,0.01627
irl,1999,0.07598
irl,2000,0.06722
irl,2001,0.09364
irl,2002,0.13767
irl,2003,0.15002
irl,2004,0.16121
irl,2005,0.17176
irl,2006,0.18714
irl,2007,0.21581
irl,2008,0.22034
irl,2009,0.21295
irl,2010,0.19996
irl,2011,0.17965
irl,2012,0.1373
irl,2013,0.13002
irl,2014,0.1265
irl,2015,0.13165
irl,2016,0.12205
irl,2017,0.13304
irl,2018,0.12537
irl,2019,0.15975
irn,1990,7.40586
irn,1991,7.63708
irn,1992,7.06141
irn,1993,4.17763
irn,1994,3.69092
irn,1995,3.37223
irn,1996,3.25927
irn,1997,3.14012
irn,1998,3.01903
irn,1999,2.83281
irn,2000,2.84655
irn,2001,2.81117
irn,2002,1.94189
irn,2003,1.44576
irn,2004,1.51698
irn,2005,1.3966
irn,2006,1.37251
irn,2007,1.35071
irn,2008,1.35899
irn,2009,1.46793
irn,2010,1.45516
irn,2011,1.18774
irn,2012,1.14938
irn,2013,1.12099
irn,2014,1.26769
irn,2015,1.24781
irn,2016,1.231
irn,2017,1.21407
irn,2018,1.19735
irn,2019,1.18127
irq,1990,0.00517
irq,1991,0.49185
irq,1992,0.62491
irq,1993,0.57539
irq,1994,0.612
irq,1995,0.57928
irq,1996,0.5435
irq,1997,0.48523
irq,1998,0.47038
irq,1999,0.56536
irq,2000,0.54383
irq,2001,0.52933
irq,2002,0.53823
irq,2003,0.18219
irq,2004,0.17501
irq,2005,0.18638
irq,2006,0.16178
irq,2007,0.15175
irq,2008,0.13916
irq,2009,0.12155
irq,2010,0.11652
irq,2011,0.11453
irq,2012,0.30988
irq,2013,0.74282
irq,2014,0.78793
irq,2015,0.78067
irq,2016,0.71533
irq,2017,0.73939
irq,2018,0.73639
irq,2019,0.69701
isl,1990,0.03333
isl,1991,0.05473
isl,1992,0.0592
isl,1993,0.06092
isl,1994,0.06035
isl,1995,0.07361
isl,1996,0.08588
isl,1997,0.09534
isl,1998,0.10679
isl,1999,0.09141
isl,2000,0.08701
isl,2001,0.07529
isl,2002,0.07255
isl,2003,0.083
isl,2004,0.0821
isl,2005,0.09933
isl,2006,0.08908
isl,2007,0.01606
isl,2008,0.01576
isl,2009,0.01962
isl,2010,0.02591
isl,2011,0.01793
isl,2012,0.01843
isl,2013,0.02414
isl,2014,0.03013
isl,2015,0.0542
isl,2016,0.05388
isl,2017,0.09599
isl,2018,0.17018
isl,2019,0.27018
isr,1990,0
isr,1991,0
isr,1992,0
isr,1993,0
isr,1994,0
isr,1995,0
isr,1996,0
isr,1997,0
isr,1998,0.00047
isr,1999,0.0022
isr,2000,0.06853
isr,2001,0.06877
isr,2002,0.06774
isr,2003,0.06656
isr,2004,0.00897
isr,2005,0.00933
isr,2006,0.01253
isr,2007,0.01688
isr,2008,0.13014
isr,2009,0.24667
isr,2010,0.34671
isr,2011,0.55075
isr,2012,0.63697
isr,2013,0.62317
isr,2014,0.50566
isr,2015,0.41293
isr,2016,0.40629
isr,2017,0.31098
isr,2018,0.22155
isr,2019,0.18923
ita,1990,0.019
ita,1991,0.01719
ita,1992,0.0162
ita,1993,0.0879
ita,1994,0.1277
ita,1995,0.12996
ita,1996,0.1134
ita,1997,0.11708
ita,1998,0.00965
ita,1999,0.01063
ita,2000,0.01208
ita,2001,0.01507
ita,2002,0.01759
ita,2003,0.02231
ita,2004,0.02705
ita,2005,0.03547
ita,2006,0.04591
ita,2007,0.0648
ita,2008,0.07987
ita,2009,0.09299
ita,2010,0.09506
ita,2011,0.09743
ita,2012,0.10818
ita,2013,0.12675
ita,2014,0.15513
ita,2015,0.19487
ita,2016,0.24293
ita,2017,0.27567
ita,2018,0.31214
ita,2019,0.34289
jam,1990,0
jam,1991,0.00016
jam,1992,0.00366
jam,1993,0.00254
jam,1994,0.00163
jam,1995,0.00091
jam,1996,0.00098
jam,1997,0.00128
jam,1998,0.00142
jam,1999,0.00141
jam,2000,0.00143
jam,2001,0
jam,2002,0
jam,2003,0
jam,2004,0
jam,2005,0
jam,2006,0
jam,2007,0
jam,2008,0
jam,2009,0.00093
jam,2010,0.00075
jam,2011,0.00071
jam,2012,0.0007
jam,2013,0.00073
jam,2014,0.00077
jam,2015,0.00042
jam,2016,0.00052
jam,2017,0.00027
jam,2018,0.00051
jam,2019,0.00003
jor,1990,26.07308
jor,1991,26.62834
jor,1992,26.97579
jor,1993,27.25238
jor,1994,27.59316
jor,1995,28.08759
jor,1996,28.72647
jor,1997,29.66058
jor,1998,30.10181
jor,1999,30.65366
jor,2000,31.44245
jor,2001,31.88019
jor,2002,31.95986
jor,2003,32.04554
jor,2004,31.85828
jor,2005,31.71968
jor,2006,39.36531
jor,2007,38.42781
jor,2008,37.3984
jor,2009,35.31696
jor,2010,33.74464
jor,2011,31.71909
jor,2012,28.89195
jor,2013,31.84518
jor,2014,31.07475
jor,2015,30.30625
jor,2016,29.94141
jor,2017,29.59544
jor,2018,29.60796
jor,2019,29.37176
jpn,1990,0.00548
jpn,1991,0.00512
jpn,1992,0.00532
jpn,1993,0.00517
jpn,1994,0.00471
jpn,1995,0.0043
jpn,1996,0.00417
jpn,1997,0.00382
jpn,1998,0.00353
jpn,1999,0.00333
jpn,2000,0.00294
jpn,2001,0.00251
jpn,2002,0.00208
jpn,2003,0.00177
jpn,2004,0.00153
jpn,2005,0.00151
jpn,2006,0.00144
jpn,2007,0.0014
jpn,2008,0.00157
jpn,2009,0.00181
jpn,2010,0.00201
jpn,2011,0.00206
jpn,2012,0.00201
jpn,2013,0.00201
jpn,2014,0.002
jpn,2015,0.00193
jpn,2016,0.00197
jpn,2017,0.00172
jpn,2018,0.00149
jpn,2019,0.00115
kaz,1990,0
kaz,1991,0
kaz,1992,0
kaz,1993,0.0309
kaz,1994,0.03139
kaz,1995,0.09824
kaz,1996,0.09965
kaz,1997,0.10111
kaz,1998,0.05489
kaz,1999,0.0985
kaz,2000,0.13787
kaz,2001,0.13099
kaz,2002,0.13762
kaz,2003,0.10484
kaz,2004,0.10389
kaz,2005,0.04717
kaz,2006,0.02837
kaz,2007,0.02729
kaz,2008,0.02744
kaz,2009,0.02705
kaz,2010,0.02711
kaz,2011,0.00374
kaz,2012,0.00337
kaz,2013,0.00343
kaz,2014,0.00366
kaz,2015,0.00403
kaz,2016,0.00366
kaz,2017,0.00333
kaz,2018,0.00313
kaz,2019,0.00282
ken,1990,0.06006
ken,1991,0.49003
ken,1992,1.58806
ken,1993,1.15394
ken,1994,0.93662
ken,1995,0.84508
ken,1996,0.78225
ken,1997,0.78903
ken,1998,0.78738
ken,1999,0.71931
ken,2000,0.6448
ken,2001,0.72825
ken,2002,0.69232
ken,2003,0.68489
ken,2004,0.67303
ken,2005,0.68607
ken,2006,0.72387
ken,2007,0.68653
ken,2008,0.8057
ken,2009,0.87754
ken,2010,0.9586
ken,2011,1.31197
ken,2012,1.27399
ken,2013,1.17517
ken,2014,1.18062
ken,2015,1.15692
ken,2016,0.91964
ken,2017,0.85996
ken,2018,0.81967
ken,2019,0.83483
kgz,1990,0
kgz,1991,0
kgz,1992,0
kgz,1993,0.47375
kgz,1994,0.47001
kgz,1995,0.29362
kgz,1996,0.36089
kgz,1997,0.32463
kgz,1998,0.30417
kgz,1999,0.22318
kgz,2000,0.2156
kgz,2001,0.18731
kgz,2002,0.15442
kgz,2003,0.11152
kgz,2004,0.07448
kgz,2005,0.05119
kgz,2006,0.00714
kgz,2007,0.01395
kgz,2008,0.00714
kgz,2009,0.00793
kgz,2010,0.04533
kgz,2011,0.11046
kgz,2012,0.08789
kgz,2013,0.00813
kgz,2014,0.00825
kgz,2015,0.00594
kgz,2016,0.00558
kgz,2017,0.0054
kgz,2018,0.00528
kgz,2019,0.0055
khm,1990,0
khm,1991,0
khm,1992,0
khm,1993,0.00005
khm,1994,0.0001
khm,1995,0.00014
khm,1996,0.00015
khm,1997,0.00012
khm,1998,0.00018
khm,1999,0.00018
khm,2000,0.00028
khm,2001,0.0004
khm,2002,0.00158
khm,2003,0.00059
khm,2004,0.00292
khm,2005,0.00096
khm,2006,0.00073
khm,2007,0.00131
khm,2008,0.00118
khm,2009,0.00096
khm,2010,0.0009
khm,2011,0.00044
khm,2012,0.00052
khm,2013,0.00045
khm,2014,0.00041
khm,2015,0.00049
khm,2016,0.00042
khm,2017,0.00038
khm,2018,0
khm,2019,0
kir,1990,0
kir,1991,0
kir,1992,0
kir,1993,0
kir,1994,0
kir,1995,0
kir,1996,0
kir,1997,0
kir,1998,0
kir,1999,0
kir,2000,0
kir,2001,0
kir,2002,0
kir,2003,0
kir,2004,0
kir,2005,0
kir,2006,0
kir,2007,0
kir,2008,0
kir,2009,0
kir,2010,0
kir,2011,0
kir,2012,0
kir,2013,0
kir,2014,0
kir,2015,0
kir,2016,0
kir,2017,0
kir,2018,0
kir,2019,0
kna,1990,0
kna,1991,0
kna,1992,0
kna,1993,0
kna,1994,0
kna,1995,0
kna,1996,0
kna,1997,0
kna,1998,0
kna,1999,0
kna,2000,0
kna,2001,0
kna,2002,0
kna,2003,0
kna,2004,0
kna,2005,0
kna,2006,0
kna,2007,0
kna,2008,0
kna,2009,0
kna,2010,0
kna,2011,0
kna,2012,0
kna,2013,0
kna,2014,0.00197
kna,2015,0
kna,2016,0
kna,2017,0
kna,2018,0.00763
kna,2019,0.00757
kor,1990,0.00054
kor,1991,0.00037
kor,1992,0.00034
kor,1993,0
kor,1994,0
kor,1995,0.00001
kor,1996,0.00001
kor,1997,0.00001
kor,1998,0
kor,1999,0.00001
kor,2000,0.00001
kor,2001,0.00001
kor,2002,0.00004
kor,2003,0.00005
kor,2004,0.00009
kor,2005,0.00014
kor,2006,0.0002
kor,2007,0.00024
kor,2008,0.00035
kor,2009,0.00054
kor,2010,0.00072
kor,2011,0.00081
kor,2012,0.00097
kor,2013,0.00109
kor,2014,0.00232
kor,2015,0.00288
kor,2016,0.00354
kor,2017,0.00431
kor,2018,0.00567
kor,2019,0.00628
kwt,1990,0
kwt,1991,2.24438
kwt,1992,2.34671
kwt,1993,1.69242
kwt,1994,1.80919
kwt,1995,0.20586
kwt,1996,0.23548
kwt,1997,0.22143
kwt,1998,0.22838
kwt,1999,0.22207
kwt,2000,0.13574
kwt,2001,0.05967
kwt,2002,0.07117
kwt,2003,0.07022
kwt,2004,0.06903
kwt,2005,0.06709
kwt,2006,0.00211
kwt,2007,1.52391
kwt,2008,1.43968
kwt,2009,0.00783
kwt,2010,0.00615
kwt,2011,0.01057
kwt,2012,0.02013
kwt,2013,0.01801
kwt,2014,0.01664
kwt,2015,0.01932
kwt,2016,0.02373
kwt,2017,0.01499
kwt,2018,0.01627
kwt,2019,0.01645
lao,1990,0
lao,1991,0
lao,1992,0
lao,1993,0
lao,1994,0
lao,1995,0
lao,1996,0
lao,1997,0
lao,1998,0.00004
lao,1999,0
lao,2000,0
lao,2001,0
lao,2002,0
lao,2003,0
lao,2004,0
lao,2005,0
lao,2006,0
lao,2007,0
lao,2008,0
lao,2009,0
lao,2010,0
lao,2011,0
lao,2012,0
lao,2013,0
lao,2014,0
lao,2015,0
lao,2016,0
lao,2017,0
lao,2018,0
lao,2019,0.00001
lbn,1990,10.86677
lbn,1991,10.81887
lbn,1992,10.5882
lbn,1993,10.15687
lbn,1994,9.95193
lbn,1995,9.86376
lbn,1996,9.83409
lbn,1997,9.98134
lbn,1998,10.05259
lbn,1999,10.07567
lbn,2000,9.9601
lbn,2001,9.71519
lbn,2002,9.37431
lbn,2003,9.04785
lbn,2004,8.77373
lbn,2005,8.62457
lbn,2006,9.0047
lbn,2007,9.73915
lbn,2008,9.91883
lbn,2009,9.89093
lbn,2010,9.35655
lbn,2011,8.55713
lbn,2012,10.39224
lbn,2013,22.05091
lbn,2014,25.66199
lbn,2015,23.40881
lbn,2016,21.99242
lbn,2017,21.52891
lbn,2018,20.76844
lbn,2019,20.36189
lbr,1990,0
lbr,1991,0
lbr,1992,4.99837
lbr,1993,7.59614
lbr,1994,6.04901
lbr,1995,5.87287
lbr,1996,5.55714
lbr,1997,5.45462
lbr,1998,3.82594
lbr,1999,3.56768
lbr,2000,2.43343
lbr,2001,1.8538
lbr,2002,2.1475
lbr,2003,1.10486
lbr,2004,0.48385
lbr,2005,0.31596
lbr,2006,0.48615
lbr,2007,0.30232
lbr,2008,0.28338
lbr,2009,0.18518
lbr,2010,0.63585
lbr,2011,3.1934
lbr,2012,1.59367
lbr,2013,1.2535
lbr,2014,0.88531
lbr,2015,0.81626
lbr,2016,0.41402
lbr,2017,0.23625
lbr,2018,0.18929
lbr,2019,0.16685
lby,1990,0
lby,1991,0
lby,1992,0
lby,1993,0.02492
lby,1994,0.04118
lby,1995,0.08028
lby,1996,0.15383
lby,1997,0.16571
lby,1998,0.20316
lby,1999,0.19968
lby,2000,0.21544
lby,2001,0.21428
lby,2002,0.21092
lby,2003,0.21167
lby,2004,0.21306
lby,2005,0.20981
lby,2006,0.04688
lby,2007,0.06859
lby,2008,0.1108
lby,2009,0.14681
lby,2010,0.12784
lby,2011,0.16215
lby,2012,0.1124
lby,2013,0.40442
lby,2014,0.43954
lby,2015,0.14498
lby,2016,0.1434
lby,2017,0.14196
lby,2018,0.13167
lby,2019,0.06992
lca,1990,0
lca,1991,0
lca,1992,0
lca,1993,0
lca,1994,0
lca,1995,0
lca,1996,0
lca,1997,0.00199
lca,1998,0
lca,1999,0
lca,2000,0
lca,2001,0
lca,2002,0
lca,2003,0
lca,2004,0
lca,2005,0
lca,2006,0
lca,2007,0
lca,2008,0
lca,2009,0
lca,2010,0
lca,2011,0.00114
lca,2012,0.00113
lca,2013,0.00282
lca,2014,0.00168
lca,2015,0.00056
lca,2016,0.00111
lca,2017,0
lca,2018,0.0011
lca,2019,0.00109
lie,1990,0
lie,1991,0
lie,1992,0
lie,1993,0
lie,1994,0
lie,1995,0
lie,1996,0
lie,1997,0
lie,1998,0
lie,1999,0
lie,2000,0.21095
lie,2001,0.42036
lie,2002,0.37775
lie,2003,0.43603
lie,2004,0.43259
lie,2005,0.43205
lie,2006,0.79199
lie,2007,0.80359
lie,2008,0.25092
lie,2009,0.25474
lie,2010,0.25558
lie,2011,0.25896
lie,2012,0.27857
lie,2013,0.26259
lie,2014,0.27674
lie,2015,0.40037
lie,2016,0.43288
lie,2017,0.40735
lie,2018,0.44306
lie,2019,0.34719
lka,1990,0
lka,1991,0.00009
lka,1992,0.00012
lka,1993,0.00011
lka,1994,0.00007
lka,1995,0.00009
lka,1996,0.00008
lka,1997,0.00014
lka,1998,0.00016
lka,1999,0.00011
lka,2000,0.00009
lka,2001,0.00009
lka,2002,0.00015
lka,2003,0.00016
lka,2004,0.00032
lka,2005,0.00054
lka,2006,0.00082
lka,2007,0.00092
lka,2008,0.00135
lka,2009,0.00125
lka,2010,0.0011
lka,2011,0.00092
lka,2012,0.00054
lka,2013,0.0007
lka,2014,0.00246
lka,2015,0.00375
lka,2016,0.00287
lka,2017,0.00388
lka,2018,0.00377
lka,2019,0.0049
lso,1990,0.01256
lso,1991,0.01263
lso,1992,0.00656
lso,1993,0.00329
lso,1994,0.00312
lso,1995,0
lso,1996,0
lso,1997,0
lso,1998,0
lso,1999,0.00005
lso,2000,0
lso,2001,0.00192
lso,2002,0
lso,2003,0
lso,2004,0
lso,2005,0
lso,2006,0
lso,2007,0
lso,2008,0
lso,2009,0
lso,2010,0
lso,2011,0.0017
lso,2012,0.00169
lso,2013,0.00148
lso,2014,0.00215
lso,2015,0.00151
lso,2016,0.00217
lso,2017,0.00239
lso,2018,0.0027
lso,2019,0.00692
ltu,1990,0
ltu,1991,0
ltu,1992,0
ltu,1993,0
ltu,1994,0
ltu,1995,0
ltu,1996,0
ltu,1997,0.00017
ltu,1998,0.00096
ltu,1999,0.00125
ltu,2000,0.00157
ltu,2001,0.00826
ltu,2002,0.01068
ltu,2003,0.0118
ltu,2004,0.0139
ltu,2005,0.01588
ltu,2006,0.01607
ltu,2007,0.02111
ltu,2008,0.02337
ltu,2009,0.02504
ltu,2010,0.02571
ltu,2011,0.02663
ltu,2012,0.0286
ltu,2013,0.03044
ltu,2014,0.03389
ltu,2015,0.03728
ltu,2016,0.03783
ltu,2017,0.05472
ltu,2018,0.0619
ltu,2019,0.06617
lux,1990,0.17995
lux,1991,0.17911
lux,1992,0.56413
lux,1993,0.0567
lux,1994,0.07455
lux,1995,0.17151
lux,1996,0.16908
lux,1997,0.16668
lux,1998,0.16439
lux,1999,0.16231
lux,2000,0.17404
lux,2001,0.27283
lux,2002,0.27066
lux,2003,0.26849
lux,2004,0.35191
lux,2005,0.39795
lux,2006,0.47379
lux,2007,0.57631
lux,2008,0.6405
lux,2009,0.65051
lux,2010,0.64069
lux,2011,0.54977
lux,2012,0.54817
lux,2013,0.16957
lux,2014,0.19982
lux,2015,0.23503
lux,2016,0.35321
lux,2017,0.33704
lux,2018,0.3386
lux,2019,0.41772
lva,1990,0
lva,1991,0
lva,1992,0
lva,1993,0
lva,1994,0
lva,1995,0
lva,1996,0
lva,1997,0
lva,1998,0.00008
lva,1999,0.00025
lva,2000,0.00029
lva,2001,0.00034
lva,2002,0.0003
lva,2003,0.00074
lva,2004,0.00048
lva,2005,0.00049
lva,2006,0.00094
lva,2007,0.00132
lva,2008,0.00147
lva,2009,0.002
lva,2010,0.00321
lva,2011,0.00454
lva,2012,0.00604
lva,2013,0.00782
lva,2014,0.00905
lva,2015,0.01041
lva,2016,0.01768
lva,2017,0.0327
lva,2018,0.03474
lva,2019,0.03524
mar,1990,0.00125
mar,1991,0.00127
mar,1992,0.00124
mar,1993,0.00128
mar,1994,0.00126
mar,1995,0.0002
mar,1996,0.00019
mar,1997,0.00021
mar,1998,0.00321
mar,1999,0.00317
mar,2000,0.00731
mar,2001,0.00718
mar,2002,0.00722
mar,2003,0.00712
mar,2004,0.00704
mar,2005,0.00072
mar,2006,0.00163
mar,2007,0.00252
mar,2008,0.00243
mar,2009,0.00242
mar,2010,0.00245
mar,2011,0.00225
mar,2012,0.00224
mar,2013,0.00436
mar,2014,0.00356
mar,2015,0.01127
mar,2016,0.01358
mar,2017,0.01315
mar,2018,0.01649
mar,2019,0.01825
mco,1990,0
mco,1991,0
mco,1992,0
mco,1993,0
mco,1994,0
mco,1995,0
mco,1996,0
mco,1997,0
mco,1998,0
mco,1999,0
mco,2000,0
mco,2001,0
mco,2002,0
mco,2003,0
mco,2004,0
mco,2005,0
mco,2006,0
mco,2007,0
mco,2008,0
mco,2009,0
mco,2010,0
mco,2011,0.10271
mco,2012,0.10148
mco,2013,0.09214
mco,2014,0.08842
mco,2015,0.08483
mco,2016,0.08406
mco,2017,0.06512
mco,2018,0.06463
mco,2019,0.05646
mda,1990,0
mda,1991,0
mda,1992,0
mda,1993,0
mda,1994,0
mda,1995,0
mda,1996,0
mda,1997,0
mda,1998,0
mda,1999,0.00019
mda,2000,0.00162
mda,2001,0.0038
mda,2002,0.00414
mda,2003,0.00244
mda,2004,0.00137
mda,2005,0.00202
mda,2006,0.00388
mda,2007,0.00366
mda,2008,0.0036
mda,2009,0.00344
mda,2010,0.00362
mda,2011,0.00358
mda,2012,0.00454
mda,2013,0.00614
mda,2014,0.00822
mda,2015,0.01096
mda,2016,0.01062
mda,2017,0.00914
mda,2018,0.01032
mda,2019,0.01046
mdg,1990,0
mdg,1991,0
mdg,1992,0
mdg,1993,0
mdg,1994,0.00056
mdg,1995,0
mdg,1996,0
mdg,1997,0
mdg,1998,0
mdg,1999,0.00018
mdg,2000,0.00032
mdg,2001,0.00021
mdg,2002,0
mdg,2003,0
mdg,2004,0
mdg,2005,0
mdg,2006,0
mdg,2007,0
mdg,2008,0
mdg,2009,0
mdg,2010,0
mdg,2011,0.00004
mdg,2012,0.00004
mdg,2013,0.00005
mdg,2014,0.00005
mdg,2015,0.00004
mdg,2016,0.00011
mdg,2017,0.00013
mdg,2018,0.00017
mdg,2019,0.00043
mdv,1990,0
mdv,1991,0
mdv,1992,0
mdv,1993,0
mdv,1994,0
mdv,1995,0
mdv,1996,0
mdv,1997,0
mdv,1998,0
mdv,1999,0
mdv,2000,0
mdv,2001,0
mdv,2002,0
mdv,2003,0
mdv,2004,0
mdv,2005,0
mdv,2006,0
mdv,2007,0
mdv,2008,0
mdv,2009,0
mdv,2010,0
mdv,2011,0
mdv,2012,0
mdv,2013,0
mdv,2014,0
mdv,2015,0
mdv,2016,0
mdv,2017,0
mdv,2018,0
mdv,2019,0
mex,1990,0.42457
mex,1991,0.42119
mex,1992,0.41457
mex,1993,0.05921
mex,1994,0.05253
mex,1995,0.04224
mex,1996,0.03711
mex,1997,0.03373
mex,1998,0.02941
mex,1999,0.02514
mex,2000,0.01866
mex,2001,0.01541
mex,2002,0.01275
mex,2003,0.00589
mex,2004,0.00416
mex,2005,0.00305
mex,2006,0.00309
mex,2007,0.00148
mex,2008,0.00095
mex,2009,0.0011
mex,2010,0.00122
mex,2011,0.00145
mex,2012,0.0013
mex,2013,0.00154
mex,2014,0.00153
mex,2015,0.0024
mex,2016,0.00503
mex,2017,0.00718
mex,2018,0.01311
mex,2019,0.02237
mhl,1990,0
mhl,1991,0
mhl,1992,0
mhl,1993,0
mhl,1994,0
mhl,1995,0
mhl,1996,0
mhl,1997,0
mhl,1998,0
mhl,1999,0
mhl,2000,0
mhl,2001,0
mhl,2002,0
mhl,2003,0
mhl,2004,0
mhl,2005,0
mhl,2006,0
mhl,2007,0
mhl,2008,0
mhl,2009,0
mhl,2010,0
mhl,2011,0
mhl,2012,0
mhl,2013,0
mhl,2014,0
mhl,2015,0
mhl,2016,0
mhl,2017,0
mhl,2018,0
mhl,2019,0
mkd,1990,0
mkd,1991,0
mkd,1992,1.60912
mkd,1993,1.58526
mkd,1994,0.75142
mkd,1995,0.45622
mkd,1996,0.2558
mkd,1997,0.17504
mkd,1998,0.08449
mkd,1999,1.04723
mkd,2000,0.44476
mkd,2001,0.21357
mkd,2002,0.13744
mkd,2003,0.0094
mkd,2004,0.04881
mkd,2005,0.06184
mkd,2006,0.0601
mkd,2007,0.05979
mkd,2008,0.08088
mkd,2009,0.07453
mkd,2010,0.06751
mkd,2011,0.05452
mkd,2012,0.05192
mkd,2013,0.0473
mkd,2014,0.0425
mkd,2015,0.03371
mkd,2016,0.03061
mkd,2017,0.01964
mkd,2018,0.01978
mkd,2019,0.01694
mli,1990,0.15871
mli,1991,0.15193
mli,1992,0.14812
mli,1993,0.16753
mli,1994,0.16926
mli,1995,0.1869
mli,1996,0.18535
mli,1997,0.12435
mli,1998,0.13125
mli,1999,0.078
mli,2000,0.07685
mli,2001,0.07487
mli,2002,0.07829
mli,2003,0.08353
mli,2004,0.091
mli,2005,0.08793
mli,2006,0.08017
mli,2007,0.06741
mli,2008,0.06786
mli,2009,0.09284
mli,2010,0.09009
mli,2011,0.10071
mli,2012,0.08716
mli,2013,0.08703
mli,2014,0.08973
mli,2015,0.09127
mli,2016,0.09748
mli,2017,0.09202
mli,2018,0.13911
mli,2019,0.13567
mlt,1990,0
mlt,1991,0
mlt,1992,0
mlt,1993,0.1362
mlt,1994,0.11478
mlt,1995,0.11038
mlt,1996,0.09651
mlt,1997,0.08938
mlt,1998,0.07643
mlt,1999,0.06938
mlt,2000,0.04827
mlt,2001,0.04441
mlt,2002,0.077
mlt,2003,0.22327
mlt,2004,0.38677
mlt,2005,0.47917
mlt,2006,0.59164
mlt,2007,0.73556
mlt,2008,1.05789
mlt,2009,1.44694
mlt,2010,1.48121
mlt,2011,1.66427
mlt,2012,1.95539
mlt,2013,2.32457
mlt,2014,1.41682
mlt,2015,1.63184
mlt,2016,1.82252
mlt,2017,1.81511
mlt,2018,1.95308
mlt,2019,2.02349
mmr,1990,0
mmr,1991,0
mmr,1992,0
mmr,1993,0
mmr,1994,0
mmr,1995,0
mmr,1996,0
mmr,1997,0
mmr,1998,0
mmr,1999,0
mmr,2000,0
mmr,2001,0
mmr,2002,0
mmr,2003,0
mmr,2004,0
mmr,2005,0
mmr,2006,0
mmr,2007,0
mmr,2008,0
mmr,2009,0
mmr,2010,0
mmr,2011,0
mmr,2012,0
mmr,2013,0
mmr,2014,0
mmr,2015,0
mmr,2016,0
mmr,2017,0
mmr,2018,0
mmr,2019,0
mne,1990,0
mne,1991,0
mne,1992,0
mne,1993,0
mne,1994,0
mne,1995,0
mne,1996,0
mne,1997,0
mne,1998,0
mne,1999,0
mne,2000,0
mne,2001,0
mne,2002,0
mne,2003,0
mne,2004,0
mne,2005,0
mne,2006,1.12096
mne,2007,1.37647
mne,2008,3.98206
mne,2009,3.85579
mne,2010,2.62126
mne,2011,2.05895
mne,2012,1.78902
mne,2013,1.35325
mne,2014,1.0312
mne,2015,0.28248
mne,2016,0.15528
mne,2017,0.12572
mne,2018,0.11612
mne,2019,0.10542
mng,1990,0
mng,1991,0
mng,1992,0
mng,1993,0
mng,1994,0
mng,1995,0
mng,1996,0
mng,1997,0
mng,1998,0
mng,1999,0
mng,2000,0
mng,2001,0
mng,2002,0
mng,2003,0
mng,2004,0
mng,2005,0
mng,2006,0.0002
mng,2007,0.00019
mng,2008,0.00042
mng,2009,0.00041
mng,2010,0.00044
mng,2011,0.00004
mng,2012,0.00014
mng,2013,0.00031
mng,2014,0.0002
mng,2015,0.0003
mng,2016,0.00026
mng,2017,0
mng,2018,0.00022
mng,2019,0.00019
moz,1990,0.00323
moz,1991,0.00315
moz,1992,0.00217
moz,1993,0.00141
moz,1994,0.00215
moz,1995,0.00083
moz,1996,0.00124
moz,1997,0.00044
moz,1998,0.00031
moz,1999,0.00128
moz,2000,0.00117
moz,2001,0.00114
moz,2002,0.0011
moz,2003,0.00161
moz,2004,0.00313
moz,2005,0.00953
moz,2006,0.01213
moz,2007,0.01277
moz,2008,0.0142
moz,2009,0.01549
moz,2010,0.01733
moz,2011,0.01686
moz,2012,0.01769
moz,2013,0.01739
moz,2014,0.01726
moz,2015,0.02079
moz,2016,0.01678
moz,2017,0.01698
moz,2018,0.01664
moz,2019,0.0155
mrt,1990,2.94935
mrt,1991,1.68589
mrt,1992,1.75017
mrt,1993,2.34465
mrt,1994,3.64568
mrt,1995,1.48658
mrt,1996,0.66922
mrt,1997,0.30864
mrt,1998,0.00104
mrt,1999,0.00871
mrt,2000,0.01331
mrt,2001,0.01351
mrt,2002,0.01458
mrt,2003,0.01662
mrt,2004,0.01609
mrt,2005,0.0209
mrt,2006,0.02474
mrt,2007,0.95147
mrt,2008,0.82036
mrt,2009,0.78962
mrt,2010,0.76461
mrt,2011,0.73736
mrt,2012,2.17172
mrt,2013,2.43005
mrt,2014,1.92412
mrt,2015,1.91271
mrt,2016,1.78089
mrt,2017,1.80732
mrt,2018,1.88928
mrt,2019,1.87615
mus,1990,0
mus,1991,0
mus,1992,0
mus,1993,0
mus,1994,0
mus,1995,0
mus,1996,0
mus,1997,0
mus,1998,0
mus,1999,0.00366
mus,2000,0
mus,2001,0.00117
mus,2002,0
mus,2003,0
mus,2004,0
mus,2005,0
mus,2006,0
mus,2007,0
mus,2008,0
mus,2009,0
mus,2010,0
mus,2011,0
mus,2012,0
mus,2013,0
mus,2014,0
mus,2015,0
mus,2016,0
mus,2017,0
mus,2018,0.0011
mus,2019,0.00158
mwi,1990,9.85406
mwi,1991,10.22682
mwi,1992,10.92815
mwi,1993,7.34894
mwi,1994,0.92597
mwi,1995,0.01034
mwi,1996,0.01265
mwi,1997,0.00273
mwi,1998,0.0118
mwi,1999,0.01566
mwi,2000,0.03498
mwi,2001,0.05423
mwi,2002,0.01849
mwi,2003,0.02668
mwi,2004,0.02993
mwi,2005,0.03358
mwi,2006,0.03039
mwi,2007,0.02195
mwi,2008,0.03041
mwi,2009,0.03853
mwi,2010,0.03948
mwi,2011,0.04216
mwi,2012,0.0425
mwi,2013,0.03659
mwi,2014,0.03606
mwi,2015,0.05386
mwi,2016,0.05459
mwi,2017,0.0508
mwi,2018,0.07596
mwi,2019,0.07561
mys,1990,0.08243
mys,1991,0.07531
mys,1992,0.05999
mys,1993,0.00079
mys,1994,0.02657
mys,1995,0.02576
mys,1996,0.02526
mys,1997,0.02451
mys,1998,0.22887
mys,1999,0.22292
mys,2000,0.21767
mys,2001,0.21285
mys,2002,0.20907
mys,2003,0.03006
mys,2004,0.09887
mys,2005,0.13115
mys,2006,0.14186
mys,2007,0.12222
mys,2008,0.13464
mys,2009,0.23846
mys,2010,0.28898
mys,2011,0.30254
mys,2012,0.31025
mys,2013,0.3309
mys,2014,0.33275
mys,2015,0.31108
mys,2016,0.30068
mys,2017,0.33369
mys,2018,0.38474
mys,2019,0.40406
nam,1990,0
nam,1991,0.00921
nam,1992,0.01127
nam,1993,0.03762
nam,1994,0.07187
nam,1995,0.10333
nam,1996,0.1325
nam,1997,0.14788
nam,1998,0.2206
nam,1999,0.43155
nam,2000,1.51918
nam,2001,1.69357
nam,2002,1.16936
nam,2003,1.05369
nam,2004,0.77437
nam,2005,0.27379
nam,2006,0.27707
nam,2007,0.32519
nam,2008,0.33273
nam,2009,0.3442
nam,2010,0.34235
nam,2011,0.28048
nam,2012,0.08229
nam,2013,0.10441
nam,2014,0.07772
nam,2015,0.07504
nam,2016,0.07451
nam,2017,0.09061
nam,2018,0.09803
nam,2019,0.1278
ner,1990,0.00987
ner,1991,0.01671
ner,1992,0.04318
ner,1993,0.18839
ner,1994,0.16437
ner,1995,0.29106
ner,1996,0.26301
ner,1997,0.07247
ner,1998,0.035
ner,1999,0.0032
ner,2000,0.00051
ner,2001,0.00071
ner,2002,0.00243
ner,2003,0.00259
ner,2004,0.00262
ner,2005,0.00221
ner,2006,0.00224
ner,2007,0.00217
ner,2008,0.0021
ner,2009,0.00205
ner,2010,0.00191
ner,2011,0.00176
ner,2012,0.28384
ner,2013,0.31161
ner,2014,0.40452
ner,2015,0.62355
ner,2016,0.79895
ner,2017,0.76713
ner,2018,0.78162
ner,2019,0.7722
nga,1990,0.00375
nga,1991,0.00366
nga,1992,0.00477
nga,1993,0.0047
nga,1994,0.00572
nga,1995,0.00752
nga,1996,0.00767
nga,1997,0.008
nga,1998,0.00583
nga,1999,0.00582
nga,2000,0.00595
nga,2001,0.00574
nga,2002,0.00572
nga,2003,0.00695
nga,2004,0.0062
nga,2005,0.00649
nga,2006,0.00615
nga,2007,0.00578
nga,2008,0.00674
nga,2009,0.00591
nga,2010,0.00552
nga,2011,0.00541
nga,2012,0.00189
nga,2013,0.00099
nga,2014,0.0007
nga,2015,0.00077
nga,2016,0.00074
nga,2017,0.001
nga,2018,0.01773
nga,2019,0.02695
nic,1990,0.38338
nic,1991,0.34992
nic,1992,0.33108
nic,1993,0.12645
nic,1994,0.00689
nic,1995,0.0124
nic,1996,0.01175
nic,1997,0.00963
nic,1998,0.00965
nic,1999,0.00944
nic,2000,0.00655
nic,2001,0.00632
nic,2002,0.00623
nic,2003,0.00567
nic,2004,0.00544
nic,2005,0.00417
nic,2006,0.00361
nic,2007,0.00329
nic,2008,0.00259
nic,2009,0.00209
nic,2010,0.0011
nic,2011,0.00146
nic,2012,0.00216
nic,2013,0.00312
nic,2014,0.00456
nic,2015,0.0053
nic,2016,0.00525
nic,2017,0.00504
nic,2018,0.00504
nic,2019,0.005
nld,1990,0.11585
nld,1991,0.12626
nld,1992,0.19609
nld,1993,0.28516
nld,1994,0.40447
nld,1995,0.51694
nld,1996,0.65917
nld,1997,0.75418
nld,1998,0.83509
nld,1999,0.87554
nld,2000,0.91786
nld,2001,0.94848
nld,2002,0.92091
nld,2003,0.86962
nld,2004,0.77856
nld,2005,0.72211
nld,2006,0.61176
nld,2007,0.52456
nld,2008,0.46837
nld,2009,0.45715
nld,2010,0.44933
nld,2011,0.44568
nld,2012,0.42824
nld,2013,0.44354
nld,2014,0.48835
nld,2015,0.52269
nld,2016,0.59915
nld,2017,0.60993
nld,2018,0.59695
nld,2019,0.55232
nor,1990,0.46102
nor,1991,0.68051
nor,1992,0.69528
nor,1993,0.88897
nor,1994,1.02766
nor,1995,1.09015
nor,1996,1.1019
nor,1997,1.0719
nor,1998,1.01932
nor,1999,0.97094
nor,2000,1.05999
nor,2001,1.10826
nor,2002,1.10937
nor,2003,1.00893
nor,2004,0.95789
nor,2005,0.92899
nor,2006,0.92737
nor,2007,0.73149
nor,2008,0.75667
nor,2009,0.78366
nor,2010,0.82401
nor,2011,0.82232
nor,2012,0.8541
nor,2013,0.90769
nor,2014,0.91483
nor,2015,0.96905
nor,2016,1.13355
nor,2017,1.117
nor,2018,1.06831
nor,2019,1.00185
npl,1990,0.09415
npl,1991,0.14593
npl,1992,0.47773
npl,1993,0.51411
npl,1994,0.58586
npl,1995,0.57821
npl,1996,0.57407
npl,1997,0.57188
npl,1998,0.54689
npl,1999,0.54419
npl,2000,0.53981
npl,2001,0.53783
npl,2002,0.53562
npl,2003,0.49307
npl,2004,0.49147
npl,2005,0.49112
npl,2006,0.49172
npl,2007,0.49533
npl,2008,0.46812
npl,2009,0.40345
npl,2010,0.33246
npl,2011,0.26868
npl,2012,0.20847
npl,2013,0.17203
npl,2014,0.14305
npl,2015,0.12092
npl,2016,0.09261
npl,2017,0.07769
npl,2018,0.07406
npl,2019,0.06842
nru,1990,0
nru,1991,0
nru,1992,0
nru,1993,0
nru,1994,0
nru,1995,0
nru,1996,0
nru,1997,0
nru,1998,0
nru,1999,0
nru,2000,0
nru,2001,0
nru,2002,0
nru,2003,0
nru,2004,0
nru,2005,0
nru,2006,0
nru,2007,0
nru,2008,0
nru,2009,0
nru,2010,0
nru,2011,0
nru,2012,0
nru,2013,0
nru,2014,3.78074
nru,2015,4.87758
nru,2016,4.83101
nru,2017,8.92503
nru,2018,9.00918
nru,2019,7.08844
nzl,1990,0.13731
nzl,1991,0.48634
nzl,1992,0.49412
nzl,1993,0.11059
nzl,1994,0.10123
nzl,1995,0.10226
nzl,1996,0.1019
nzl,1997,0.09717
nzl,1998,0.10827
nzl,1999,0.12572
nzl,2000,0.12757
nzl,2001,0.1347
nzl,2002,0.14526
nzl,2003,0.14438
nzl,2004,0.13111
nzl,2005,0.12833
nzl,2006,0.1172
nzl,2007,0.06473
nzl,2008,0.06349
nzl,2009,0.07608
nzl,2010,0.05279
nzl,2011,0.04377
nzl,2012,0.03395
nzl,2013,0.03105
nzl,2014,0.02953
nzl,2015,0.02897
nzl,2016,0.0305
nzl,2017,0.02999
nzl,2018,0.03297
nzl,2019,0.05743
omn,1990,0
omn,1991,0
omn,1992,0
omn,1993,0
omn,1994,0
omn,1995,0
omn,1996,0
omn,1997,0
omn,1998,0
omn,1999,0
omn,2000,0
omn,2001,0
omn,2002,0
omn,2003,0
omn,2004,0.00029
omn,2005,0.00028
omn,2006,0.00027
omn,2007,0.00026
omn,2008,0.00025
omn,2009,0.0009
omn,2010,0.00256
omn,2011,0.00255
omn,2012,0.00395
omn,2013,0.00367
omn,2014,0.00375
omn,2015,0.00574
omn,2016,0.00708
omn,2017,0.0066
omn,2018,0.00638
omn,2019,0.00617
pak,1990,3.02465
pak,1991,2.79827
pak,1992,1.43025
pak,1993,1.26339
pak,1994,0.87688
pak,1995,0.9715
pak,1996,0.94441
pak,1997,0.91772
pak,1998,0.89175
pak,1999,0.8671
pak,2000,1.40608
pak,2001,1.50625
pak,2002,0.82075
pak,2003,0.73439
pak,2004,0.82404
pak,2005,0.67665
pak,2006,0.63678
pak,2007,1.21271
pak,2008,1.03754
pak,2009,0.99171
pak,2010,1.05929
pak,2011,0.92871
pak,2012,0.87487
pak,2013,0.84518
pak,2014,0.77086
pak,2015,0.78282
pak,2016,0.66422
pak,2017,0.67008
pak,2018,0.66156
pak,2019,0.65551
pan,1990,0.05463
pan,1991,0.03623
pan,1992,0.03909
pan,1993,0.03666
pan,1994,0.03621
pan,1995,0.03165
pan,1996,0.03101
pan,1997,0.02179
pan,1998,0.04079
pan,1999,0.04446
pan,2000,0.04333
pan,2001,0.04758
pan,2002,0.04995
pan,2003,0.04503
pan,2004,0.04918
pan,2005,0.05195
pan,2006,0.05449
pan,2007,0.48904
pan,2008,0.481
pan,2009,0.47281
pan,2010,0.46869
pan,2011,0.46573
pan,2012,0.46223
pan,2013,0.46057
pan,2014,0.4427
pan,2015,0.43649
pan,2016,0.42977
pan,2017,0.05776
pan,2018,0.06028
pan,2019,0.06022
per,1990,0.00328
per,1991,0.00303
per,1992,0.00279
per,1993,0.00315
per,1994,0.00276
per,1995,0.00251
per,1996,0.00268
per,1997,0.00297
per,1998,0.00169
per,1999,0.00269
per,2000,0.0026
per,2001,0.00255
per,2002,0.00254
per,2003,0.00262
per,2004,0.00277
per,2005,0.00304
per,2006,0.00324
per,2007,0.00351
per,2008,0.00376
per,2009,0.00385
per,2010,0.00395
per,2011,0.00391
per,2012,0.0038
per,2013,0.0039
per,2014,0.00433
per,2015,0.00488
per,2016,0.00533
per,2017,0.00559
per,2018,0.00791
per,2019,0.00886
phl,1990,0.03209
phl,1991,0.01414
phl,1992,0.01034
phl,1993,0.00372
phl,1994,0.00098
phl,1995,0.00112
phl,1996,0.00097
phl,1997,0.00043
phl,1998,0.00041
phl,1999,0.00022
phl,2000,0.00023
phl,2001,0.00017
phl,2002,0.00014
phl,2003,0.00013
phl,2004,0.00013
phl,2005,0.00011
phl,2006,0.00011
phl,2007,0.00012
phl,2008,0.00011
phl,2009,0.0001
phl,2010,0.00026
phl,2011,0.00013
phl,2012,0.00015
phl,2013,0.00018
phl,2014,0.00022
phl,2015,0.00026
phl,2016,0.00039
phl,2017,0.00046
phl,2018,0.0006
phl,2019,0.00064
plw,1990,0
plw,1991,0
plw,1992,0
plw,1993,0
plw,1994,0
plw,1995,0
plw,1996,0
plw,1997,0
plw,1998,0
plw,1999,0
plw,2000,0
plw,2001,0
plw,2002,0
plw,2003,0
plw,2004,0
plw,2005,0
plw,2006,0
plw,2007,0
plw,2008,0
plw,2009,0.06014
plw,2010,0
plw,2011,0.00563
plw,2012,0.00567
plw,2013,0.00568
plw,2014,0.00567
plw,2015,0
plw,2016,0.00564
plw,2017,0
plw,2018,0
plw,2019,0
png,1990,0.1538
png,1991,0.12904
png,1992,0.13825
png,1993,0.15498
png,1994,0.16703
png,1995,0.1851
png,1996,0.19148
png,1997,0.15052
png,1998,0.14687
png,1999,0.11662
png,2000,0.10026
png,2001,0.0827
png,2002,0.08102
png,2003,0.12037
png,2004,0.12003
png,2005,0.15395
png,2006,0.1532
png,2007,0.14692
png,2008,0.14343
png,2009,0.13581
png,2010,0.13266
png,2011,0.12549
png,2012,0.12296
png,2013,0.12041
png,2014,0.11967
png,2015,0.11729
png,2016,0.11528
png,2017,0.11872
png,2018,0.1165
png,2019,0.11061
pol,1990,0
pol,1991,0.00144
pol,1992,0.00712
pol,1993,0.00211
pol,1994,0.00102
pol,1995,0.00156
pol,1996,0.00156
pol,1997,0.00217
pol,1998,0.00233
pol,1999,0.00244
pol,2000,0.00265
pol,2001,0.0034
pol,2002,0.00413
pol,2003,0.00478
pol,2004,0.00653
pol,2005,0.012
pol,2006,0.0177
pol,2007,0.02621
pol,2008,0.0333
pol,2009,0.03995
pol,2010,0.04058
pol,2011,0.04139
pol,2012,0.04162
pol,2013,0.04308
pol,2014,0.04132
pol,2015,0.03698
pol,2016,0.03092
pol,2017,0.03212
pol,2018,0.03298
pol,2019,0.03345
prk,1990,0
prk,1991,0
prk,1992,0
prk,1993,0
prk,1994,0
prk,1995,0
prk,1996,0
prk,1997,0
prk,1998,0
prk,1999,0
prk,2000,0
prk,2001,0
prk,2002,0
prk,2003,0
prk,2004,0
prk,2005,0
prk,2006,0
prk,2007,0
prk,2008,0
prk,2009,0
prk,2010,0
prk,2011,0
prk,2012,0
prk,2013,0
prk,2014,0
prk,2015,0
prk,2016,0
prk,2017,0
prk,2018,0
prk,2019,0
prt,1990,0.00876
prt,1991,0.01006
prt,1992,0.01787
prt,1993,0.006
prt,1994,0.00247
prt,1995,0.00246
prt,1996,0.00304
prt,1997,0.00314
prt,1998,0.00332
prt,1999,0.0037
prt,2000,0.00421
prt,2001,0.00434
prt,2002,0.00445
prt,2003,0.00401
prt,2004,0.0036
prt,2005,0.00345
prt,2006,0.00316
prt,2007,0.00334
prt,2008,0.0038
prt,2009,0.00367
prt,2010,0.00362
prt,2011,0.00386
prt,2012,0.00459
prt,2013,0.00571
prt,2014,0.00671
prt,2015,0.00823
prt,2016,0.01156
prt,2017,0.01525
prt,2018,0.02083
prt,2019,0.02334
pry,1990,0.00156
pry,1991,0.00152
pry,1992,0.00101
pry,1993,0.00114
pry,1994,0.00129
pry,1995,0.00126
pry,1996,0.00108
pry,1997,0.00094
pry,1998,0.00059
pry,1999,0.00036
pry,2000,0.00039
pry,2001,0.00039
pry,2002,0.00038
pry,2003,0.0005
pry,2004,0.00072
pry,2005,0.00086
pry,2006,0.001
pry,2007,0.00103
pry,2008,0.00123
pry,2009,0.00144
pry,2010,0.00171
pry,2011,0.00196
pry,2012,0.00207
pry,2013,0.00209
pry,2014,0.00232
pry,2015,0.00257
pry,2016,0.00301
pry,2017,0.00284
pry,2018,0.00382
pry,2019,0.01442
pse,1990,43.33385
pse,1991,44.21287
pse,1992,44.88271
pse,1993,45.36416
pse,1994,45.68015
pse,1995,45.86189
pse,1996,45.55524
pse,1997,45.55833
pse,1998,44.93359
pse,1999,44.38185
pse,2000,44.32032
pse,2001,44.81677
pse,2002,45.34071
pse,2003,46.13541
pse,2004,46.64202
pse,2005,47.11771
pse,2006,47.48952
pse,2007,47.75511
pse,2008,47.60875
pse,2009,47.63362
pse,2010,49.70508
pse,2011,45.66749
pse,2012,45.84489
pse,2013,46.02477
pse,2014,46.31446
pse,2015,46.45455
pse,2016,46.55823
pse,2017,46.63691
pse,2018,46.70188
pse,2019,46.44367
qat,1990,0
qat,1991,0
qat,1992,0
qat,1993,0
qat,1994,0
qat,1995,0
qat,1996,0
qat,1997,0
qat,1998,0
qat,1999,0.00105
qat,2000,0.00523
qat,2001,0.01089
qat,2002,0.00718
qat,2003,0.00675
qat,2004,0.00611
qat,2005,0.00532
qat,2006,0.0045
qat,2007,0.00378
qat,2008,0.0009
qat,2009,0.00175
qat,2010,0.00275
qat,2011,0.00393
qat,2012,0.00364
qat,2013,0.00556
qat,2014,0.00541
qat,2015,0.00468
qat,2016,0.00667
qat,2017,0.0069
qat,2018,0.00683
qat,2019,0.00717
rou,1990,0
rou,1991,0.00278
rou,1992,0.00222
rou,1993,0.00503
rou,1994,0.00506
rou,1995,0.00084
rou,1996,0.00118
rou,1997,0.00283
rou,1998,0.0044
rou,1999,0.00557
rou,2000,0.00761
rou,2001,0.00821
rou,2002,0.0085
rou,2003,0.00926
rou,2004,0.00754
rou,2005,0.0096
rou,2006,0.00781
rou,2007,0.00835
rou,2008,0.00766
rou,2009,0.00518
rou,2010,0.00499
rou,2011,0.00494
rou,2012,0.00624
rou,2013,0.00879
rou,2014,0.01089
rou,2015,0.01304
rou,2016,0.01467
rou,2017,0.01972
rou,2018,0.02131
rou,2019,0.02005
rus,1990,0
rus,1991,0
rus,1992,0
rus,1993,0
rus,1994,0
rus,1995,0
rus,1996,0.16666
rus,1997,0.16092
rus,1998,0.08725
rus,1999,0.05449
rus,2000,0.01794
rus,2001,0.01232
rus,2002,0.01031
rus,2003,0.00685
rus,2004,0.00129
rus,2005,0.00106
rus,2006,0.00099
rus,2007,0.00116
rus,2008,0.00243
rus,2009,0.0034
rus,2010,0.00343
rus,2011,0.00272
rus,2012,0.00221
rus,2013,0.0024
rus,2014,0.16296
rus,2015,0.21692
rus,2016,0.15762
rus,2017,0.08657
rus,2018,0.05311
rus,2019,0.02909
rwa,1990,0.32379
rwa,1991,0.48002
rwa,1992,0.37543
rwa,1993,4.42227
rwa,1994,0.10107
rwa,1995,0.1335
rwa,1996,0.42003
rwa,1997,0.53314
rwa,1998,0.47974
rwa,1999,0.45812
rwa,2000,0.35794
rwa,2001,0.42261
rwa,2002,0.36624
rwa,2003,0.42781
rwa,2004,0.57855
rwa,2005,0.51137
rwa,2006,0.54396
rwa,2007,0.57773
rwa,2008,0.57811
rwa,2009,0.55215
rwa,2010,0.55181
rwa,2011,0.53748
rwa,2012,0.55179
rwa,2013,0.67843
rwa,2014,0.66603
rwa,2015,1.27308
rwa,2016,1.33745
rwa,2017,1.42706
rwa,2018,1.1816
rwa,2019,1.14879
sau,1990,0
sau,1991,0.1983
sau,1992,0.16583
sau,1993,0.13525
sau,1994,0.09863
sau,1995,0.07065
sau,1996,0.05176
sau,1997,0.03006
sau,1998,0.02796
sau,1999,0.02754
sau,2000,0.02569
sau,2001,1.15678
sau,2002,1.12491
sau,2003,1.07244
sau,2004,1.03988
sau,2005,1.01066
sau,2006,0.98281
sau,2007,0.95591
sau,2008,0.92926
sau,2009,0.00216
sau,2010,0.00212
sau,2011,0.00212
sau,2012,0.00198
sau,2013,0.00186
sau,2014,0.00181
sau,2015,0.00039
sau,2016,0.00043
sau,2017,0.00045
sau,2018,0.00079
sau,2019,0.00093
sdn,1990,5.11749
sdn,1991,3.49042
sdn,1992,3.34574
sdn,1993,3.30791
sdn,1994,3.11577
sdn,1995,2.79759
sdn,1996,1.58933
sdn,1997,1.47327
sdn,1998,1.50486
sdn,1999,1.46844
sdn,2000,1.52127
sdn,2001,1.24846
sdn,2002,1.14328
sdn,2003,0.46898
sdn,2004,0.46861
sdn,2005,0.47579
sdn,2006,0.61967
sdn,2007,0.68825
sdn,2008,0.54931
sdn,2009,0.55142
sdn,2010,0.51616
sdn,2011,0.39439
sdn,2012,0.4205
sdn,2013,0.4312
sdn,2014,0.73157
sdn,2015,0.79593
sdn,2016,1.0577
sdn,2017,2.22129
sdn,2018,2.57954
sdn,2019,2.46533
sen,1990,0.77213
sen,1991,0.92719
sen,1992,0.89636
sen,1993,0.88737
sen,1994,0.8627
sen,1995,0.76833
sen,1996,0.72978
sen,1997,0.62676
sen,1998,0.65067
sen,1999,0.2251
sen,2000,0.21195
sen,2001,0.20633
sen,2002,0.2014
sen,2003,0.19661
sen,2004,0.19245
sen,2005,0.18676
sen,2006,0.1809
sen,2007,0.17473
sen,2008,0.2765
sen,2009,0.17958
sen,2010,0.16305
sen,2011,0.15839
sen,2012,0.10623
sen,2013,0.10337
sen,2014,0.1007
sen,2015,0.09872
sen,2016,0.09727
sen,2017,0.09498
sen,2018,0.09057
sen,2019,0.08879
sgp,1990,0.00485
sgp,1991,0.00535
sgp,1992,0.00359
sgp,1993,0.00033
sgp,1994,0.00035
sgp,1995,0.00318
sgp,1996,0.00027
sgp,1997,0.00013
sgp,1998,0.00013
sgp,1999,0.00003
sgp,2000,0
sgp,2001,0.00005
sgp,2002,0.00005
sgp,2003,0.00002
sgp,2004,0.00002
sgp,2005,0.00007
sgp,2006,0.00002
sgp,2007,0.00022
sgp,2008,0.00021
sgp,2009,0.00014
sgp,2010,0.00014
sgp,2011,0.00006
sgp,2012,0.00006
sgp,2013,0.00006
sgp,2014,0.00005
sgp,2015,0
sgp,2016,0
sgp,2017,0
sgp,2018,0
sgp,2019,0.00003
slb,1990,0
slb,1991,0
slb,1992,0
slb,1993,0
slb,1994,0
slb,1995,0.55668
slb,1996,0.54125
slb,1997,0.21053
slb,1998,0.05375
slb,1999,0
slb,2000,0
slb,2001,0
slb,2002,0
slb,2003,0
slb,2004,0
slb,2005,0
slb,2006,0
slb,2007,0
slb,2008,0
slb,2009,0
slb,2010,0
slb,2011,0
slb,2012,0
slb,2013,0
slb,2014,0.00051
slb,2015,0.0005
slb,2016,0
slb,2017,0
slb,2018,0
slb,2019,0
sle,1990,2.91289
sle,1991,0.6447
sle,1992,0.13492
sle,1993,0.37605
sle,1994,0.36833
sle,1995,0.10862
sle,1996,0.31377
sle,1997,0.30012
sle,1998,0.22517
sle,1999,0.14723
sle,2000,0.14278
sle,2001,0.22088
sle,2002,1.27863
sle,2003,1.17656
sle,2004,1.20422
sle,2005,1.06215
sle,2006,0.46944
sle,2007,0.14684
sle,2008,0.12759
sle,2009,0.14429
sle,2010,0.13035
sle,2011,0.12329
sle,2012,0.06263
sle,2013,0.04104
sle,2014,0.01955
sle,2015,0.0106
sle,2016,0.00932
sle,2017,0.00905
sle,2018,0.00774
sle,2019,0.00567
slv,1990,0.38519
slv,1991,0.37623
slv,1992,0.36746
slv,1993,0.00297
slv,1994,0.0028
slv,1995,0.00274
slv,1996,0.00264
slv,1997,0.0019
slv,1998,0.00057
slv,1999,0.00041
slv,2000,0.001
slv,2001,0.00116
slv,2002,0.00124
slv,2003,0.0041
slv,2004,0.0039
slv,2005,0.00081
slv,2006,0.00064
slv,2007,0.00064
slv,2008,0.00052
slv,2009,0.00049
slv,2010,0.00061
slv,2011,0.00061
slv,2012,0.00072
slv,2013,0.0007
slv,2014,0.00056
slv,2015,0.00076
slv,2016,0.00071
slv,2017,0.00047
slv,2018,0.00075
slv,2019,0.00081
smr,1990,0
smr,1991,0
smr,1992,0
smr,1993,0
smr,1994,0
smr,1995,0
smr,1996,0
smr,1997,0
smr,1998,0
smr,1999,0
smr,2000,0
smr,2001,0
smr,2002,0
smr,2003,0
smr,2004,0
smr,2005,0
smr,2006,0
smr,2007,0
smr,2008,0
smr,2009,0
smr,2010,0
smr,2011,0
smr,2012,0
smr,2013,0
smr,2014,0
smr,2015,0
smr,2016,0
smr,2017,0
smr,2018,0
smr,2019,0
som,1990,6.3667
som,1991,0
som,1992,0.00658
som,1993,0.00545
som,1994,0.00526
som,1995,0.00836
som,1996,0.00911
som,1997,0.00784
som,1998,0.00409
som,1999,0.00152
som,2000,0.00629
som,2001,0.00641
som,2002,0.00209
som,2003,0.00375
som,2004,0.00352
som,2005,0.00472
som,2006,0.00622
som,2007,0.00813
som,2008,0.01616
som,2009,0.01549
som,2010,0.01608
som,2011,0.01696
som,2012,0.01816
som,2013,0.01856
som,2014,0.02033
som,2015,0.05857
som,2016,0.08159
som,2017,0.09977
som,2018,0.11155
som,2019,0.1158
srb,1990,0
srb,1991,0
srb,1992,0
srb,1993,0
srb,1994,0
srb,1995,0
srb,1996,0
srb,1997,0
srb,1998,0
srb,1999,0
srb,2000,0
srb,2001,0
srb,2002,0
srb,2003,0
srb,2004,0
srb,2005,0
srb,2006,1.08242
srb,2007,1.07673
srb,2008,1.06775
srb,2009,0.95697
srb,2010,0.81866
srb,2011,0.78881
srb,2012,0.74238
srb,2013,0.64002
srb,2014,0.49168
srb,2015,0.39803
srb,2016,0.41249
srb,2017,0.36462
srb,2018,0.35164
srb,2019,0.30133
ssd,1990,0
ssd,1991,0
ssd,1992,0
ssd,1993,0
ssd,1994,0
ssd,1995,0
ssd,1996,0
ssd,1997,0
ssd,1998,0
ssd,1999,0
ssd,2000,0
ssd,2001,0
ssd,2002,0
ssd,2003,0
ssd,2004,0
ssd,2005,0
ssd,2006,0
ssd,2007,0
ssd,2008,0
ssd,2009,0
ssd,2010,0
ssd,2011,1.06832
ssd,2012,2.00305
ssd,2013,2.21715
ssd,2014,2.35106
ssd,2015,2.4545
ssd,2016,2.42381
ssd,2017,2.59743
ssd,2018,2.65893
ssd,2019,2.69671
stp,1990,0
stp,1991,0
stp,1992,0
stp,1993,0
stp,1994,0
stp,1995,0
stp,1996,0
stp,1997,0
stp,1998,0
stp,1999,0
stp,2000,0
stp,2001,0
stp,2002,0
stp,2003,0
stp,2004,0
stp,2005,0
stp,2006,0
stp,2007,0
stp,2008,0
stp,2009,0
stp,2010,0
stp,2011,0
stp,2012,0
stp,2013,0
stp,2014,0
stp,2015,0
stp,2016,0
stp,2017,0
stp,2018,0
stp,2019,0
sur,1990,0
sur,1991,0
sur,1992,0.01236
sur,1993,0.01168
sur,1994,0.00896
sur,1995,0
sur,1996,0
sur,1997,0.00242
sur,1998,0
sur,1999,0
sur,2000,0
sur,2001,0
sur,2002,0
sur,2003,0
sur,2004,0
sur,2005,0
sur,2006,0
sur,2007,0.0002
sur,2008,0.00019
sur,2009,0.00019
sur,2010,0.00019
sur,2011,0
sur,2012,0
sur,2013,0
sur,2014,0
sur,2015,0.00018
sur,2016,0.00018
sur,2017,0.00508
sur,2018,0.00747
sur,2019,0.00894
svk,1990,0
svk,1991,0
svk,1992,0
svk,1993,0.02844
svk,1994,0.00296
svk,1995,0.04351
svk,1996,0.02576
svk,1997,0.01384
svk,1998,0.00786
svk,1999,0.00821
svk,2000,0.00846
svk,2001,0.00874
svk,2002,0.00822
svk,2003,0.00767
svk,2004,0.00757
svk,2005,0.00682
svk,2006,0.00459
svk,2007,0.00517
svk,2008,0.00587
svk,2009,0.00742
svk,2010,0.00853
svk,2011,0.01009
svk,2012,0.01223
svk,2013,0.01293
svk,2014,0.01472
svk,2015,0.01509
svk,2016,0.01819
svk,2017,0.01628
svk,2018,0.0174
svk,2019,0.0179
svn,1990,0
svn,1991,0
svn,1992,3.69511
svn,1993,2.24937
svn,1994,1.46121
svn,1995,1.12067
svn,1996,0.50358
svn,1997,0.25837
svn,1998,0.17435
svn,1999,0.22046
svn,2000,0.14167
svn,2001,0.12131
svn,2002,0.01962
svn,2003,0.10408
svn,2004,0.01527
svn,2005,0.01258
svn,2006,0.01268
svn,2007,0.01307
svn,2008,0.01325
svn,2009,0.01421
svn,2010,0.01537
svn,2011,0.00692
svn,2012,0.00855
svn,2013,0.01032
svn,2014,0.01243
svn,2015,0.0141
svn,2016,0.02227
svn,2017,0.02846
svn,2018,0.03605
svn,2019,0.03613
swe,1990,1.28001
swe,1991,1.44311
swe,1992,1.50889
swe,1993,1.85671
swe,1994,2.28217
swe,1995,2.25444
swe,1996,2.15789
swe,1997,2.1054
swe,1998,2.01553
swe,1999,1.79771
swe,2000,1.77017
swe,2001,1.64637
swe,2002,1.59397
swe,2003,1.25306
swe,2004,0.81649
swe,2005,0.82883
swe,2006,0.87853
swe,2007,0.81937
swe,2008,0.83407
swe,2009,0.87357
swe,2010,0.87995
swe,2011,0.91494
swe,2012,0.97321
swe,2013,1.1871
swe,2014,1.46724
swe,2015,1.736
swe,2016,2.34002
swe,2017,2.43212
swe,2018,2.48932
swe,2019,2.52874
swz,1990,5.11586
swz,1991,5.8643
swz,1992,6.41065
swz,1993,5.50734
swz,1994,0.07084
swz,1995,0.07682
swz,1996,0.06081
swz,1997,0.06145
swz,1998,0.06041
swz,1999,0.06197
swz,2000,0.06863
swz,2001,0.06807
swz,2002,0.06408
swz,2003,0.06707
swz,2004,0.0686
swz,2005,0.07375
swz,2006,0.07258
swz,2007,0.07567
swz,2008,0.07381
swz,2009,0.07178
swz,2010,0.07128
swz,2011,0.0708
swz,2012,0.04679
swz,2013,0.04665
swz,2014,0.04703
swz,2015,0.06304
swz,2016,0.06535
swz,2017,0.06801
swz,2018,0.07736
swz,2019,0.08231
syc,1990,0
syc,1991,0
syc,1992,0
syc,1993,0
syc,1994,0
syc,1995,0
syc,1996,0
syc,1997,0
syc,1998,0
syc,1999,0
syc,2000,0
syc,2001,0
syc,2002,0
syc,2003,0
syc,2004,0
syc,2005,0
syc,2006,0
syc,2007,0
syc,2008,0
syc,2009,0
syc,2010,0
syc,2011,0
syc,2012,0
syc,2013,0
syc,2014,0
syc,2015,0
syc,2016,0.00209
syc,2017,0
syc,2018,0
syc,2019,0
syr,1990,2.2887
syr,1991,2.31172
syr,1992,2.34819
syr,1993,2.60516
syr,1994,2.62559
syr,1995,2.60381
syr,1996,2.54267
syr,1997,2.52981
syr,1998,2.50653
syr,1999,2.40325
syr,2000,2.3825
syr,2001,2.38331
syr,2002,2.39115
syr,2003,2.39738
syr,2004,2.45314
syr,2005,2.49514
syr,2006,6.00533
syr,2007,9.83605
syr,2008,7.5861
syr,2009,7.19883
syr,2010,7.02839
syr,2011,5.89319
syr,2012,4.77372
syr,2013,3.40449
syr,2014,3.62229
syr,2015,3.22887
syr,2016,3.22247
syr,2017,3.33286
syr,2018,3.40289
syr,2019,3.41792
tcd,1990,0
tcd,1991,0
tcd,1992,0.0011
tcd,1993,0.00107
tcd,1994,0.00161
tcd,1995,0.00143
tcd,1996,0.00138
tcd,1997,0.00402
tcd,1998,0.11338
tcd,1999,0.29152
tcd,2000,0.21174
tcd,2001,0.14923
tcd,2002,0.37093
tcd,2003,1.56178
tcd,2004,2.66961
tcd,2005,2.72776
tcd,2006,2.74208
tcd,2007,2.71784
tcd,2008,2.95531
tcd,2009,2.92812
tcd,2010,2.9111
tcd,2011,2.96493
tcd,2012,2.92298
tcd,2013,3.28642
tcd,2014,3.31463
tcd,2015,2.61881
tcd,2016,2.68686
tcd,2017,2.74
tcd,2018,2.91522
tcd,2019,2.77592
tgo,1990,0.09212
tgo,1991,0.08817
tgo,1992,0.08497
tgo,1993,0.08141
tgo,1994,0.3002
tgo,1995,0.25734
tgo,1996,0.28948
tgo,1997,0.28271
tgo,1998,0.25507
tgo,1999,0.25339
tgo,2000,0.24821
tgo,2001,0.24211
tgo,2002,0.23656
tgo,2003,0.23252
tgo,2004,0.20639
tgo,2005,0.1655
tgo,2006,0.10981
tgo,2007,0.02243
tgo,2008,0.15414
tgo,2009,0.13648
tgo,2010,0.21881
tgo,2011,0.29215
tgo,2012,0.34752
tgo,2013,0.29639
tgo,2014,0.3051
tgo,2015,0.29977
tgo,2016,0.16633
tgo,2017,0.16133
tgo,2018,0.15637
tgo,2019,0.14808
tha,1990,0.17649
tha,1991,0.15405
tha,1992,0.11006
tha,1993,0.20438
tha,1994,0.17124
tha,1995,0.1792
tha,1996,0.17955
tha,1997,0.278
tha,1998,0.22462
tha,1999,0.16073
tha,2000,0.16674
tha,2001,0.17424
tha,2002,0.17577
tha,2003,0.18444
tha,2004,0.18638
tha,2005,0.17894
tha,2006,0.20227
tha,2007,0.18984
tha,2008,0.16974
tha,2009,0.15747
tha,2010,0.14387
tha,2011,0.13219
tha,2012,0.12453
tha,2013,0.20031
tha,2014,0.1903
tha,2015,0.15755
tha,2016,0.15434
tha,2017,0.15111
tha,2018,0.14727
tha,2019,0.14014
tjk,1990,0
tjk,1991,0
tjk,1992,0.05452
tjk,1993,0.00536
tjk,1994,0.01224
tjk,1995,0.01075
tjk,1996,0.01993
tjk,1997,0.03661
tjk,1998,0.06029
tjk,1999,0.0742
tjk,2000,0.24716
tjk,2001,0.24287
tjk,2002,0.05348
tjk,2003,0.05054
tjk,2004,0.02753
tjk,2005,0.01499
tjk,2006,0.01342
tjk,2007,0.01604
tjk,2008,0.02495
tjk,2009,0.03638
tjk,2010,0.04159
tjk,2011,0.04317
tjk,2012,0.02855
tjk,2013,0.02541
tjk,2014,0.02455
tjk,2015,0.02329
tjk,2016,0.0315
tjk,2017,0.02833
tjk,2018,0.0292
tjk,2019,0.04067
tkm,1990,0
tkm,1991,0
tkm,1992,0
tkm,1993,0.38396
tkm,1994,0.37423
tkm,1995,0.55427
tkm,1996,0.3634
tkm,1997,0.36249
tkm,1998,0.33137
tkm,1999,0.41342
tkm,2000,0.31416
tkm,2001,0.30685
tkm,2002,0.29703
tkm,2003,0.2902
tkm,2004,0.28178
tkm,2005,0.25161
tkm,2006,0.01559
tkm,2007,0.00257
tkm,2008,0.0016
tkm,2009,0.0012
tkm,2010,0.00122
tkm,2011,0.00114
tkm,2012,0.00087
tkm,2013,0.00084
tkm,2014,0.00064
tkm,2015,0.00047
tkm,2016,0.00048
tkm,2017,0.00038
tkm,2018,0.00038
tkm,2019,0.00037
tls,1990,0
tls,1991,0
tls,1992,0
tls,1993,0
tls,1994,0
tls,1995,0
tls,1996,0
tls,1997,0
tls,1998,0
tls,1999,0
tls,2000,0
tls,2001,0
tls,2002,0.00011
tls,2003,0.00032
tls,2004,0.00031
tls,2005,0.0003
tls,2006,0.0003
tls,2007,0.0001
tls,2008,0.00009
tls,2009,0.00009
tls,2010,0.00009
tls,2011,0
tls,2012,0
tls,2013,0
tls,2014,0
tls,2015,0
tls,2016,0
tls,2017,0
tls,2018,0
tls,2019,0
ton,1990,0
ton,1991,0
ton,1992,0
ton,1993,0
ton,1994,0
ton,1995,0
ton,1996,0
ton,1997,0
ton,1998,0
ton,1999,0
ton,2000,0
ton,2001,0
ton,2002,0
ton,2003,0
ton,2004,0
ton,2005,0
ton,2006,0
ton,2007,0
ton,2008,0
ton,2009,0
ton,2010,0
ton,2011,0.00193
ton,2012,0.00292
ton,2013,0.00295
ton,2014,0
ton,2015,0
ton,2016,0
ton,2017,0
ton,2018,0
ton,2019,0
tto,1990,0
tto,1991,0
tto,1992,0
tto,1993,0
tto,1994,0
tto,1995,0
tto,1996,0
tto,1997,0
tto,1998,0
tto,1999,0
tto,2000,0
tto,2001,0
tto,2002,0
tto,2003,0
tto,2004,0
tto,2005,0
tto,2006,0
tto,2007,0.00168
tto,2008,0.00251
tto,2009,0.0028
tto,2010,0.00218
tto,2011,0.00165
tto,2012,0.00134
tto,2013,0.00148
tto,2014,0.00609
tto,2015,0.00825
tto,2016,0.00791
tto,2017,0.01929
tto,2018,0.05648
tto,2019,0.16638
tun,1990,0.00036
tun,1991,0.00154
tun,1992,0.00129
tun,1993,0.00113
tun,1994,0.00021
tun,1995,0.00218
tun,1996,0.0019
tun,1997,0.00539
tun,1998,0.00555
tun,1999,0.00472
tun,2000,0.00449
tun,2001,0.00099
tun,2002,0.00103
tun,2003,0.001
tun,2004,0.0009
tun,2005,0.00086
tun,2006,0.00091
tun,2007,0.00098
tun,2008,0.0009
tun,2009,0.00087
tun,2010,0.00084
tun,2011,0.03814
tun,2012,0.01323
tun,2013,0.00666
tun,2014,0.00814
tun,2015,0.00595
tun,2016,0.00574
tun,2017,0.00613
tun,2018,0.00922
tun,2019,0.01493
tur,1990,0.05193
tur,1991,0.05555
tur,1992,0.05108
tur,1993,0.04107
tur,1994,0.0433
tur,1995,0.02196
tur,1996,0.01374
tur,1997,0.00405
tur,1998,0.00412
tur,1999,0.00452
tur,2000,0.00491
tur,2001,0.00541
tur,2002,0.00507
tur,2003,0.00377
tur,2004,0.00453
tur,2005,0.00353
tur,2006,0.00383
tur,2007,0.01
tur,2008,0.01577
tur,2009,0.01451
tur,2010,0.01387
tur,2011,0.0197
tur,2012,0.35775
tur,2013,0.80334
tur,2014,2.0554
tur,2015,3.23618
tur,2016,3.59451
tur,2017,4.29051
tur,2018,4.47132
tur,2019,4.29048
tuv,1990,0
tuv,1991,0
tuv,1992,0
tuv,1993,0
tuv,1994,0
tuv,1995,0
tuv,1996,0
tuv,1997,0
tuv,1998,0
tuv,1999,0
tuv,2000,0
tuv,2001,0
tuv,2002,0
tuv,2003,0
tuv,2004,0
tuv,2005,0
tuv,2006,0
tuv,2007,0
tuv,2008,0
tuv,2009,0
tuv,2010,0
tuv,2011,0
tuv,2012,0
tuv,2013,0
tuv,2014,0
tuv,2015,0
tuv,2016,0
tuv,2017,0
tuv,2018,0
tuv,2019,0
tza,1990,1.05216
tza,1991,1.10568
tza,1992,1.08359
tza,1993,2.0243
tza,1994,3.06762
tza,1995,2.7983
tza,1996,1.63817
tza,1997,1.82852
tza,1998,1.70366
tza,1999,1.9038
tza,2000,2.03247
tza,2001,1.8813
tza,2002,1.95098
tza,2003,1.78814
tza,2004,1.61073
tza,2005,1.42736
tza,2006,1.22708
tza,2007,1.07083
tza,2008,0.76912
tza,2009,0.27565
tza,2010,0.24644
tza,2011,0.28735
tza,2012,0.2147
tza,2013,0.21059
tza,2014,0.17712
tza,2015,0.41149
tza,2016,0.53064
tza,2017,0.56445
tza,2018,0.49424
tza,2019,0.4175
uga,1990,0.83966
uga,1991,0.90523
uga,1992,1.0575
uga,1993,1.49406
uga,1994,1.44744
uga,1995,1.12354
uga,1996,1.25658
uga,1997,0.87051
uga,1998,0.91762
uga,1999,0.95062
uga,2000,1.00051
uga,2001,0.81896
uga,2002,0.86343
uga,2003,0.88875
uga,2004,0.93389
uga,2005,0.92924
uga,2006,0.95202
uga,2007,0.77649
uga,2008,0.53277
uga,2009,0.40541
uga,2010,0.41877
uga,2011,0.41655
uga,2012,0.57258
uga,2013,0.6179
uga,2014,1.04442
uga,2015,1.24835
uga,2016,2.3729
uga,2017,3.28056
uga,2018,2.72801
uga,2019,3.07088
ukr,1990,0
ukr,1991,0
ukr,1992,0
ukr,1993,0
ukr,1994,0.01015
ukr,1995,0.0102
ukr,1996,0.0071
ukr,1997,0.00909
ukr,1998,0.01226
ukr,1999,0.00547
ukr,2000,0.00604
ukr,2001,0.00616
ukr,2002,0.00618
ukr,2003,0.00605
ukr,2004,0.00521
ukr,2005,0.005
ukr,2006,0.00488
ukr,2007,0.01569
ukr,2008,0.0156
ukr,2009,0.01595
ukr,2010,0.0066
ukr,2011,0.00696
ukr,2012,0.00618
ukr,2013,0.00655
ukr,2014,0.00714
ukr,2015,0.00729
ukr,2016,0.00738
ukr,2017,0.00722
ukr,2018,0.00592
ukr,2019,0.00494
ury,1990,0.0028
ury,1991,0.00259
ury,1992,0.00285
ury,1993,0.00434
ury,1994,0.00353
ury,1995,0.00409
ury,1996,0.00425
ury,1997,0.00407
ury,1998,0.00495
ury,1999,0.00263
ury,2000,0.00238
ury,2001,0.00271
ury,2002,0.00298
ury,2003,0.00274
ury,2004,0.00292
ury,2005,0.00364
ury,2006,0.00376
ury,2007,0.0042
ury,2008,0.00434
ury,2009,0.00502
ury,2010,0.00563
ury,2011,0.00516
ury,2012,0.00536
ury,2013,0.00599
ury,2014,0.008
ury,2015,0.00882
ury,2016,0.00911
ury,2017,0.00885
ury,2018,0.01134
ury,2019,0.01491
usa,1990,0.18439
usa,1991,0.20189
usa,1992,0.22567
usa,1993,0.24007
usa,1994,0.24064
usa,1995,0.23506
usa,1996,0.22622
usa,1997,0.20751
usa,1998,0.19405
usa,1999,0.18709
usa,2000,0.18041
usa,2001,0.18125
usa,2002,0.16888
usa,2003,0.15615
usa,2004,0.14395
usa,2005,0.12859
usa,2006,0.28328
usa,2007,0.09355
usa,2008,0.09211
usa,2009,0.08993
usa,2010,0.08562
usa,2011,0.08497
usa,2012,0.08344
usa,2013,0.08333
usa,2014,0.08385
usa,2015,0.08514
usa,2016,0.0845
usa,2017,0.0883
usa,2018,0.09576
usa,2019,0.10384
uzb,1990,0
uzb,1991,0
uzb,1992,0
uzb,1993,0.03659
uzb,1994,0.03582
uzb,1995,0.01153
uzb,1996,0.01249
uzb,1997,0.01336
uzb,1998,0.00446
uzb,1999,0.00415
uzb,2000,0.15482
uzb,2001,0.15763
uzb,2002,0.1767
uzb,2003,0.17353
uzb,2004,0.17047
uzb,2005,0.1663
uzb,2006,0.00528
uzb,2007,0.00387
uzb,2008,0.00297
uzb,2009,0.00198
uzb,2010,0.00109
uzb,2011,0.00074
uzb,2012,0.0006
uzb,2013,0.00047
uzb,2014,0.00041
uzb,2015,0.00035
uzb,2016,0.00009
uzb,2017,0.00006
uzb,2018,0.00004
uzb,2019,0.00004
vct,1990,0
vct,1991,0
vct,1992,0
vct,1993,0
vct,1994,0
vct,1995,0
vct,1996,0
vct,1997,0
vct,1998,0
vct,1999,0
vct,2000,0
vct,2001,0
vct,2002,0
vct,2003,0
vct,2004,0
vct,2005,0
vct,2006,0
vct,2007,0
vct,2008,0
vct,2009,0
vct,2010,0
vct,2011,0
vct,2012,0
vct,2013,0
vct,2014,0
vct,2015,0
vct,2016,0
vct,2017,0
vct,2018,0
vct,2019,0
ven,1990,0.00891
ven,1991,0.00856
ven,1992,0.00968
ven,1993,0.01057
ven,1994,0.01014
ven,1995,0.00735
ven,1996,0.00713
ven,1997,0.00132
ven,1998,0.00068
ven,1999,0.00079
ven,2000,0.00055
ven,2001,0.00024
ven,2002,0.00023
ven,2003,0.00023
ven,2004,0.00094
ven,2005,0.00154
ven,2006,0.00268
ven,2007,0.73734
ven,2008,0.7279
ven,2009,0.71818
ven,2010,0.70868
ven,2011,0.69933
ven,2012,0.69359
ven,2013,0.68614
ven,2014,0.57784
ven,2015,0.5776
ven,2016,0.57637
ven,2017,0.41756
ven,2018,0.23294
ven,2019,0.2376
vnm,1990,0.03111
vnm,1991,0.02902
vnm,1992,0.02294
vnm,1993,0.00703
vnm,1994,0.00679
vnm,1995,0.04592
vnm,1996,0.04522
vnm,1997,0.01945
vnm,1998,0.0192
vnm,1999,0.01898
vnm,2000,0.01995
vnm,2001,0.01975
vnm,2002,0.01956
vnm,2003,0.01866
vnm,2004,0.00284
vnm,2005,0.00281
vnm,2006,0.00279
vnm,2007,0.00276
vnm,2008,0.00273
vnm,2009,0.00271
vnm,2010,0.00219
vnm,2011,0.00111
vnm,2012,0
vnm,2013,0
vnm,2014,0
vnm,2015,0
vnm,2016,0
vnm,2017,0
vnm,2018,0
vnm,2019,0
vut,1990,0
vut,1991,0
vut,1992,0
vut,1993,0
vut,1994,0
vut,1995,0
vut,1996,0
vut,1997,0
vut,1998,0
vut,1999,0
vut,2000,0
vut,2001,0
vut,2002,0
vut,2003,0
vut,2004,0
vut,2005,0
vut,2006,0
vut,2007,0.00046
vut,2008,0.00134
vut,2009,0.00174
vut,2010,0.00169
vut,2011,0
vut,2012,0.0008
vut,2013,0.00078
vut,2014,0
vut,2015,0
vut,2016,0
vut,2017,0
vut,2018,0
vut,2019,0
wsm,1990,0
wsm,1991,0
wsm,1992,0
wsm,1993,0
wsm,1994,0
wsm,1995,0
wsm,1996,0
wsm,1997,0
wsm,1998,0
wsm,1999,0
wsm,2000,0
wsm,2001,0
wsm,2002,0
wsm,2003,0
wsm,2004,0
wsm,2005,0
wsm,2006,0
wsm,2007,0
wsm,2008,0
wsm,2009,0
wsm,2010,0
wsm,2011,0
wsm,2012,0
wsm,2013,0
wsm,2014,0
wsm,2015,0
wsm,2016,0.00154
wsm,2017,0
wsm,2018,0.00153
wsm,2019,0
yem,1990,0.02509
yem,1991,0.24367
yem,1992,0.4607
yem,1993,0.39937
yem,1994,0.33786
yem,1995,0.35842
yem,1996,0.34614
yem,1997,0.25641
yem,1998,0.37314
yem,1999,0.3574
yem,2000,0.34778
yem,2001,0.38769
yem,2002,0.44895
yem,2003,0.32595
yem,2004,0.33973
yem,2005,0.4075
yem,2006,0.46305
yem,2007,0.55145
yem,2008,0.64027
yem,2009,0.7588
yem,2010,0.82096
yem,2011,0.90198
yem,2012,0.96915
yem,2013,0.95951
yem,2014,0.99772
yem,2015,1.00828
yem,2016,0.99301
yem,2017,0.97323
yem,2018,0.92765
yem,2019,0.92076
zaf,1990,0
zaf,1991,0
zaf,1992,0
zaf,1993,0.63078
zaf,1994,0.22654
zaf,1995,0.24474
zaf,1996,0.05361
zaf,1997,0.01586
zaf,1998,0.0192
zaf,1999,0.03279
zaf,2000,0.0335
zaf,2001,0.04083
zaf,2002,0.05058
zaf,2003,0.05685
zaf,2004,0.05854
zaf,2005,0.06206
zaf,2006,0.07236
zaf,2007,0.07479
zaf,2008,0.08748
zaf,2009,0.09504
zaf,2010,0.11305
zaf,2011,0.11134
zaf,2012,0.12347
zaf,2013,0.12291
zaf,2014,0.20569
zaf,2015,0.21963
zaf,2016,0.16198
zaf,2017,0.15558
zaf,2018,0.15449
zaf,2019,0.15247
zmb,1990,1.7177
zmb,1991,1.70585
zmb,1992,1.68144
zmb,1993,1.63029
zmb,1994,1.59109
zmb,1995,1.42872
zmb,1996,1.4041
zmb,1997,1.71993
zmb,1998,1.70845
zmb,1999,2.03525
zmb,2000,2.40919
zmb,2001,2.65776
zmb,2002,2.2491
zmb,2003,2.01388
zmb,2004,1.5056
zmb,2005,1.31338
zmb,2006,0.98782
zmb,2007,0.90323
zmb,2008,0.64976
zmb,2009,0.4297
zmb,2010,0.35173
zmb,2011,0.3254
zmb,2012,0.17734
zmb,2013,0.15807
zmb,2014,0.16609
zmb,2015,0.16655
zmb,2016,0.17936
zmb,2017,0.24485
zmb,2018,0.28746
zmb,2019,0.32205
zwe,1990,1.83035
zwe,1991,1.85027
zwe,1992,2.18075
zwe,1993,0.90583
zwe,1994,0.01953
zwe,1995,0.0045
zwe,1996,0.00516
zwe,1997,0.00692
zwe,1998,0.01409
zwe,1999,0.01752
zwe,2000,0.03473
zwe,2001,0.07301
zwe,2002,0.0789
zwe,2003,0.10617
zwe,2004,0.05727
zwe,2005,0.11468
zwe,2006,0.02895
zwe,2007,0.03248
zwe,2008,0.02801
zwe,2009,0.03189
zwe,2010,0.03493
zwe,2011,0.03537
zwe,2012,0.03321
zwe,2013,0.04786
zwe,2014,0.04474
zwe,2015,0.05031
zwe,2016,0.05293
zwe,2017,0.05314
zwe,2018,0.054
zwe,2019,0.06117
