country,time,c_locdemo_idea
afg,1976,0
afg,1977,0
afg,1978,0
afg,1979,0
afg,1980,0
afg,1981,0
afg,1982,0
afg,1983,0
afg,1984,0
afg,1985,0
afg,1986,0
afg,1987,0
afg,1988,0
afg,1989,0
afg,1990,0
afg,1991,0
afg,1992,0
afg,1993,0
afg,1994,0
afg,1995,0
afg,1996,0
afg,1997,0
afg,1998,0
afg,1999,0
afg,2000,0
afg,2001,0
afg,2002,0
afg,2003,0
afg,2004,0
afg,2005,0.64007
afg,2006,-0.05349
afg,2007,0
afg,2008,0
afg,2009,0
afg,2010,0
afg,2011,0
afg,2012,0
afg,2013,7.48281
afg,2014,0
afg,2015,0
afg,2016,-0.67782
afg,2017,-5.80876
afg,2018,17.44607
ago,1976,0
ago,1977,0
ago,1978,0
ago,1979,0
ago,1980,0
ago,1981,0
ago,1982,0
ago,1983,0
ago,1984,0
ago,1985,0
ago,1986,0
ago,1987,0
ago,1988,0
ago,1989,0
ago,1990,0
ago,1991,0
ago,1992,0
ago,1993,0
ago,1994,0
ago,1995,0
ago,1996,0
ago,1997,0
ago,1998,0
ago,1999,0
ago,2000,0
ago,2001,0
ago,2002,0
ago,2003,0
ago,2004,0
ago,2005,0
ago,2006,0
ago,2007,0
ago,2008,0
ago,2009,0
ago,2010,0
ago,2011,0
ago,2012,0
ago,2013,0
ago,2014,0
ago,2015,0
ago,2016,0
ago,2017,0
ago,2018,0
alb,1976,0
alb,1977,0
alb,1978,0
alb,1979,0
alb,1980,0
alb,1981,0
alb,1982,0
alb,1983,0
alb,1984,0
alb,1985,0
alb,1986,0
alb,1987,0
alb,1988,0
alb,1989,0
alb,1990,0
alb,1991,40.30834
alb,1992,14.4856
alb,1993,-3.92897
alb,1994,0
alb,1995,0
alb,1996,-4.07449
alb,1997,-6.29694
alb,1998,0
alb,1999,3.29399
alb,2000,2.96326
alb,2001,4.08772
alb,2002,1.26958
alb,2003,3.8915
alb,2004,0
alb,2005,9.43722
alb,2006,0
alb,2007,-4.50166
alb,2008,4.20336
alb,2009,0
alb,2010,0
alb,2011,-4.02709
alb,2012,-2.15592
alb,2013,9.09687
alb,2014,3.11415
alb,2015,-0.01288
alb,2016,-0.32607
alb,2017,3.25266
alb,2018,-3.04462
are,1976,0
are,1977,0
are,1978,0
are,1979,0
are,1980,0
are,1981,0
are,1982,0
are,1983,0
are,1984,0
are,1985,0
are,1986,0
are,1987,0
are,1988,0
are,1989,0
are,1990,0
are,1991,0
are,1992,0
are,1993,0
are,1994,0
are,1995,0
are,1996,0
are,1997,0
are,1998,0
are,1999,0
are,2000,0
are,2001,0
are,2002,0
are,2003,0
are,2004,0
are,2005,0
are,2006,0
are,2007,0
are,2008,0
are,2009,0
are,2010,0
are,2011,0
are,2012,0
are,2013,0
are,2014,0
are,2015,0
are,2016,0
are,2017,0
are,2018,0
arg,1976,-68.78283
arg,1977,0
arg,1978,0
arg,1979,0
arg,1980,0
arg,1981,0
arg,1982,0
arg,1983,72.75877
arg,1984,0
arg,1985,0
arg,1986,0
arg,1987,0
arg,1988,0
arg,1989,0
arg,1990,0
arg,1991,0
arg,1992,0
arg,1993,0
arg,1994,0
arg,1995,0
arg,1996,0
arg,1997,0
arg,1998,0
arg,1999,0
arg,2000,0
arg,2001,0
arg,2002,0
arg,2003,0
arg,2004,0
arg,2005,0
arg,2006,0
arg,2007,0
arg,2008,0
arg,2009,0
arg,2010,-7.29084
arg,2011,0
arg,2012,0
arg,2013,2.08032
arg,2014,-0.17104
arg,2015,0
arg,2016,2.43405
arg,2017,-0.68793
arg,2018,2.13161
arm,1992,29.04477
arm,1993,0
arm,1994,-9.38947
arm,1995,-2.21899
arm,1996,0.68905
arm,1997,-0.05419
arm,1998,0.7193
arm,1999,-2.96588
arm,2000,-0.39906
arm,2001,0
arm,2002,-2.13327
arm,2003,0
arm,2004,0
arm,2005,-0.17736
arm,2006,0.89173
arm,2007,-1.20212
arm,2008,-2.29092
arm,2009,-0.33009
arm,2010,0
arm,2011,0
arm,2012,0.72423
arm,2013,-1.52728
arm,2014,11.5081
arm,2015,-14.44816
arm,2016,18.60029
arm,2017,8.08124
arm,2018,31.66247
aus,1976,0
aus,1977,0
aus,1978,0
aus,1979,0
aus,1980,0
aus,1981,-2.9092
aus,1982,0
aus,1983,14.04543
aus,1984,0
aus,1985,0
aus,1986,0
aus,1987,0
aus,1988,0
aus,1989,0
aus,1990,0
aus,1991,0
aus,1992,0.54768
aus,1993,0
aus,1994,0
aus,1995,0
aus,1996,0
aus,1997,0
aus,1998,0
aus,1999,0
aus,2000,0
aus,2001,0
aus,2002,0
aus,2003,0
aus,2004,0
aus,2005,0
aus,2006,0
aus,2007,0
aus,2008,0
aus,2009,0
aus,2010,0
aus,2011,0
aus,2012,0
aus,2013,-3.32065
aus,2014,0
aus,2015,-0.17119
aus,2016,0
aus,2017,-3.4684
aus,2018,-0.49044
aut,1976,0
aut,1977,0
aut,1978,0
aut,1979,0
aut,1980,0
aut,1981,0
aut,1982,0
aut,1983,0
aut,1984,0
aut,1985,0
aut,1986,0
aut,1987,0
aut,1988,0
aut,1989,0
aut,1990,0
aut,1991,0
aut,1992,0
aut,1993,0
aut,1994,0
aut,1995,0
aut,1996,0
aut,1997,0
aut,1998,0
aut,1999,0
aut,2000,0
aut,2001,0
aut,2002,0
aut,2003,0
aut,2004,0
aut,2005,0
aut,2006,0
aut,2007,0
aut,2008,0
aut,2009,0
aut,2010,-9.36376
aut,2011,10.18833
aut,2012,0
aut,2013,-1.6841
aut,2014,0
aut,2015,0
aut,2016,0
aut,2017,-0.64227
aut,2018,0.57803
aze,1992,0
aze,1993,0
aze,1994,0
aze,1995,0
aze,1996,0
aze,1997,0
aze,1998,0
aze,1999,3.36223
aze,2000,-1.72535
aze,2001,0
aze,2002,0
aze,2003,0
aze,2004,0.90491
aze,2005,0
aze,2006,-0.23528
aze,2007,0
aze,2008,0
aze,2009,0
aze,2010,0
aze,2011,0
aze,2012,0
aze,2013,0.23528
aze,2014,0
aze,2015,0
aze,2016,-2.11386
aze,2017,0.06823
aze,2018,-0.08319
bdi,1976,0
bdi,1977,0
bdi,1978,0
bdi,1979,0
bdi,1980,0
bdi,1981,0
bdi,1982,0
bdi,1983,0
bdi,1984,0
bdi,1985,0
bdi,1986,0
bdi,1987,0
bdi,1988,0
bdi,1989,0
bdi,1990,0
bdi,1991,0
bdi,1992,0
bdi,1993,0
bdi,1994,0
bdi,1995,0
bdi,1996,0
bdi,1997,0
bdi,1998,0
bdi,1999,0
bdi,2000,0
bdi,2001,0
bdi,2002,0
bdi,2003,0
bdi,2004,0
bdi,2005,32.61365
bdi,2006,-9.75256
bdi,2007,0
bdi,2008,0
bdi,2009,0
bdi,2010,-6.97882
bdi,2011,-3.90886
bdi,2012,2.38797
bdi,2013,-7.62682
bdi,2014,0
bdi,2015,-1.05377
bdi,2016,-3.7437
bdi,2017,0.06887
bdi,2018,1.31352
bel,1976,0
bel,1977,0
bel,1978,0
bel,1979,0
bel,1980,0
bel,1981,0
bel,1982,0
bel,1983,0
bel,1984,0
bel,1985,0
bel,1986,0
bel,1987,0
bel,1988,0
bel,1989,0
bel,1990,0
bel,1991,0
bel,1992,0
bel,1993,0
bel,1994,0
bel,1995,0
bel,1996,0
bel,1997,0
bel,1998,0
bel,1999,0
bel,2000,0
bel,2001,0
bel,2002,0
bel,2003,0
bel,2004,0
bel,2005,0
bel,2006,0
bel,2007,0
bel,2008,0
bel,2009,0
bel,2010,0
bel,2011,0
bel,2012,0
bel,2013,-4.0556
bel,2014,0
bel,2015,0
bel,2016,0
bel,2017,0
bel,2018,-2.90488
ben,1976,0
ben,1977,0
ben,1978,0
ben,1979,0
ben,1980,0
ben,1981,0
ben,1982,0
ben,1983,0
ben,1984,0
ben,1985,0
ben,1986,0
ben,1987,0
ben,1988,0
ben,1989,0
ben,1990,0
ben,1991,0
ben,1992,0
ben,1993,0
ben,1994,0
ben,1995,0
ben,1996,0
ben,1997,0
ben,1998,0
ben,1999,0
ben,2000,0
ben,2001,0
ben,2002,0
ben,2003,56.51177
ben,2004,0
ben,2005,0
ben,2006,0
ben,2007,0
ben,2008,0
ben,2009,0
ben,2010,-0.39704
ben,2011,-3.57334
ben,2012,0
ben,2013,5.43021
ben,2014,0.21261
ben,2015,6.74485
ben,2016,3.00667
ben,2017,5.74856
ben,2018,-73.68429
bfa,1976,0
bfa,1977,0
bfa,1978,0
bfa,1979,0
bfa,1980,0
bfa,1981,0
bfa,1982,0
bfa,1983,0
bfa,1984,0
bfa,1985,0
bfa,1986,0
bfa,1987,0
bfa,1988,0
bfa,1989,0
bfa,1990,0
bfa,1991,0
bfa,1992,0
bfa,1993,0
bfa,1994,0
bfa,1995,0
bfa,1996,0
bfa,1997,0
bfa,1998,0
bfa,1999,0
bfa,2000,0
bfa,2001,0
bfa,2002,0
bfa,2003,0
bfa,2004,0
bfa,2005,0
bfa,2006,45.03205
bfa,2007,-4.62369
bfa,2008,0
bfa,2009,0
bfa,2010,-5.45098
bfa,2011,0
bfa,2012,0
bfa,2013,9.52535
bfa,2014,0
bfa,2015,0.30158
bfa,2016,7.88859
bfa,2017,-0.82286
bfa,2018,5.79298
bgd,1976,0
bgd,1977,0
bgd,1978,0
bgd,1979,0
bgd,1980,0
bgd,1981,0
bgd,1982,0
bgd,1983,0
bgd,1984,0
bgd,1985,-1.59565
bgd,1986,0
bgd,1987,0
bgd,1988,0
bgd,1989,2.08128
bgd,1990,0
bgd,1991,0
bgd,1992,0
bgd,1993,0
bgd,1994,0
bgd,1995,0
bgd,1996,0
bgd,1997,0
bgd,1998,0
bgd,1999,0
bgd,2000,2.19691
bgd,2001,0
bgd,2002,0
bgd,2003,0
bgd,2004,-8.88014
bgd,2005,8.7067
bgd,2006,0
bgd,2007,0
bgd,2008,0
bgd,2009,-1.88472
bgd,2010,-3.13548
bgd,2011,0
bgd,2012,0
bgd,2013,1.70036
bgd,2014,-6.93864
bgd,2015,0.24157
bgd,2016,-3.9915
bgd,2017,5.90448
bgd,2018,-7.44592
bgr,1976,0
bgr,1977,0
bgr,1978,0
bgr,1979,0
bgr,1980,0
bgr,1981,0
bgr,1982,0
bgr,1983,0
bgr,1984,0
bgr,1985,0
bgr,1986,0
bgr,1987,0
bgr,1988,0
bgr,1989,0
bgr,1990,54.23208
bgr,1991,0
bgr,1992,0
bgr,1993,0
bgr,1994,0
bgr,1995,0
bgr,1996,0
bgr,1997,0
bgr,1998,0
bgr,1999,0
bgr,2000,0
bgr,2001,3.92966
bgr,2002,0
bgr,2003,0
bgr,2004,0
bgr,2005,0
bgr,2006,-0.2021
bgr,2007,-6.13023
bgr,2008,0
bgr,2009,-2.5236
bgr,2010,10.65453
bgr,2011,-1.49611
bgr,2012,0.4141
bgr,2013,14.6481
bgr,2014,-7.04202
bgr,2015,5.43091
bgr,2016,0.1574
bgr,2017,-2.18016
bgr,2018,0.45834
bhr,1976,0
bhr,1977,0
bhr,1978,0
bhr,1979,0
bhr,1980,0
bhr,1981,0
bhr,1982,0
bhr,1983,0
bhr,1984,0
bhr,1985,0
bhr,1986,0
bhr,1987,0
bhr,1988,0
bhr,1989,0
bhr,1990,0
bhr,1991,0
bhr,1992,0
bhr,1993,0
bhr,1994,0
bhr,1995,0
bhr,1996,0
bhr,1997,0
bhr,1998,0
bhr,1999,0
bhr,2000,0
bhr,2001,0
bhr,2002,1.17517
bhr,2003,0
bhr,2004,0
bhr,2005,0
bhr,2006,0
bhr,2007,0
bhr,2008,0
bhr,2009,0
bhr,2010,0
bhr,2011,0
bhr,2012,0
bhr,2013,0
bhr,2014,0
bhr,2015,-0.10457
bhr,2016,0
bhr,2017,0
bhr,2018,-0.00563
bih,1993,0
bih,1994,0
bih,1995,0
bih,1996,55.53491
bih,1997,-0.05004
bih,1998,2.86661
bih,1999,0
bih,2000,0
bih,2001,0
bih,2002,0
bih,2003,0
bih,2004,0
bih,2005,0
bih,2006,0.67101
bih,2007,0
bih,2008,-0.6447
bih,2009,0.97
bih,2010,0.1584
bih,2011,0.52855
bih,2012,1.24765
bih,2013,-1.12065
bih,2014,0
bih,2015,0
bih,2016,2.75334
bih,2017,-6.38038
bih,2018,-6.22954
blr,1992,2.28378
blr,1993,0
blr,1994,-0.24694
blr,1995,-14.87806
blr,1996,-6.53845
blr,1997,-11.91034
blr,1998,0
blr,1999,0
blr,2000,-0.00103
blr,2001,0
blr,2002,0
blr,2003,0
blr,2004,-0.09437
blr,2005,-0.15694
blr,2006,0
blr,2007,0
blr,2008,0
blr,2009,0
blr,2010,0
blr,2011,-0.03258
blr,2012,4.30761
blr,2013,0
blr,2014,0
blr,2015,0
blr,2016,-1.29402
blr,2017,0.0711
blr,2018,-1.72314
bol,1976,0
bol,1977,0
bol,1978,0
bol,1979,0
bol,1980,0
bol,1981,0
bol,1982,0
bol,1983,0
bol,1984,0
bol,1985,24.64343
bol,1986,0
bol,1987,18.35149
bol,1988,0
bol,1989,-0.89514
bol,1990,1.85623
bol,1991,0
bol,1992,0
bol,1993,0
bol,1994,5.76253
bol,1995,8.59365
bol,1996,-0.72708
bol,1997,0
bol,1998,0
bol,1999,-2.6961
bol,2000,12.62731
bol,2001,0
bol,2002,0
bol,2003,0
bol,2004,6.22309
bol,2005,0
bol,2006,0
bol,2007,0
bol,2008,0
bol,2009,-6.59741
bol,2010,6.90825
bol,2011,0
bol,2012,0
bol,2013,2.46548
bol,2014,0
bol,2015,-11.44762
bol,2016,15.58815
bol,2017,-0.40405
bol,2018,-0.75409
bra,1976,0
bra,1977,0
bra,1978,0
bra,1979,0
bra,1980,0
bra,1981,0
bra,1982,9.68874
bra,1983,0
bra,1984,0
bra,1985,7.76208
bra,1986,0
bra,1987,6.62549
bra,1988,0
bra,1989,4.9645
bra,1990,0.59543
bra,1991,-4.66419
bra,1992,0
bra,1993,0
bra,1994,0
bra,1995,0
bra,1996,0
bra,1997,0
bra,1998,0
bra,1999,0
bra,2000,0
bra,2001,0
bra,2002,0
bra,2003,0
bra,2004,0
bra,2005,0.37999
bra,2006,0
bra,2007,0
bra,2008,0
bra,2009,0
bra,2010,0
bra,2011,0
bra,2012,0
bra,2013,0
bra,2014,0
bra,2015,0
bra,2016,4.6528
bra,2017,-2.43842
bra,2018,-0.206
bwa,1976,0
bwa,1977,0
bwa,1978,0
bwa,1979,0
bwa,1980,0
bwa,1981,0
bwa,1982,6.80054
bwa,1983,0
bwa,1984,0.19043
bwa,1985,0
bwa,1986,0
bwa,1987,0
bwa,1988,0
bwa,1989,0
bwa,1990,0
bwa,1991,0
bwa,1992,0
bwa,1993,0
bwa,1994,0
bwa,1995,0
bwa,1996,0
bwa,1997,0
bwa,1998,0
bwa,1999,14.74491
bwa,2000,0
bwa,2001,0
bwa,2002,0
bwa,2003,0
bwa,2004,0
bwa,2005,0
bwa,2006,-0.64166
bwa,2007,-0.14852
bwa,2008,0
bwa,2009,0
bwa,2010,-5.7027
bwa,2011,0
bwa,2012,-3.25371
bwa,2013,5.20829
bwa,2014,-2.8244
bwa,2015,0.76707
bwa,2016,0
bwa,2017,-4.12904
bwa,2018,-3.05496
caf,1976,0
caf,1977,0
caf,1978,0
caf,1979,0
caf,1980,0
caf,1981,0
caf,1982,0
caf,1983,0
caf,1984,0
caf,1985,0
caf,1986,0
caf,1987,0
caf,1988,0
caf,1989,0
caf,1990,0
caf,1991,0
caf,1992,0
caf,1993,0
caf,1994,0
caf,1995,0
caf,1996,0
caf,1997,0
caf,1998,0
caf,1999,0
caf,2000,0
caf,2001,0
caf,2002,0
caf,2003,0
caf,2004,0
caf,2005,0
caf,2006,0
caf,2007,0
caf,2008,0
caf,2009,0
caf,2010,0
caf,2011,0
caf,2012,0
caf,2013,0
caf,2014,0
caf,2015,0
caf,2016,0
caf,2017,0
caf,2018,0
can,1976,0
can,1977,0
can,1978,0
can,1979,0
can,1980,0
can,1981,0
can,1982,0
can,1983,0
can,1984,0
can,1985,0
can,1986,0
can,1987,0
can,1988,0
can,1989,0
can,1990,0
can,1991,0
can,1992,0
can,1993,0
can,1994,0
can,1995,0
can,1996,0
can,1997,0
can,1998,0
can,1999,0
can,2000,0
can,2001,0
can,2002,0
can,2003,0
can,2004,0
can,2005,0
can,2006,0
can,2007,0
can,2008,0
can,2009,0
can,2010,0
can,2011,0
can,2012,0
can,2013,-1.21438
can,2014,0
can,2015,0.36449
can,2016,0
can,2017,-2.36745
can,2018,-0.97017
che,1976,0
che,1977,0
che,1978,0
che,1979,0
che,1980,7.66039
che,1981,0
che,1982,0
che,1983,0
che,1984,0
che,1985,0
che,1986,0
che,1987,0
che,1988,0
che,1989,0
che,1990,0
che,1991,0
che,1992,0
che,1993,0
che,1994,0
che,1995,0
che,1996,0
che,1997,0
che,1998,0
che,1999,0
che,2000,0
che,2001,0
che,2002,0
che,2003,0
che,2004,0
che,2005,0
che,2006,0
che,2007,0
che,2008,0
che,2009,0
che,2010,0
che,2011,0
che,2012,0
che,2013,0
che,2014,0
che,2015,-5.40107
che,2016,0
che,2017,-7.74688
che,2018,0.30468
chl,1976,0
chl,1977,0
chl,1978,0
chl,1979,0
chl,1980,0
chl,1981,0
chl,1982,0
chl,1983,0
chl,1984,0
chl,1985,0
chl,1986,0
chl,1987,0
chl,1988,0
chl,1989,0
chl,1990,0
chl,1991,0
chl,1992,78.59983
chl,1993,0
chl,1994,0
chl,1995,0
chl,1996,0
chl,1997,0
chl,1998,0
chl,1999,0
chl,2000,0
chl,2001,0
chl,2002,0
chl,2003,0
chl,2004,0
chl,2005,0
chl,2006,0
chl,2007,0
chl,2008,0
chl,2009,0
chl,2010,0
chl,2011,0
chl,2012,0
chl,2013,0
chl,2014,0
chl,2015,2.30673
chl,2016,0
chl,2017,-2.60205
chl,2018,-2.84158
chn,1976,0
chn,1977,0
chn,1978,0
chn,1979,0
chn,1980,0
chn,1981,0
chn,1982,0
chn,1983,0
chn,1984,0
chn,1985,0
chn,1986,0
chn,1987,0
chn,1988,0
chn,1989,0
chn,1990,0
chn,1991,0
chn,1992,0
chn,1993,0
chn,1994,0
chn,1995,0
chn,1996,0
chn,1997,0
chn,1998,0
chn,1999,0
chn,2000,0
chn,2001,0
chn,2002,0
chn,2003,0
chn,2004,0
chn,2005,0
chn,2006,0
chn,2007,0
chn,2008,0
chn,2009,0
chn,2010,0
chn,2011,0
chn,2012,0
chn,2013,0
chn,2014,0
chn,2015,0
chn,2016,0
chn,2017,0
chn,2018,0
civ,1976,0
civ,1977,0
civ,1978,0
civ,1979,0
civ,1980,55.59844
civ,1981,0.61223
civ,1982,0
civ,1983,0
civ,1984,0
civ,1985,0
civ,1986,0
civ,1987,0
civ,1988,0
civ,1989,0
civ,1990,-2.86697
civ,1991,-53.34371
civ,1992,0
civ,1993,52.83501
civ,1994,0
civ,1995,0
civ,1996,-52.83501
civ,1997,0
civ,1998,0
civ,1999,0
civ,2000,53.4855
civ,2001,-53.4855
civ,2002,51.04749
civ,2003,0
civ,2004,0
civ,2005,7.80646
civ,2006,-4.41235
civ,2007,0
civ,2008,0
civ,2009,0.67882
civ,2010,1.90875
civ,2011,-6.99292
civ,2012,-6.24672
civ,2013,7.61912
civ,2014,9.10008
civ,2015,9.85313
civ,2016,-5.91153
civ,2017,-64.45032
civ,2018,46.86385
cmr,1976,0
cmr,1977,0
cmr,1978,0
cmr,1979,0
cmr,1980,0
cmr,1981,0
cmr,1982,0
cmr,1983,0
cmr,1984,0
cmr,1985,0
cmr,1986,0
cmr,1987,0
cmr,1988,0
cmr,1989,0
cmr,1990,-0.45561
cmr,1991,0
cmr,1992,3.62646
cmr,1993,-0.44998
cmr,1994,0
cmr,1995,0
cmr,1996,0
cmr,1997,0
cmr,1998,0
cmr,1999,0
cmr,2000,0
cmr,2001,0
cmr,2002,0
cmr,2003,0
cmr,2004,0
cmr,2005,0.12186
cmr,2006,0
cmr,2007,0
cmr,2008,0
cmr,2009,0
cmr,2010,0
cmr,2011,0
cmr,2012,0
cmr,2013,1.01691
cmr,2014,0
cmr,2015,0
cmr,2016,-2.30852
cmr,2017,-2.91
cmr,2018,0.15347
cod,1976,0
cod,1977,0
cod,1978,0
cod,1979,0
cod,1980,0
cod,1981,0
cod,1982,0
cod,1983,0
cod,1984,0
cod,1985,0
cod,1986,0
cod,1987,0
cod,1988,0
cod,1989,0
cod,1990,0.07933
cod,1991,0
cod,1992,0
cod,1993,0
cod,1994,0
cod,1995,0
cod,1996,0
cod,1997,0
cod,1998,-7.66857
cod,1999,0
cod,2000,0
cod,2001,0
cod,2002,0
cod,2003,0
cod,2004,0
cod,2005,0
cod,2006,0
cod,2007,0
cod,2008,0
cod,2009,0
cod,2010,0
cod,2011,0
cod,2012,0
cod,2013,0
cod,2014,0
cod,2015,0
cod,2016,0
cod,2017,0
cod,2018,0
cog,1976,0
cog,1977,0
cog,1978,0
cog,1979,12.77529
cog,1980,0
cog,1981,0
cog,1982,0
cog,1983,0
cog,1984,0
cog,1985,0
cog,1986,0
cog,1987,0
cog,1988,0
cog,1989,0
cog,1990,0
cog,1991,7.18905
cog,1992,29.95341
cog,1993,-15.74221
cog,1994,0
cog,1995,0
cog,1996,0
cog,1997,-34.17553
cog,1998,0
cog,1999,0
cog,2000,0
cog,2001,0
cog,2002,0
cog,2003,0
cog,2004,0
cog,2005,0
cog,2006,0
cog,2007,0
cog,2008,0
cog,2009,0
cog,2010,0
cog,2011,0
cog,2012,0
cog,2013,0
cog,2014,0
cog,2015,0
cog,2016,0
cog,2017,18.33836
cog,2018,0
col,1976,0
col,1977,0
col,1978,0
col,1979,0
col,1980,-0.35615
col,1981,0
col,1982,0
col,1983,0
col,1984,0
col,1985,0
col,1986,1.76839
col,1987,0
col,1988,34.5357
col,1989,0
col,1990,-0.34477
col,1991,0.26666
col,1992,10.46967
col,1993,0
col,1994,0
col,1995,-12.13815
col,1996,0
col,1997,0
col,1998,0
col,1999,-1.91874
col,2000,1.79361
col,2001,0.31979
col,2002,0
col,2003,0
col,2004,3.68455
col,2005,0
col,2006,-0.45389
col,2007,0
col,2008,5.6673
col,2009,0
col,2010,0
col,2011,0
col,2012,0
col,2013,-0.95144
col,2014,0
col,2015,0
col,2016,0.98638
col,2017,-5.50076
col,2018,10.16057
cri,1976,0
cri,1977,0
cri,1978,0
cri,1979,0
cri,1980,0
cri,1981,0
cri,1982,0
cri,1983,0
cri,1984,0
cri,1985,0
cri,1986,0
cri,1987,0
cri,1988,0
cri,1989,0
cri,1990,0
cri,1991,0
cri,1992,0
cri,1993,0
cri,1994,0
cri,1995,1.92504
cri,1996,0
cri,1997,0
cri,1998,0
cri,1999,0
cri,2000,0
cri,2001,0
cri,2002,0
cri,2003,0
cri,2004,0
cri,2005,0
cri,2006,0
cri,2007,0
cri,2008,0
cri,2009,0
cri,2010,0
cri,2011,0
cri,2012,0
cri,2013,-3.21354
cri,2014,0
cri,2015,-1.7627
cri,2016,2.13621
cri,2017,-0.42167
cri,2018,1.44998
cub,1976,0.39947
cub,1977,0
cub,1978,0
cub,1979,0
cub,1980,0
cub,1981,0
cub,1982,0
cub,1983,0
cub,1984,0
cub,1985,0
cub,1986,0
cub,1987,0
cub,1988,0
cub,1989,0
cub,1990,0
cub,1991,0.24598
cub,1992,0
cub,1993,0
cub,1994,0
cub,1995,0
cub,1996,0
cub,1997,0
cub,1998,0
cub,1999,0
cub,2000,0
cub,2001,0
cub,2002,0
cub,2003,0
cub,2004,0
cub,2005,0
cub,2006,0
cub,2007,0
cub,2008,0
cub,2009,0
cub,2010,0
cub,2011,0.44418
cub,2012,0
cub,2013,-1.62866
cub,2014,0
cub,2015,-0.04935
cub,2016,-0.08622
cub,2017,0.24488
cub,2018,-0.53769
cyp,1976,0
cyp,1977,0
cyp,1978,0
cyp,1979,0
cyp,1980,7.07223
cyp,1981,0
cyp,1982,0
cyp,1983,0
cyp,1984,0
cyp,1985,0
cyp,1986,0
cyp,1987,0
cyp,1988,0
cyp,1989,0
cyp,1990,0
cyp,1991,0
cyp,1992,0
cyp,1993,0
cyp,1994,0
cyp,1995,0
cyp,1996,0
cyp,1997,0
cyp,1998,0
cyp,1999,0
cyp,2000,0
cyp,2001,0
cyp,2002,0
cyp,2003,0
cyp,2004,0
cyp,2005,0
cyp,2006,0
cyp,2007,0.03762
cyp,2008,0
cyp,2009,-0.01254
cyp,2010,5.78067
cyp,2011,0
cyp,2012,0
cyp,2013,-0.55173
cyp,2014,0
cyp,2015,0
cyp,2016,0
cyp,2017,1.28578
cyp,2018,-13.74648
cze,1976,0
cze,1977,0
cze,1978,0
cze,1979,0
cze,1980,0
cze,1981,0
cze,1982,0
cze,1983,0
cze,1984,0
cze,1985,0
cze,1986,0
cze,1987,0
cze,1988,0
cze,1989,0
cze,1990,74.64412
cze,1991,0
cze,1992,0
cze,1993,0
cze,1994,0
cze,1995,0
cze,1996,0
cze,1997,0
cze,1998,0
cze,1999,0
cze,2000,0
cze,2001,0
cze,2002,0
cze,2003,0
cze,2004,0
cze,2005,0
cze,2006,0
cze,2007,3.87468
cze,2008,0
cze,2009,-3.64832
cze,2010,0
cze,2011,5.77873
cze,2012,0
cze,2013,-8.80205
cze,2014,0
cze,2015,4.17085
cze,2016,0
cze,2017,-2.35014
cze,2018,-2.15645
deu,1976,0
deu,1977,0
deu,1978,0
deu,1979,0
deu,1980,0
deu,1981,0
deu,1982,0
deu,1983,0
deu,1984,0
deu,1985,0
deu,1986,0
deu,1987,0
deu,1988,0
deu,1989,0
deu,1990,0
deu,1991,0
deu,1992,0
deu,1993,0
deu,1994,0
deu,1995,0
deu,1996,0
deu,1997,0
deu,1998,0.37431
deu,1999,0
deu,2000,0
deu,2001,0
deu,2002,0
deu,2003,0
deu,2004,0
deu,2005,0.56147
deu,2006,0
deu,2007,0
deu,2008,0
deu,2009,0
deu,2010,0
deu,2011,4.68309
deu,2012,0
deu,2013,-4.32539
deu,2014,-14.78571
deu,2015,0.48246
deu,2016,0
deu,2017,0.50398
deu,2018,-2.57765
dnk,1976,0
dnk,1977,0
dnk,1978,0
dnk,1979,0
dnk,1980,0
dnk,1981,0
dnk,1982,0
dnk,1983,0
dnk,1984,0
dnk,1985,0
dnk,1986,0
dnk,1987,0
dnk,1988,0
dnk,1989,0
dnk,1990,0
dnk,1991,0
dnk,1992,0
dnk,1993,0
dnk,1994,0
dnk,1995,0
dnk,1996,0
dnk,1997,0
dnk,1998,0
dnk,1999,0
dnk,2000,0
dnk,2001,0
dnk,2002,0
dnk,2003,0
dnk,2004,0
dnk,2005,0
dnk,2006,0
dnk,2007,0
dnk,2008,0
dnk,2009,0
dnk,2010,0
dnk,2011,0
dnk,2012,0
dnk,2013,-2.90136
dnk,2014,0
dnk,2015,-2.25174
dnk,2016,-0.16179
dnk,2017,0.27937
dnk,2018,-0.0811
dom,1976,0
dom,1977,0
dom,1978,0
dom,1979,-33.64756
dom,1980,52.56598
dom,1981,0
dom,1982,0
dom,1983,0
dom,1984,0
dom,1985,0
dom,1986,0
dom,1987,0
dom,1988,0
dom,1989,0
dom,1990,-24.77434
dom,1991,0
dom,1992,0
dom,1993,0
dom,1994,0
dom,1995,0
dom,1996,27.83223
dom,1997,0
dom,1998,0
dom,1999,0
dom,2000,0
dom,2001,0
dom,2002,0
dom,2003,0
dom,2004,0
dom,2005,0
dom,2006,0
dom,2007,0
dom,2008,2.66551
dom,2009,1.58307
dom,2010,0
dom,2011,0
dom,2012,0
dom,2013,-16.5964
dom,2014,0
dom,2015,-5.19312
dom,2016,0.79253
dom,2017,0
dom,2018,-38.87544
dza,1976,0
dza,1977,0
dza,1978,0
dza,1979,0
dza,1980,0
dza,1981,0
dza,1982,0
dza,1983,0
dza,1984,0
dza,1985,0
dza,1986,0
dza,1987,0
dza,1988,0
dza,1989,0
dza,1990,10.08842
dza,1991,0
dza,1992,-2.87516
dza,1993,0
dza,1994,0
dza,1995,0
dza,1996,0
dza,1997,0.78068
dza,1998,0
dza,1999,0
dza,2000,-1.13087
dza,2001,0
dza,2002,2.40602
dza,2003,0
dza,2004,0
dza,2005,0
dza,2006,0.06515
dza,2007,0.02792
dza,2008,-0.05585
dza,2009,1.94529
dza,2010,0.83303
dza,2011,0
dza,2012,0
dza,2013,-10.69478
dza,2014,0.00546
dza,2015,0.00982
dza,2016,1.09818
dza,2017,-1.22234
dza,2018,-0.17368
ecu,1976,0
ecu,1977,0
ecu,1978,9.59345
ecu,1979,12.66148
ecu,1980,9.18084
ecu,1981,0
ecu,1982,0
ecu,1983,0
ecu,1984,0
ecu,1985,0
ecu,1986,0
ecu,1987,0
ecu,1988,0
ecu,1989,0
ecu,1990,0
ecu,1991,0
ecu,1992,0
ecu,1993,0
ecu,1994,0
ecu,1995,0
ecu,1996,0
ecu,1997,0
ecu,1998,0
ecu,1999,0
ecu,2000,0
ecu,2001,0
ecu,2002,0
ecu,2003,1.8526
ecu,2004,0
ecu,2005,0
ecu,2006,-0.27446
ecu,2007,-1.87626
ecu,2008,0
ecu,2009,0
ecu,2010,0
ecu,2011,0
ecu,2012,-0.12022
ecu,2013,0.41956
ecu,2014,0
ecu,2015,0
ecu,2016,0
ecu,2017,8.57568
ecu,2018,0.29376
egy,1976,0
egy,1977,0
egy,1978,0
egy,1979,0
egy,1980,0
egy,1981,0
egy,1982,0
egy,1983,0
egy,1984,0
egy,1985,0
egy,1986,0
egy,1987,0
egy,1988,0
egy,1989,0
egy,1990,0
egy,1991,0
egy,1992,0
egy,1993,0
egy,1994,0
egy,1995,0
egy,1996,0
egy,1997,0
egy,1998,0
egy,1999,0
egy,2000,0
egy,2001,0
egy,2002,0
egy,2003,0
egy,2004,0
egy,2005,0
egy,2006,0
egy,2007,0
egy,2008,0
egy,2009,0
egy,2010,0
egy,2011,0
egy,2012,21.37278
egy,2013,0
egy,2014,0
egy,2015,-20.33251
egy,2016,0
egy,2017,-0.17032
egy,2018,0
eri,1994,0
eri,1995,0
eri,1996,0
eri,1997,0
eri,1998,0
eri,1999,0
eri,2000,0
eri,2001,0
eri,2002,0
eri,2003,0
eri,2004,0
eri,2005,0
eri,2006,0
eri,2007,0
eri,2008,0
eri,2009,0
eri,2010,0
eri,2011,0
eri,2012,0
eri,2013,0.02419
eri,2014,0
eri,2015,0
eri,2016,0.00937
eri,2017,0.03499
eri,2018,0.00046
esp,1976,0
esp,1977,0
esp,1978,0
esp,1979,65.92641
esp,1980,20.0116
esp,1981,0
esp,1982,0
esp,1983,0
esp,1984,0
esp,1985,0
esp,1986,0
esp,1987,0
esp,1988,0
esp,1989,0
esp,1990,0
esp,1991,0
esp,1992,0
esp,1993,0
esp,1994,0
esp,1995,0
esp,1996,0
esp,1997,0
esp,1998,0
esp,1999,0
esp,2000,0
esp,2001,0
esp,2002,0
esp,2003,0
esp,2004,0
esp,2005,0
esp,2006,0
esp,2007,-9.30476
esp,2008,10.57938
esp,2009,0
esp,2010,0
esp,2011,0
esp,2012,0
esp,2013,-1.67117
esp,2014,0.43378
esp,2015,-1.16851
esp,2016,0
esp,2017,-0.24125
esp,2018,0.39642
est,1992,18.07223
est,1993,0
est,1994,0
est,1995,0
est,1996,0
est,1997,0
est,1998,0
est,1999,0
est,2000,0
est,2001,0
est,2002,0
est,2003,0
est,2004,0
est,2005,0
est,2006,0
est,2007,0
est,2008,0
est,2009,-2.20773
est,2010,0
est,2011,0
est,2012,0
est,2013,1.02455
est,2014,0
est,2015,0
est,2016,6.37628
est,2017,-0.31063
est,2018,-2.42854
eth,1976,0
eth,1977,0
eth,1978,0
eth,1979,0
eth,1980,0
eth,1981,0
eth,1982,0
eth,1983,0
eth,1984,0
eth,1985,0
eth,1986,0
eth,1987,0
eth,1988,0
eth,1989,0
eth,1990,0.02573
eth,1991,0.43309
eth,1992,2.28295
eth,1993,-0.40922
eth,1994,0
eth,1995,0
eth,1996,0
eth,1997,0
eth,1998,0
eth,1999,0
eth,2000,-0.0188
eth,2001,0
eth,2002,0
eth,2003,0
eth,2004,0
eth,2005,1.30401
eth,2006,-0.86263
eth,2007,-0.04649
eth,2008,0
eth,2009,-0.23247
eth,2010,0.11683
eth,2011,-0.10234
eth,2012,0.23441
eth,2013,-0.17581
eth,2014,0
eth,2015,-0.23441
eth,2016,-0.24223
eth,2017,1.61131
eth,2018,0.30026
fin,1976,0
fin,1977,0
fin,1978,0
fin,1979,0
fin,1980,0
fin,1981,0
fin,1982,0
fin,1983,0
fin,1984,0
fin,1985,-1.4993
fin,1986,0
fin,1987,0
fin,1988,0
fin,1989,0
fin,1990,0
fin,1991,0
fin,1992,0
fin,1993,0
fin,1994,0
fin,1995,0
fin,1996,0
fin,1997,0
fin,1998,0
fin,1999,0
fin,2000,0
fin,2001,0
fin,2002,0
fin,2003,0
fin,2004,0
fin,2005,0
fin,2006,0
fin,2007,0
fin,2008,0
fin,2009,0
fin,2010,0
fin,2011,0
fin,2012,0
fin,2013,0.4578
fin,2014,0
fin,2015,-0.70149
fin,2016,0
fin,2017,1.22306
fin,2018,-0.91938
fra,1976,0
fra,1977,0
fra,1978,0
fra,1979,0
fra,1980,0
fra,1981,0
fra,1982,0
fra,1983,0
fra,1984,0
fra,1985,0
fra,1986,0
fra,1987,0
fra,1988,0
fra,1989,0
fra,1990,0
fra,1991,0
fra,1992,0
fra,1993,0
fra,1994,0
fra,1995,0
fra,1996,0
fra,1997,0
fra,1998,0
fra,1999,0
fra,2000,0
fra,2001,0
fra,2002,0
fra,2003,3.62057
fra,2004,0
fra,2005,0
fra,2006,0.21102
fra,2007,12.55479
fra,2008,-0.19425
fra,2009,0.09713
fra,2010,0.09713
fra,2011,-0.48563
fra,2012,0
fra,2013,-12.98123
fra,2014,0.084
fra,2015,0
fra,2016,0
fra,2017,0.58799
fra,2018,-2.85657
gab,1976,0
gab,1977,0
gab,1978,0
gab,1979,0
gab,1980,0
gab,1981,0
gab,1982,0
gab,1983,0
gab,1984,0
gab,1985,0
gab,1986,0
gab,1987,0
gab,1988,0
gab,1989,0
gab,1990,0
gab,1991,0.06606
gab,1992,10.9088
gab,1993,0
gab,1994,0
gab,1995,0
gab,1996,9.95379
gab,1997,0
gab,1998,0
gab,1999,0
gab,2000,0
gab,2001,0
gab,2002,0
gab,2003,0
gab,2004,0
gab,2005,0
gab,2006,0
gab,2007,0
gab,2008,0
gab,2009,0
gab,2010,0
gab,2011,0
gab,2012,-8.04516
gab,2013,15.52788
gab,2014,0
gab,2015,0
gab,2016,0
gab,2017,-0.66643
gab,2018,-6.68577
gbr,1976,0
gbr,1977,0
gbr,1978,0
gbr,1979,0
gbr,1980,27.55619
gbr,1981,0
gbr,1982,0
gbr,1983,0
gbr,1984,0
gbr,1985,0
gbr,1986,0
gbr,1987,0
gbr,1988,0
gbr,1989,0
gbr,1990,0
gbr,1991,0
gbr,1992,0
gbr,1993,0
gbr,1994,0
gbr,1995,0
gbr,1996,0
gbr,1997,0
gbr,1998,0
gbr,1999,0
gbr,2000,0
gbr,2001,0
gbr,2002,0
gbr,2003,0
gbr,2004,-8.8882
gbr,2005,24.89775
gbr,2006,0
gbr,2007,0
gbr,2008,0
gbr,2009,0
gbr,2010,0
gbr,2011,0
gbr,2012,0
gbr,2013,-19.8849
gbr,2014,-6.93933
gbr,2015,6.83821
gbr,2016,0
gbr,2017,0.78246
gbr,2018,-0.13655
geo,1992,0
geo,1993,0
geo,1994,0
geo,1995,0
geo,1996,1.19738
geo,1997,0
geo,1998,0
geo,1999,0
geo,2000,-0.00997
geo,2001,0
geo,2002,0
geo,2003,0
geo,2004,5.7332
geo,2005,0.12703
geo,2006,0.26264
geo,2007,-0.25933
geo,2008,0.30221
geo,2009,0.04137
geo,2010,3.74809
geo,2011,0.46142
geo,2012,0.50112
geo,2013,14.67022
geo,2014,6.24553
geo,2015,-4.39234
geo,2016,-4.19896
geo,2017,3.13451
geo,2018,-1.66498
gha,1976,0
gha,1977,0
gha,1978,0
gha,1979,0
gha,1980,12.81872
gha,1981,0
gha,1982,-10.00205
gha,1983,0
gha,1984,0
gha,1985,0
gha,1986,0
gha,1987,0
gha,1988,14.6098
gha,1989,-1.1825
gha,1990,0
gha,1991,0
gha,1992,0
gha,1993,-0.71559
gha,1994,0
gha,1995,0
gha,1996,0.28364
gha,1997,0
gha,1998,0
gha,1999,0
gha,2000,0.10286
gha,2001,-0.12468
gha,2002,0
gha,2003,0
gha,2004,0
gha,2005,0.03117
gha,2006,0
gha,2007,0
gha,2008,0
gha,2009,0
gha,2010,-0.51037
gha,2011,8.35017
gha,2012,0
gha,2013,-10.02019
gha,2014,0
gha,2015,4.3902
gha,2016,-1.48953
gha,2017,2.40133
gha,2018,0
gin,1976,0
gin,1977,0
gin,1978,0
gin,1979,0
gin,1980,0
gin,1981,0
gin,1982,0
gin,1983,0
gin,1984,0
gin,1985,0
gin,1986,0
gin,1987,0
gin,1988,0
gin,1989,0
gin,1990,0
gin,1991,0
gin,1992,0
gin,1993,0
gin,1994,0
gin,1995,0
gin,1996,0
gin,1997,0
gin,1998,0
gin,1999,0
gin,2000,0
gin,2001,0
gin,2002,0
gin,2003,0
gin,2004,0
gin,2005,0.90719
gin,2006,0
gin,2007,0
gin,2008,-0.90719
gin,2009,0
gin,2010,5.08837
gin,2011,0
gin,2012,0
gin,2013,-0.55415
gin,2014,0
gin,2015,0
gin,2016,0
gin,2017,0.31909
gin,2018,-1.67688
gmb,1976,0
gmb,1977,0
gmb,1978,0
gmb,1979,0
gmb,1980,0
gmb,1981,0
gmb,1982,0
gmb,1983,0
gmb,1984,0
gmb,1985,0
gmb,1986,0
gmb,1987,0
gmb,1988,0
gmb,1989,0
gmb,1990,0
gmb,1991,0
gmb,1992,0
gmb,1993,0
gmb,1994,0
gmb,1995,0
gmb,1996,14.02575
gmb,1997,-0.67035
gmb,1998,0
gmb,1999,0
gmb,2000,0
gmb,2001,0
gmb,2002,1.70165
gmb,2003,0
gmb,2004,0
gmb,2005,0
gmb,2006,0
gmb,2007,0
gmb,2008,0
gmb,2009,0
gmb,2010,0
gmb,2011,0
gmb,2012,0
gmb,2013,-0.56475
gmb,2014,0
gmb,2015,0
gmb,2016,0
gmb,2017,2.68409
gmb,2018,8.317
gnb,1976,0
gnb,1977,0
gnb,1978,0
gnb,1979,0
gnb,1980,0
gnb,1981,0
gnb,1982,0
gnb,1983,0
gnb,1984,0
gnb,1985,0
gnb,1986,0
gnb,1987,0
gnb,1988,0
gnb,1989,0
gnb,1990,0
gnb,1991,0
gnb,1992,0
gnb,1993,0
gnb,1994,0
gnb,1995,0
gnb,1996,0
gnb,1997,0
gnb,1998,0
gnb,1999,0
gnb,2000,0
gnb,2001,0
gnb,2002,0
gnb,2003,0
gnb,2004,0
gnb,2005,0
gnb,2006,0
gnb,2007,0
gnb,2008,0
gnb,2009,0
gnb,2010,0
gnb,2011,0
gnb,2012,0
gnb,2013,0
gnb,2014,0
gnb,2015,0
gnb,2016,0
gnb,2017,0
gnb,2018,0
gnq,1976,0
gnq,1977,0
gnq,1978,0
gnq,1979,0
gnq,1980,0
gnq,1981,0
gnq,1982,0
gnq,1983,0
gnq,1984,0
gnq,1985,0
gnq,1986,0
gnq,1987,0
gnq,1988,0
gnq,1989,0
gnq,1990,0
gnq,1991,0
gnq,1992,0
gnq,1993,0
gnq,1994,0
gnq,1995,0
gnq,1996,0
gnq,1997,0
gnq,1998,0
gnq,1999,0
gnq,2000,0
gnq,2001,0
gnq,2002,0
gnq,2003,0
gnq,2004,0
gnq,2005,0
gnq,2006,0
gnq,2007,0
gnq,2008,0
gnq,2009,0
gnq,2010,0
gnq,2011,0
gnq,2012,0
gnq,2013,0
gnq,2014,0
gnq,2015,0
gnq,2016,0
gnq,2017,0
gnq,2018,0
grc,1976,0
grc,1977,0
grc,1978,0
grc,1979,0
grc,1980,0
grc,1981,0
grc,1982,0
grc,1983,0
grc,1984,0
grc,1985,0
grc,1986,0
grc,1987,0
grc,1988,0
grc,1989,0
grc,1990,0
grc,1991,0
grc,1992,0
grc,1993,0
grc,1994,0
grc,1995,0
grc,1996,0
grc,1997,0
grc,1998,0
grc,1999,0
grc,2000,0
grc,2001,0
grc,2002,0
grc,2003,0
grc,2004,0
grc,2005,0
grc,2006,0
grc,2007,0
grc,2008,0
grc,2009,0
grc,2010,0
grc,2011,2.89173
grc,2012,0
grc,2013,-3.62142
grc,2014,0
grc,2015,0
grc,2016,0
grc,2017,-6.47331
grc,2018,0
gtm,1976,0
gtm,1977,0
gtm,1978,0
gtm,1979,0
gtm,1980,-0.19233
gtm,1981,0
gtm,1982,-1.47945
gtm,1983,0
gtm,1984,7.13576
gtm,1985,13.27109
gtm,1986,0
gtm,1987,14.35393
gtm,1988,0
gtm,1989,0
gtm,1990,3.90385
gtm,1991,0
gtm,1992,0
gtm,1993,0
gtm,1994,0
gtm,1995,-0.88112
gtm,1996,0
gtm,1997,0
gtm,1998,0
gtm,1999,0
gtm,2000,0.4961
gtm,2001,1.731
gtm,2002,2.5031
gtm,2003,0
gtm,2004,0
gtm,2005,0
gtm,2006,0
gtm,2007,0
gtm,2008,0.90909
gtm,2009,0
gtm,2010,0
gtm,2011,0
gtm,2012,-1.00871
gtm,2013,8.43908
gtm,2014,0
gtm,2015,0
gtm,2016,0
gtm,2017,-3.77428
gtm,2018,-0.28482
hnd,1976,0
hnd,1977,0
hnd,1978,0
hnd,1979,0
hnd,1980,0
hnd,1981,0
hnd,1982,4.67418
hnd,1983,-15.08751
hnd,1984,0
hnd,1985,0
hnd,1986,12.22548
hnd,1987,0
hnd,1988,0
hnd,1989,0
hnd,1990,0.59939
hnd,1991,0
hnd,1992,0
hnd,1993,0
hnd,1994,-0.11988
hnd,1995,0
hnd,1996,0
hnd,1997,0
hnd,1998,-1.92728
hnd,1999,0
hnd,2000,14.50916
hnd,2001,0
hnd,2002,0
hnd,2003,0
hnd,2004,0
hnd,2005,0
hnd,2006,0
hnd,2007,0
hnd,2008,0
hnd,2009,-4.79961
hnd,2010,2.08518
hnd,2011,0.08039
hnd,2012,0
hnd,2013,5.60229
hnd,2014,0
hnd,2015,0
hnd,2016,0
hnd,2017,-5.9209
hnd,2018,-2.90259
hrv,1992,0
hrv,1993,-6.16991
hrv,1994,0
hrv,1995,0
hrv,1996,0
hrv,1997,5.47594
hrv,1998,0
hrv,1999,0
hrv,2000,13.24414
hrv,2001,0
hrv,2002,0
hrv,2003,0
hrv,2004,0
hrv,2005,0
hrv,2006,-6.21687
hrv,2007,0
hrv,2008,0
hrv,2009,10.23629
hrv,2010,4.12024
hrv,2011,0
hrv,2012,0
hrv,2013,-2.73645
hrv,2014,0
hrv,2015,0
hrv,2016,0
hrv,2017,-4.87586
hrv,2018,8.97274
hti,1976,0
hti,1977,0
hti,1978,0
hti,1979,0
hti,1980,0
hti,1981,0
hti,1982,0
hti,1983,0
hti,1984,0
hti,1985,0
hti,1986,0
hti,1987,4.88505
hti,1988,0
hti,1989,0
hti,1990,5.69617
hti,1991,1.65868
hti,1992,-0.75192
hti,1993,0
hti,1994,0
hti,1995,7.802
hti,1996,30.71652
hti,1997,0
hti,1998,0
hti,1999,0
hti,2000,-5.84598
hti,2001,0
hti,2002,0
hti,2003,0
hti,2004,0
hti,2005,0
hti,2006,0
hti,2007,0
hti,2008,0
hti,2009,0
hti,2010,-0.4264
hti,2011,0
hti,2012,0
hti,2013,-4.84774
hti,2014,0
hti,2015,0
hti,2016,0
hti,2017,0.55058
hti,2018,-1.5988
hun,1976,0
hun,1977,0
hun,1978,0
hun,1979,0
hun,1980,0
hun,1981,0
hun,1982,0
hun,1983,0
hun,1984,0
hun,1985,2.96658
hun,1986,0
hun,1987,0
hun,1988,0
hun,1989,0
hun,1990,75.22015
hun,1991,0.33553
hun,1992,0
hun,1993,0
hun,1994,0
hun,1995,0
hun,1996,0
hun,1997,0
hun,1998,0
hun,1999,0
hun,2000,0
hun,2001,0
hun,2002,0
hun,2003,0
hun,2004,0
hun,2005,0
hun,2006,0
hun,2007,0
hun,2008,0
hun,2009,0
hun,2010,-2.2059
hun,2011,-7.90294
hun,2012,0
hun,2013,1.26921
hun,2014,0
hun,2015,-0.54717
hun,2016,0
hun,2017,-0.94808
hun,2018,-0.93895
idn,1976,0
idn,1977,1.92835
idn,1978,0
idn,1979,0
idn,1980,-1.92835
idn,1981,0
idn,1982,1.92835
idn,1983,0
idn,1984,0
idn,1985,-1.92835
idn,1986,0
idn,1987,1.92835
idn,1988,0
idn,1989,0
idn,1990,-1.92835
idn,1991,0
idn,1992,1.92835
idn,1993,0.12397
idn,1994,0
idn,1995,-2.05233
idn,1996,0
idn,1997,2.05233
idn,1998,0.72845
idn,1999,28.18119
idn,2000,6.6481
idn,2001,3.6711
idn,2002,0
idn,2003,0
idn,2004,17.90599
idn,2005,-2.74603
idn,2006,5.13452
idn,2007,0
idn,2008,4.05909
idn,2009,-4.71457
idn,2010,-1.50177
idn,2011,0
idn,2012,0
idn,2013,0.99328
idn,2014,0
idn,2015,0.4539
idn,2016,0
idn,2017,1.22228
idn,2018,1.06686
ind,1976,0
ind,1977,0
ind,1978,0
ind,1979,0
ind,1980,0
ind,1981,0
ind,1982,0
ind,1983,0
ind,1984,0
ind,1985,0
ind,1986,0
ind,1987,0
ind,1988,0
ind,1989,0
ind,1990,0
ind,1991,0
ind,1992,0
ind,1993,-0.46825
ind,1994,15.01333
ind,1995,-5.57525
ind,1996,-2.16815
ind,1997,0
ind,1998,0
ind,1999,0
ind,2000,0
ind,2001,0
ind,2002,0
ind,2003,0
ind,2004,-7.41218
ind,2005,0
ind,2006,0
ind,2007,0
ind,2008,0
ind,2009,0
ind,2010,0
ind,2011,0
ind,2012,0
ind,2013,1.64963
ind,2014,0
ind,2015,0.44585
ind,2016,0
ind,2017,0.23407
ind,2018,-6.65548
irl,1976,0
irl,1977,0
irl,1978,0
irl,1979,0
irl,1980,0
irl,1981,0
irl,1982,0
irl,1983,0
irl,1984,0
irl,1985,0
irl,1986,0
irl,1987,0
irl,1988,0
irl,1989,0
irl,1990,0
irl,1991,0
irl,1992,0
irl,1993,0
irl,1994,0
irl,1995,0
irl,1996,0
irl,1997,0
irl,1998,0
irl,1999,0
irl,2000,0
irl,2001,0
irl,2002,0
irl,2003,0
irl,2004,0
irl,2005,0
irl,2006,0
irl,2007,0
irl,2008,0
irl,2009,0
irl,2010,0
irl,2011,0
irl,2012,0
irl,2013,-7.06499
irl,2014,0
irl,2015,0
irl,2016,0
irl,2017,-0.76684
irl,2018,-8.31442
irn,1976,0
irn,1977,0
irn,1978,0
irn,1979,0
irn,1980,0
irn,1981,0
irn,1982,0
irn,1983,0
irn,1984,0
irn,1985,0
irn,1986,0
irn,1987,0
irn,1988,0
irn,1989,0
irn,1990,0
irn,1991,0
irn,1992,0
irn,1993,0
irn,1994,0
irn,1995,0
irn,1996,0
irn,1997,0
irn,1998,0
irn,1999,8.55076
irn,2000,0.37443
irn,2001,0
irn,2002,0
irn,2003,0
irn,2004,-1.65628
irn,2005,0
irn,2006,0
irn,2007,0
irn,2008,0
irn,2009,0
irn,2010,4.64554
irn,2011,0
irn,2012,0
irn,2013,0.12212
irn,2014,0.09707
irn,2015,0
irn,2016,-4.55621
irn,2017,-2.61308
irn,2018,0.39508
irq,1976,0
irq,1977,0
irq,1978,0
irq,1979,0
irq,1980,0
irq,1981,0
irq,1982,0
irq,1983,0
irq,1984,0
irq,1985,0
irq,1986,0
irq,1987,0
irq,1988,0
irq,1989,0
irq,1990,0
irq,1991,0
irq,1992,0
irq,1993,0
irq,1994,0
irq,1995,0
irq,1996,0
irq,1997,0
irq,1998,0
irq,1999,0
irq,2000,0
irq,2001,0
irq,2002,0
irq,2003,0
irq,2004,0
irq,2005,0
irq,2006,0
irq,2007,0
irq,2008,0
irq,2009,0
irq,2010,0
irq,2011,0
irq,2012,0
irq,2013,0
irq,2014,0
irq,2015,0
irq,2016,0
irq,2017,0
irq,2018,0
isr,1976,0
isr,1977,0
isr,1978,0
isr,1979,0
isr,1980,0
isr,1981,0
isr,1982,0
isr,1983,0
isr,1984,0
isr,1985,0
isr,1986,2.31841
isr,1987,0
isr,1988,0
isr,1989,0
isr,1990,0
isr,1991,0
isr,1992,0
isr,1993,0
isr,1994,0
isr,1995,0
isr,1996,0
isr,1997,0
isr,1998,0
isr,1999,0
isr,2000,0
isr,2001,0
isr,2002,0
isr,2003,0
isr,2004,0
isr,2005,0
isr,2006,0
isr,2007,0
isr,2008,0
isr,2009,0
isr,2010,-2.07605
isr,2011,0
isr,2012,0
isr,2013,-3.05898
isr,2014,0
isr,2015,0
isr,2016,0
isr,2017,3.39055
isr,2018,3.40865
ita,1976,0
ita,1977,0
ita,1978,0
ita,1979,0
ita,1980,0
ita,1981,0
ita,1982,0
ita,1983,0
ita,1984,0
ita,1985,0
ita,1986,0
ita,1987,0
ita,1988,0
ita,1989,0
ita,1990,4.50683
ita,1991,0
ita,1992,0
ita,1993,3.13869
ita,1994,0
ita,1995,0
ita,1996,0
ita,1997,0
ita,1998,0
ita,1999,0
ita,2000,0
ita,2001,0
ita,2002,0
ita,2003,0
ita,2004,0
ita,2005,0
ita,2006,0
ita,2007,0
ita,2008,0
ita,2009,0
ita,2010,0
ita,2011,0
ita,2012,0
ita,2013,-1.49347
ita,2014,0
ita,2015,0
ita,2016,0
ita,2017,5.63656
ita,2018,2.3712
jam,1976,0
jam,1977,0
jam,1978,0
jam,1979,0
jam,1980,0.62022
jam,1981,0
jam,1982,0
jam,1983,0
jam,1984,0
jam,1985,0
jam,1986,0
jam,1987,0
jam,1988,0
jam,1989,0
jam,1990,0
jam,1991,0
jam,1992,0
jam,1993,0
jam,1994,0
jam,1995,0
jam,1996,0
jam,1997,0
jam,1998,0
jam,1999,13.51102
jam,2000,0
jam,2001,0
jam,2002,0
jam,2003,0
jam,2004,0
jam,2005,0
jam,2006,0
jam,2007,0
jam,2008,0.3029
jam,2009,0
jam,2010,7.03887
jam,2011,0
jam,2012,0
jam,2013,-0.15642
jam,2014,0
jam,2015,0
jam,2016,-0.33071
jam,2017,-1.92193
jam,2018,-0.40589
jor,1976,0
jor,1977,0
jor,1978,0
jor,1979,0
jor,1980,0
jor,1981,0
jor,1982,0
jor,1983,0
jor,1984,0
jor,1985,0
jor,1986,0
jor,1987,0
jor,1988,0
jor,1989,-5.76935
jor,1990,0
jor,1991,0
jor,1992,0
jor,1993,0
jor,1994,0
jor,1995,9.26272
jor,1996,0
jor,1997,0
jor,1998,0
jor,1999,0
jor,2000,0
jor,2001,0
jor,2002,0
jor,2003,-9.26272
jor,2004,0
jor,2005,9.47444
jor,2006,0
jor,2007,0
jor,2008,0
jor,2009,0
jor,2010,0
jor,2011,0
jor,2012,0
jor,2013,4.28279
jor,2014,0
jor,2015,0
jor,2016,0.47174
jor,2017,-0.1347
jor,2018,-2.99081
jpn,1976,0
jpn,1977,0
jpn,1978,0
jpn,1979,0
jpn,1980,0
jpn,1981,0
jpn,1982,0
jpn,1983,0
jpn,1984,0
jpn,1985,0
jpn,1986,0
jpn,1987,0
jpn,1988,0
jpn,1989,0
jpn,1990,0
jpn,1991,0
jpn,1992,0
jpn,1993,0
jpn,1994,0
jpn,1995,0
jpn,1996,0
jpn,1997,0
jpn,1998,0
jpn,1999,0
jpn,2000,0
jpn,2001,0
jpn,2002,0
jpn,2003,0
jpn,2004,0
jpn,2005,0
jpn,2006,0
jpn,2007,0
jpn,2008,4.30429
jpn,2009,0
jpn,2010,-0.84247
jpn,2011,0
jpn,2012,0
jpn,2013,-6.39065
jpn,2014,0
jpn,2015,0.87086
jpn,2016,0
jpn,2017,-1.83541
jpn,2018,-3.27616
kaz,1992,0
kaz,1993,0
kaz,1994,2.48937
kaz,1995,-0.26005
kaz,1996,-2.16652
kaz,1997,0
kaz,1998,0
kaz,1999,0
kaz,2000,0
kaz,2001,0
kaz,2002,0
kaz,2003,0
kaz,2004,0
kaz,2005,0
kaz,2006,0.00014
kaz,2007,0
kaz,2008,0
kaz,2009,0
kaz,2010,0.00689
kaz,2011,0
kaz,2012,0
kaz,2013,0.31331
kaz,2014,0
kaz,2015,0
kaz,2016,0.63072
kaz,2017,-0.24283
kaz,2018,0.56018
ken,1976,0
ken,1977,0
ken,1978,0
ken,1979,0
ken,1980,5.29677
ken,1981,0
ken,1982,0
ken,1983,0
ken,1984,0
ken,1985,0
ken,1986,0
ken,1987,0
ken,1988,0
ken,1989,0
ken,1990,0
ken,1991,0
ken,1992,0.58774
ken,1993,0
ken,1994,0
ken,1995,0
ken,1996,0
ken,1997,0
ken,1998,0
ken,1999,0
ken,2000,0
ken,2001,0
ken,2002,0
ken,2003,0
ken,2004,0
ken,2005,0
ken,2006,0
ken,2007,0
ken,2008,0
ken,2009,0
ken,2010,0.95094
ken,2011,5.42334
ken,2012,0
ken,2013,12.50354
ken,2014,0
ken,2015,0
ken,2016,-2.92481
ken,2017,-1.30555
ken,2018,-9.14781
kgz,1992,0
kgz,1993,0
kgz,1994,0
kgz,1995,0
kgz,1996,0
kgz,1997,0
kgz,1998,0
kgz,1999,3.77367
kgz,2000,0
kgz,2001,1.08106
kgz,2002,0
kgz,2003,0
kgz,2004,0
kgz,2005,0.66202
kgz,2006,11.54944
kgz,2007,0
kgz,2008,0
kgz,2009,0
kgz,2010,1.81866
kgz,2011,0.31652
kgz,2012,1.31128
kgz,2013,0.31652
kgz,2014,-1.85388
kgz,2015,0.5503
kgz,2016,0.04275
kgz,2017,0.46308
kgz,2018,2.47927
khm,1976,0
khm,1977,0
khm,1978,0
khm,1979,0
khm,1980,0
khm,1981,0
khm,1982,0
khm,1983,0
khm,1984,0
khm,1985,0
khm,1986,0
khm,1987,0
khm,1988,0
khm,1989,0
khm,1990,0
khm,1991,0
khm,1992,0
khm,1993,0
khm,1994,0
khm,1995,0
khm,1996,0
khm,1997,0
khm,1998,0
khm,1999,0
khm,2000,0
khm,2001,0
khm,2002,13.668
khm,2003,0
khm,2004,2.33237
khm,2005,-0.51919
khm,2006,0
khm,2007,0
khm,2008,3.66231
khm,2009,1.67752
khm,2010,-0.12729
khm,2011,0
khm,2012,0
khm,2013,0.92454
khm,2014,0.55683
khm,2015,0
khm,2016,1.823
khm,2017,1.54737
khm,2018,-8.98903
kor,1976,0
kor,1977,0
kor,1978,0
kor,1979,0
kor,1980,0
kor,1981,0
kor,1982,0
kor,1983,0
kor,1984,0
kor,1985,0
kor,1986,0
kor,1987,0
kor,1988,0
kor,1989,0
kor,1990,0
kor,1991,0
kor,1992,0
kor,1993,0
kor,1994,0
kor,1995,0.32353
kor,1996,64.21978
kor,1997,0
kor,1998,0
kor,1999,0
kor,2000,0
kor,2001,0
kor,2002,9.9484
kor,2003,0
kor,2004,0
kor,2005,0
kor,2006,0
kor,2007,0
kor,2008,0
kor,2009,0
kor,2010,0
kor,2011,0
kor,2012,0
kor,2013,3.15437
kor,2014,0
kor,2015,0
kor,2016,0
kor,2017,0
kor,2018,0.31715
kwt,1976,0
kwt,1977,0
kwt,1978,0
kwt,1979,0
kwt,1980,0
kwt,1981,0
kwt,1982,0
kwt,1983,0
kwt,1984,0
kwt,1985,0
kwt,1986,0
kwt,1987,0
kwt,1988,0
kwt,1989,0
kwt,1990,0
kwt,1991,0
kwt,1992,0
kwt,1993,0
kwt,1994,0
kwt,1995,0.40273
kwt,1996,0
kwt,1997,0
kwt,1998,0
kwt,1999,0
kwt,2000,0
kwt,2001,0
kwt,2002,0
kwt,2003,0
kwt,2004,0
kwt,2005,0
kwt,2006,0
kwt,2007,0
kwt,2008,0
kwt,2009,0
kwt,2010,0
kwt,2011,0
kwt,2012,0
kwt,2013,0
kwt,2014,0
kwt,2015,0
kwt,2016,0
kwt,2017,-16.37753
kwt,2018,0
lao,1976,0
lao,1977,0
lao,1978,0
lao,1979,0
lao,1980,0
lao,1981,0
lao,1982,0
lao,1983,0
lao,1984,0
lao,1985,0
lao,1986,0
lao,1987,0
lao,1988,0
lao,1989,0
lao,1990,0
lao,1991,0
lao,1992,0
lao,1993,0
lao,1994,0
lao,1995,0
lao,1996,0
lao,1997,0
lao,1998,0
lao,1999,0
lao,2000,0
lao,2001,0
lao,2002,0
lao,2003,0
lao,2004,0
lao,2005,0
lao,2006,0
lao,2007,0
lao,2008,0
lao,2009,0
lao,2010,0
lao,2011,0
lao,2012,0
lao,2013,0
lao,2014,0
lao,2015,0
lao,2016,0
lao,2017,0
lao,2018,7.0782
lbn,1976,0
lbn,1977,0
lbn,1978,0
lbn,1979,0
lbn,1980,0
lbn,1981,0
lbn,1982,0
lbn,1983,0
lbn,1984,0
lbn,1985,0
lbn,1986,0
lbn,1987,0
lbn,1988,0
lbn,1989,0
lbn,1990,0
lbn,1991,0
lbn,1992,0
lbn,1993,0
lbn,1994,4.17097
lbn,1995,0
lbn,1996,0
lbn,1997,0
lbn,1998,0
lbn,1999,-0.51308
lbn,2000,0
lbn,2001,0
lbn,2002,0
lbn,2003,0
lbn,2004,0.1687
lbn,2005,0.80073
lbn,2006,31.99523
lbn,2007,0
lbn,2008,-1.08244
lbn,2009,4.17641
lbn,2010,0.24355
lbn,2011,-1.58758
lbn,2012,0
lbn,2013,9.0485
lbn,2014,-0.66963
lbn,2015,0
lbn,2016,0.81279
lbn,2017,-7.18389
lbn,2018,0.60904
lbr,1976,0
lbr,1977,0
lbr,1978,0
lbr,1979,0
lbr,1980,0
lbr,1981,0
lbr,1982,0
lbr,1983,0
lbr,1984,0
lbr,1985,0
lbr,1986,0
lbr,1987,0
lbr,1988,0
lbr,1989,0
lbr,1990,0
lbr,1991,0
lbr,1992,0
lbr,1993,0
lbr,1994,0
lbr,1995,0
lbr,1996,0
lbr,1997,0
lbr,1998,0
lbr,1999,0
lbr,2000,0
lbr,2001,0
lbr,2002,0
lbr,2003,0
lbr,2004,0
lbr,2005,0
lbr,2006,0
lbr,2007,0
lbr,2008,0
lbr,2009,0
lbr,2010,0
lbr,2011,0
lbr,2012,0
lbr,2013,0
lbr,2014,0
lbr,2015,0
lbr,2016,0
lbr,2017,0
lbr,2018,0
lby,1976,0
lby,1977,0
lby,1978,0
lby,1979,0
lby,1980,0
lby,1981,0
lby,1982,0
lby,1983,0
lby,1984,0
lby,1985,0
lby,1986,0
lby,1987,0
lby,1988,0
lby,1989,0
lby,1990,0
lby,1991,0
lby,1992,0
lby,1993,0
lby,1994,0
lby,1995,0
lby,1996,0
lby,1997,0
lby,1998,0
lby,1999,0
lby,2000,0
lby,2001,0
lby,2002,0
lby,2003,0
lby,2004,0
lby,2005,0
lby,2006,0
lby,2007,0
lby,2008,0
lby,2009,0
lby,2010,0
lby,2011,0
lby,2012,36.06368
lby,2013,-0.59155
lby,2014,0
lby,2015,0.09127
lby,2016,0
lby,2017,-2.10607
lby,2018,0
lka,1976,0
lka,1977,0
lka,1978,0
lka,1979,0
lka,1980,0
lka,1981,0
lka,1982,0
lka,1983,0
lka,1984,-1.9184
lka,1985,0
lka,1986,0
lka,1987,0
lka,1988,0
lka,1989,0
lka,1990,-1.85506
lka,1991,0
lka,1992,0
lka,1993,0
lka,1994,1.8822
lka,1995,0
lka,1996,0
lka,1997,0
lka,1998,0
lka,1999,0
lka,2000,0
lka,2001,0
lka,2002,0
lka,2003,0
lka,2004,0
lka,2005,0
lka,2006,-0.20813
lka,2007,0.70126
lka,2008,-2.27324
lka,2009,-0.40172
lka,2010,0.44539
lka,2011,0
lka,2012,0
lka,2013,7.65734
lka,2014,0
lka,2015,2.24577
lka,2016,-0.11028
lka,2017,-0.29691
lka,2018,5.80514
lso,1976,0
lso,1977,0
lso,1978,0
lso,1979,0
lso,1980,0
lso,1981,0
lso,1982,0
lso,1983,0
lso,1984,0
lso,1985,0
lso,1986,0
lso,1987,0
lso,1988,0
lso,1989,0
lso,1990,0
lso,1991,0
lso,1992,0
lso,1993,0
lso,1994,0
lso,1995,0
lso,1996,0
lso,1997,0
lso,1998,0
lso,1999,0
lso,2000,0
lso,2001,0
lso,2002,0
lso,2003,0
lso,2004,0
lso,2005,54.50421
lso,2006,0
lso,2007,0
lso,2008,0
lso,2009,0
lso,2010,1.83154
lso,2011,0
lso,2012,0
lso,2013,-7.77777
lso,2014,0
lso,2015,0
lso,2016,2.14669
lso,2017,14.49357
lso,2018,-0.07277
ltu,1992,0
ltu,1993,0
ltu,1994,4.30218
ltu,1995,0.71703
ltu,1996,0
ltu,1997,0
ltu,1998,0
ltu,1999,0
ltu,2000,0
ltu,2001,0
ltu,2002,0
ltu,2003,0
ltu,2004,0
ltu,2005,0
ltu,2006,0
ltu,2007,0
ltu,2008,0
ltu,2009,0
ltu,2010,0
ltu,2011,0
ltu,2012,0
ltu,2013,0.64533
ltu,2014,0
ltu,2015,0
ltu,2016,0
ltu,2017,-1.48002
ltu,2018,0
lva,1992,0
lva,1993,0
lva,1994,0
lva,1995,0
lva,1996,0
lva,1997,0
lva,1998,0
lva,1999,0
lva,2000,0
lva,2001,0
lva,2002,0
lva,2003,0
lva,2004,0
lva,2005,0
lva,2006,0
lva,2007,0
lva,2008,0
lva,2009,0
lva,2010,0
lva,2011,0
lva,2012,0
lva,2013,-3.17662
lva,2014,0
lva,2015,0
lva,2016,-0.7372
lva,2017,-2.12542
lva,2018,0
mar,1976,0
mar,1977,0
mar,1978,0
mar,1979,0
mar,1980,0
mar,1981,0
mar,1982,0
mar,1983,0
mar,1984,0
mar,1985,0
mar,1986,0
mar,1987,0
mar,1988,0
mar,1989,0
mar,1990,0
mar,1991,0
mar,1992,0
mar,1993,0
mar,1994,0
mar,1995,0
mar,1996,0
mar,1997,1.59199
mar,1998,0
mar,1999,0
mar,2000,0.35836
mar,2001,0
mar,2002,0
mar,2003,0.60051
mar,2004,0
mar,2005,0.39138
mar,2006,0.28069
mar,2007,0
mar,2008,-0.09356
mar,2009,0
mar,2010,0
mar,2011,0
mar,2012,0
mar,2013,2.05842
mar,2014,0
mar,2015,4.60066
mar,2016,20.28902
mar,2017,1.54127
mar,2018,0
mda,1992,9.051
mda,1993,0
mda,1994,8.57463
mda,1995,18.43043
mda,1996,0.20218
mda,1997,0
mda,1998,0
mda,1999,-1.11071
mda,2000,0
mda,2001,0
mda,2002,0
mda,2003,0.6694
mda,2004,7.13436
mda,2005,0
mda,2006,1.45029
mda,2007,6.09122
mda,2008,0
mda,2009,-0.42703
mda,2010,-2.10432
mda,2011,0
mda,2012,0
mda,2013,4.95394
mda,2014,0
mda,2015,-4.74377
mda,2016,-4.42383
mda,2017,0.10108
mda,2018,-21.98183
mdg,1976,0.13657
mdg,1977,-0.20783
mdg,1978,0
mdg,1979,-0.51614
mdg,1980,0
mdg,1981,0
mdg,1982,0
mdg,1983,1.62739
mdg,1984,0.22439
mdg,1985,0
mdg,1986,0
mdg,1987,0
mdg,1988,0
mdg,1989,0
mdg,1990,0
mdg,1991,0.99899
mdg,1992,3.84832
mdg,1993,1.34162
mdg,1994,0
mdg,1995,0
mdg,1996,2.05855
mdg,1997,0
mdg,1998,0
mdg,1999,0
mdg,2000,-0.42001
mdg,2001,1.19261
mdg,2002,0.73016
mdg,2003,0
mdg,2004,-0.22881
mdg,2005,0
mdg,2006,0
mdg,2007,0
mdg,2008,0
mdg,2009,-10.10398
mdg,2010,1.12921
mdg,2011,0
mdg,2012,0
mdg,2013,4.19579
mdg,2014,0.17185
mdg,2015,3.95246
mdg,2016,0
mdg,2017,-2.33703
mdg,2018,-0.07331
mex,1976,0
mex,1977,0
mex,1978,0
mex,1979,0
mex,1980,0
mex,1981,0
mex,1982,12.87983
mex,1983,0
mex,1984,0
mex,1985,0
mex,1986,0
mex,1987,0
mex,1988,5.10811
mex,1989,19.8662
mex,1990,2.3485
mex,1991,4.85508
mex,1992,0
mex,1993,0
mex,1994,0
mex,1995,0
mex,1996,0
mex,1997,0
mex,1998,0
mex,1999,0
mex,2000,3.45803
mex,2001,0.58095
mex,2002,0
mex,2003,0
mex,2004,0
mex,2005,0
mex,2006,0
mex,2007,0
mex,2008,0
mex,2009,0
mex,2010,0
mex,2011,0
mex,2012,0
mex,2013,-5.88026
mex,2014,0
mex,2015,8.36601
mex,2016,0
mex,2017,-3.88644
mex,2018,2.57729
mkd,1992,0
mkd,1993,0
mkd,1994,0
mkd,1995,0
mkd,1996,70.00512
mkd,1997,-4.15791
mkd,1998,-0.231
mkd,1999,-1.44032
mkd,2000,-4.11715
mkd,2001,2.50018
mkd,2002,4.08466
mkd,2003,-0.25415
mkd,2004,0.40946
mkd,2005,0.29651
mkd,2006,0
mkd,2007,-1.93436
mkd,2008,-0.3671
mkd,2009,-1.38986
mkd,2010,0.54156
mkd,2011,-0.51088
mkd,2012,-2.85244
mkd,2013,-1.79684
mkd,2014,1.58923
mkd,2015,-0.32574
mkd,2016,-3.31991
mkd,2017,6.33318
mkd,2018,-2.89922
mli,1976,0
mli,1977,0
mli,1978,0
mli,1979,0
mli,1980,0
mli,1981,0
mli,1982,0
mli,1983,0
mli,1984,0
mli,1985,0
mli,1986,0
mli,1987,0
mli,1988,0
mli,1989,0
mli,1990,0
mli,1991,0
mli,1992,25.06869
mli,1993,9.19406
mli,1994,0
mli,1995,0
mli,1996,1.58746
mli,1997,-2.96611
mli,1998,0
mli,1999,0
mli,2000,0
mli,2001,0
mli,2002,0
mli,2003,0
mli,2004,0
mli,2005,0
mli,2006,0
mli,2007,-2.42894
mli,2008,3.62784
mli,2009,0
mli,2010,0
mli,2011,0
mli,2012,0
mli,2013,-7.27125
mli,2014,-3.68528
mli,2015,0.28301
mli,2016,-0.20356
mli,2017,-3.07185
mli,2018,-5.15673
mmr,1976,0
mmr,1977,0
mmr,1978,0
mmr,1979,0
mmr,1980,0
mmr,1981,0
mmr,1982,0
mmr,1983,0
mmr,1984,0
mmr,1985,0
mmr,1986,0
mmr,1987,0
mmr,1988,0
mmr,1989,0
mmr,1990,0
mmr,1991,0
mmr,1992,0
mmr,1993,0
mmr,1994,0
mmr,1995,0
mmr,1996,0
mmr,1997,0
mmr,1998,0
mmr,1999,0
mmr,2000,0
mmr,2001,0
mmr,2002,0
mmr,2003,0
mmr,2004,0
mmr,2005,0
mmr,2006,0
mmr,2007,0
mmr,2008,0
mmr,2009,0
mmr,2010,0
mmr,2011,0
mmr,2012,0
mmr,2013,0
mmr,2014,0
mmr,2015,0
mmr,2016,0
mmr,2017,0
mmr,2018,0
mng,1976,0
mng,1977,0
mng,1978,0
mng,1979,0
mng,1980,0
mng,1981,0
mng,1982,0
mng,1983,0
mng,1984,0
mng,1985,0
mng,1986,0
mng,1987,0
mng,1988,0
mng,1989,0
mng,1990,0
mng,1991,0
mng,1992,32.44022
mng,1993,29.85896
mng,1994,0
mng,1995,0
mng,1996,0
mng,1997,0
mng,1998,0
mng,1999,0
mng,2000,-1.43659
mng,2001,0
mng,2002,0
mng,2003,0
mng,2004,0
mng,2005,0
mng,2006,0.60285
mng,2007,0
mng,2008,-1.39962
mng,2009,-0.33482
mng,2010,0.06696
mng,2011,0.37197
mng,2012,0.94331
mng,2013,-1.54973
mng,2014,-0.80855
mng,2015,-12.33046
mng,2016,-1.05789
mng,2017,4.12166
mng,2018,-0.77793
moz,1976,0
moz,1977,0
moz,1978,0
moz,1979,0
moz,1980,0
moz,1981,0
moz,1982,0
moz,1983,0
moz,1984,0
moz,1985,0
moz,1986,0
moz,1987,0
moz,1988,0
moz,1989,0
moz,1990,0
moz,1991,0
moz,1992,0
moz,1993,0
moz,1994,0
moz,1995,0
moz,1996,0
moz,1997,0
moz,1998,43.96597
moz,1999,0
moz,2000,0
moz,2001,0
moz,2002,0
moz,2003,0
moz,2004,0
moz,2005,0
moz,2006,1.35601
moz,2007,0
moz,2008,0
moz,2009,0
moz,2010,-0.33701
moz,2011,0
moz,2012,0
moz,2013,-0.11261
moz,2014,0
moz,2015,0
moz,2016,0
moz,2017,0.05079
moz,2018,-1.31135
mrt,1976,0
mrt,1977,0
mrt,1978,0
mrt,1979,0
mrt,1980,0
mrt,1981,0
mrt,1982,0
mrt,1983,0
mrt,1984,0
mrt,1985,0
mrt,1986,0
mrt,1987,11.36662
mrt,1988,0
mrt,1989,0
mrt,1990,0
mrt,1991,0
mrt,1992,-0.96071
mrt,1993,0
mrt,1994,0
mrt,1995,0
mrt,1996,0
mrt,1997,0
mrt,1998,0
mrt,1999,0
mrt,2000,0
mrt,2001,0
mrt,2002,0
mrt,2003,0
mrt,2004,0
mrt,2005,0
mrt,2006,0.09853
mrt,2007,-10.50445
mrt,2008,0
mrt,2009,0
mrt,2010,0
mrt,2011,0
mrt,2012,0
mrt,2013,13.39967
mrt,2014,1.16645
mrt,2015,0
mrt,2016,0
mrt,2017,-2.21145
mrt,2018,-10.18925
mus,1976,0
mus,1977,0
mus,1978,0
mus,1979,0
mus,1980,0
mus,1981,0
mus,1982,0
mus,1983,0
mus,1984,0
mus,1985,0
mus,1986,0
mus,1987,0
mus,1988,0
mus,1989,0
mus,1990,0
mus,1991,0
mus,1992,1.90162
mus,1993,0
mus,1994,0
mus,1995,0
mus,1996,0
mus,1997,0
mus,1998,0
mus,1999,0
mus,2000,0
mus,2001,0
mus,2002,0
mus,2003,0
mus,2004,0
mus,2005,0
mus,2006,0
mus,2007,0
mus,2008,0
mus,2009,0
mus,2010,0
mus,2011,0
mus,2012,0
mus,2013,2.77536
mus,2014,0
mus,2015,1.9954
mus,2016,0
mus,2017,4.25156
mus,2018,-0.88508
mwi,1976,0
mwi,1977,0
mwi,1978,0
mwi,1979,0
mwi,1980,0
mwi,1981,0
mwi,1982,0
mwi,1983,0
mwi,1984,0
mwi,1985,0
mwi,1986,0
mwi,1987,0
mwi,1988,0
mwi,1989,0
mwi,1990,0
mwi,1991,0
mwi,1992,0
mwi,1993,0
mwi,1994,0
mwi,1995,0
mwi,1996,0
mwi,1997,0
mwi,1998,0
mwi,1999,0
mwi,2000,47.05366
mwi,2001,0
mwi,2002,0
mwi,2003,0
mwi,2004,-47.05366
mwi,2005,46.04103
mwi,2006,-46.04103
mwi,2007,0
mwi,2008,0
mwi,2009,0
mwi,2010,38.23201
mwi,2011,0
mwi,2012,-7.32482
mwi,2013,18.10363
mwi,2014,0.95282
mwi,2015,12.90433
mwi,2016,0.7268
mwi,2017,5.41715
mwi,2018,-2.66307
mys,1976,0
mys,1977,0
mys,1978,0
mys,1979,0
mys,1980,0
mys,1981,0
mys,1982,0
mys,1983,0
mys,1984,0
mys,1985,0
mys,1986,0
mys,1987,0
mys,1988,0
mys,1989,0
mys,1990,0
mys,1991,0
mys,1992,0
mys,1993,0
mys,1994,0
mys,1995,0
mys,1996,0
mys,1997,0
mys,1998,0
mys,1999,0
mys,2000,0
mys,2001,0
mys,2002,0
mys,2003,0
mys,2004,0
mys,2005,0
mys,2006,0
mys,2007,0
mys,2008,0
mys,2009,0
mys,2010,0
mys,2011,0
mys,2012,0
mys,2013,0
mys,2014,0
mys,2015,0
mys,2016,0
mys,2017,0
mys,2018,0
nam,1991,0
nam,1992,0
nam,1993,0
nam,1994,0
nam,1995,0
nam,1996,0
nam,1997,0
nam,1998,0
nam,1999,0
nam,2000,-9.98156
nam,2001,0
nam,2002,0
nam,2003,0
nam,2004,0
nam,2005,0
nam,2006,0
nam,2007,0
nam,2008,0
nam,2009,0
nam,2010,-7.82544
nam,2011,0
nam,2012,0
nam,2013,13.31012
nam,2014,0
nam,2015,0
nam,2016,0
nam,2017,-11.03839
nam,2018,-0.36506
ner,1976,0
ner,1977,0
ner,1978,0
ner,1979,0
ner,1980,0
ner,1981,0
ner,1982,0
ner,1983,0
ner,1984,0
ner,1985,0
ner,1986,0
ner,1987,0
ner,1988,0
ner,1989,0
ner,1990,0
ner,1991,0
ner,1992,0
ner,1993,0
ner,1994,0
ner,1995,0
ner,1996,0
ner,1997,0
ner,1998,0
ner,1999,0
ner,2000,0
ner,2001,0
ner,2002,0
ner,2003,0
ner,2004,49.51765
ner,2005,0
ner,2006,0
ner,2007,0
ner,2008,0
ner,2009,-6.4331
ner,2010,-0.51752
ner,2011,-0.33548
ner,2012,-3.79776
ner,2013,2.99023
ner,2014,0
ner,2015,0.21553
ner,2016,-24.87165
ner,2017,-16.76789
ner,2018,0
nga,1976,0
nga,1977,0
nga,1978,0
nga,1979,15.20207
nga,1980,0
nga,1981,0
nga,1982,0
nga,1983,0
nga,1984,-12.78123
nga,1985,0
nga,1986,0
nga,1987,0
nga,1988,0
nga,1989,0
nga,1990,0
nga,1991,0
nga,1992,0
nga,1993,0
nga,1994,0
nga,1995,0
nga,1996,0
nga,1997,0
nga,1998,0
nga,1999,17.34604
nga,2000,0
nga,2001,0
nga,2002,0
nga,2003,0
nga,2004,0
nga,2005,0
nga,2006,0
nga,2007,0
nga,2008,0
nga,2009,0
nga,2010,3.38234
nga,2011,0
nga,2012,0
nga,2013,12.75659
nga,2014,0.05447
nga,2015,0
nga,2016,-3.13869
nga,2017,-1.48438
nga,2018,0
nic,1976,0
nic,1977,0
nic,1978,0
nic,1979,0
nic,1980,0
nic,1981,0
nic,1982,0
nic,1983,0
nic,1984,0
nic,1985,0
nic,1986,0
nic,1987,0
nic,1988,17.54158
nic,1989,0
nic,1990,7.64128
nic,1991,32.46078
nic,1992,0
nic,1993,0
nic,1994,0
nic,1995,-2.69964
nic,1996,0
nic,1997,2.66107
nic,1998,0
nic,1999,0
nic,2000,2.19827
nic,2001,-1.52979
nic,2002,0
nic,2003,0
nic,2004,0
nic,2005,0
nic,2006,-7.63929
nic,2007,0
nic,2008,-11.55763
nic,2009,-1.12576
nic,2010,2.35597
nic,2011,-2.59969
nic,2012,0
nic,2013,-0.56389
nic,2014,0
nic,2015,0.0667
nic,2016,-2.4077
nic,2017,-0.66852
nic,2018,-5.03833
nld,1976,0
nld,1977,0
nld,1978,0
nld,1979,0
nld,1980,0
nld,1981,0
nld,1982,0
nld,1983,0
nld,1984,0
nld,1985,0
nld,1986,0
nld,1987,0
nld,1988,0
nld,1989,0
nld,1990,0
nld,1991,0
nld,1992,0
nld,1993,0
nld,1994,0
nld,1995,0
nld,1996,0
nld,1997,0
nld,1998,0
nld,1999,0
nld,2000,0
nld,2001,0
nld,2002,0
nld,2003,0
nld,2004,0
nld,2005,-1.80435
nld,2006,0
nld,2007,0
nld,2008,0
nld,2009,0
nld,2010,0
nld,2011,0
nld,2012,0
nld,2013,-1.5337
nld,2014,0
nld,2015,-2.5687
nld,2016,0
nld,2017,-4.14306
nld,2018,0
nor,1976,0
nor,1977,0
nor,1978,0
nor,1979,0
nor,1980,0
nor,1981,0
nor,1982,0
nor,1983,0
nor,1984,0
nor,1985,0
nor,1986,0
nor,1987,0
nor,1988,0
nor,1989,0
nor,1990,0
nor,1991,0
nor,1992,0
nor,1993,0
nor,1994,0
nor,1995,0
nor,1996,0
nor,1997,0
nor,1998,0
nor,1999,0
nor,2000,0
nor,2001,0
nor,2002,0
nor,2003,0
nor,2004,0
nor,2005,0
nor,2006,0
nor,2007,0
nor,2008,0
nor,2009,0
nor,2010,0
nor,2011,0
nor,2012,0
nor,2013,-2.91612
nor,2014,0
nor,2015,0
nor,2016,0
nor,2017,0
nor,2018,-3.88788
npl,1976,0
npl,1977,0
npl,1978,0
npl,1979,0
npl,1980,0
npl,1981,0
npl,1982,0
npl,1983,0.52444
npl,1984,0
npl,1985,0
npl,1986,0
npl,1987,0
npl,1988,0
npl,1989,0
npl,1990,7.02982
npl,1991,7.76797
npl,1992,5.00602
npl,1993,0
npl,1994,0
npl,1995,0
npl,1996,0
npl,1997,-0.92262
npl,1998,0
npl,1999,0
npl,2000,1.34055
npl,2001,0
npl,2002,-0.75792
npl,2003,-31.24976
npl,2004,0
npl,2005,0
npl,2006,0
npl,2007,0
npl,2008,0
npl,2009,0
npl,2010,0
npl,2011,0
npl,2012,0
npl,2013,0
npl,2014,0
npl,2015,0
npl,2016,0
npl,2017,62.25953
npl,2018,-3.54256
nzl,1976,0
nzl,1977,0
nzl,1978,0
nzl,1979,0
nzl,1980,0
nzl,1981,0
nzl,1982,0
nzl,1983,0
nzl,1984,0
nzl,1985,0
nzl,1986,0
nzl,1987,0
nzl,1988,0
nzl,1989,2.08611
nzl,1990,-0.50502
nzl,1991,0
nzl,1992,0
nzl,1993,0
nzl,1994,0
nzl,1995,0
nzl,1996,0
nzl,1997,0
nzl,1998,0
nzl,1999,0
nzl,2000,0
nzl,2001,0
nzl,2002,0
nzl,2003,0
nzl,2004,0
nzl,2005,0
nzl,2006,0
nzl,2007,0
nzl,2008,0
nzl,2009,0
nzl,2010,0.08417
nzl,2011,0
nzl,2012,2.4709
nzl,2013,0
nzl,2014,0
nzl,2015,0
nzl,2016,0
nzl,2017,-5.07513
nzl,2018,-0.8326
omn,1976,0
omn,1977,0
omn,1978,0
omn,1979,0
omn,1980,0
omn,1981,0
omn,1982,0
omn,1983,0
omn,1984,0
omn,1985,0
omn,1986,0
omn,1987,0
omn,1988,0
omn,1989,0
omn,1990,0
omn,1991,0
omn,1992,0
omn,1993,0
omn,1994,0
omn,1995,0
omn,1996,0
omn,1997,0
omn,1998,0
omn,1999,0
omn,2000,0
omn,2001,0
omn,2002,0
omn,2003,0
omn,2004,0
omn,2005,0
omn,2006,0
omn,2007,0
omn,2008,0
omn,2009,0
omn,2010,0
omn,2011,0
omn,2012,44.97074
omn,2013,0
omn,2014,0
omn,2015,0
omn,2016,0
omn,2017,0
omn,2018,0
pak,1976,0
pak,1977,-1.32168
pak,1978,-1.90509
pak,1979,0.65929
pak,1980,0
pak,1981,0
pak,1982,0
pak,1983,0
pak,1984,0
pak,1985,0
pak,1986,0
pak,1987,0
pak,1988,0
pak,1989,17.05869
pak,1990,-13.47568
pak,1991,0
pak,1992,0
pak,1993,0
pak,1994,0
pak,1995,0
pak,1996,0
pak,1997,0
pak,1998,0
pak,1999,-2.28914
pak,2000,25.64971
pak,2001,1.9238
pak,2002,0
pak,2003,0
pak,2004,0
pak,2005,2.17521
pak,2006,-1.94566
pak,2007,0
pak,2008,0.76052
pak,2009,-5.03752
pak,2010,1.73921
pak,2011,0
pak,2012,-7.63074
pak,2013,-4.01037
pak,2014,0
pak,2015,1.44027
pak,2016,0
pak,2017,11.00566
pak,2018,-1.93862
pan,1976,0
pan,1977,0
pan,1978,0
pan,1979,0
pan,1980,0
pan,1981,-6.31279
pan,1982,0
pan,1983,0
pan,1984,0
pan,1985,0
pan,1986,0
pan,1987,0
pan,1988,0
pan,1989,0
pan,1990,16.00925
pan,1991,0
pan,1992,2.57252
pan,1993,0
pan,1994,0
pan,1995,0
pan,1996,0
pan,1997,0
pan,1998,0
pan,1999,0
pan,2000,0
pan,2001,0
pan,2002,0
pan,2003,0
pan,2004,0
pan,2005,0
pan,2006,0
pan,2007,0
pan,2008,0
pan,2009,0
pan,2010,0
pan,2011,0
pan,2012,0
pan,2013,3.65366
pan,2014,0
pan,2015,0
pan,2016,0
pan,2017,3.7726
pan,2018,-1.48311
per,1976,0
per,1977,0
per,1978,0
per,1979,0
per,1980,0
per,1981,0
per,1982,0
per,1983,0
per,1984,0
per,1985,0
per,1986,0
per,1987,0
per,1988,0
per,1989,0
per,1990,18.74142
per,1991,0
per,1992,0
per,1993,0
per,1994,0
per,1995,0
per,1996,0
per,1997,0
per,1998,0
per,1999,0
per,2000,-0.02588
per,2001,1.05713
per,2002,0
per,2003,4.90811
per,2004,0
per,2005,0
per,2006,-4.72964
per,2007,4.41996
per,2008,0
per,2009,0
per,2010,-4.82813
per,2011,0.43592
per,2012,5.77946
per,2013,2.34182
per,2014,-6.4279
per,2015,8.60841
per,2016,0
per,2017,-0.55331
per,2018,-0.99476
phl,1976,0
phl,1977,0
phl,1978,0
phl,1979,0
phl,1980,47.82595
phl,1981,-47.82595
phl,1982,0
phl,1983,0
phl,1984,0
phl,1985,0
phl,1986,0
phl,1987,56.68996
phl,1988,0
phl,1989,0.2266
phl,1990,0
phl,1991,0
phl,1992,0
phl,1993,0
phl,1994,0
phl,1995,0
phl,1996,-0.09331
phl,1997,0
phl,1998,0
phl,1999,-0.07998
phl,2000,0
phl,2001,0
phl,2002,0.2266
phl,2003,0
phl,2004,0
phl,2005,-3.35901
phl,2006,0
phl,2007,0
phl,2008,0.30658
phl,2009,0
phl,2010,0.92961
phl,2011,-1.51863
phl,2012,0
phl,2013,0
phl,2014,0
phl,2015,-0.56492
phl,2016,2.26502
phl,2017,-3.92703
phl,2018,0.81217
png,1976,25.65701
png,1977,0
png,1978,0
png,1979,0
png,1980,0
png,1981,0
png,1982,0
png,1983,0
png,1984,0
png,1985,0
png,1986,0
png,1987,0
png,1988,0
png,1989,0
png,1990,0
png,1991,0
png,1992,0
png,1993,0
png,1994,0
png,1995,0
png,1996,0
png,1997,0
png,1998,0
png,1999,0
png,2000,0
png,2001,0
png,2002,0
png,2003,0
png,2004,0
png,2005,0
png,2006,0
png,2007,0
png,2008,0
png,2009,0
png,2010,0
png,2011,0
png,2012,0
png,2013,0
png,2014,0
png,2015,0
png,2016,0
png,2017,-2.49366
png,2018,0
pol,1976,0
pol,1977,0
pol,1978,0
pol,1979,0
pol,1980,0
pol,1981,0
pol,1982,0
pol,1983,0
pol,1984,0
pol,1985,0
pol,1986,0
pol,1987,0
pol,1988,0
pol,1989,0
pol,1990,79.62292
pol,1991,0
pol,1992,0
pol,1993,0
pol,1994,0
pol,1995,0
pol,1996,0
pol,1997,0
pol,1998,3.82775
pol,1999,0
pol,2000,-4.25306
pol,2001,0
pol,2002,4.25306
pol,2003,0
pol,2004,0
pol,2005,0
pol,2006,-0.48299
pol,2007,-0.51031
pol,2008,0.11255
pol,2009,0.42545
pol,2010,-0.33806
pol,2011,-0.07081
pol,2012,-1.09051
pol,2013,-0.78145
pol,2014,-17.72107
pol,2015,17.5793
pol,2016,-0.68049
pol,2017,0.69467
pol,2018,0.03341
prk,1976,0
prk,1977,0
prk,1978,0
prk,1979,0
prk,1980,0
prk,1981,0
prk,1982,0
prk,1983,0
prk,1984,0
prk,1985,0
prk,1986,0
prk,1987,0
prk,1988,0
prk,1989,0
prk,1990,0
prk,1991,0
prk,1992,0
prk,1993,0
prk,1994,0
prk,1995,0
prk,1996,0
prk,1997,0
prk,1998,0
prk,1999,0
prk,2000,0
prk,2001,0
prk,2002,0
prk,2003,0
prk,2004,0
prk,2005,0
prk,2006,0
prk,2007,0
prk,2008,0
prk,2009,0
prk,2010,0
prk,2011,0
prk,2012,0
prk,2013,0.26053
prk,2014,0
prk,2015,0
prk,2016,0
prk,2017,-0.19563
prk,2018,-0.11163
prt,1976,63.93535
prt,1977,17.59766
prt,1978,0
prt,1979,0
prt,1980,0
prt,1981,0
prt,1982,0
prt,1983,0
prt,1984,0
prt,1985,0
prt,1986,8.448
prt,1987,0
prt,1988,0
prt,1989,0
prt,1990,0
prt,1991,0
prt,1992,0
prt,1993,0
prt,1994,0
prt,1995,0
prt,1996,0
prt,1997,0
prt,1998,0
prt,1999,0
prt,2000,0
prt,2001,0
prt,2002,0
prt,2003,0
prt,2004,0
prt,2005,0
prt,2006,0
prt,2007,0
prt,2008,0
prt,2009,0
prt,2010,0
prt,2011,0
prt,2012,0
prt,2013,-3.71987
prt,2014,0
prt,2015,0
prt,2016,0
prt,2017,0.5721
prt,2018,-0.26393
pry,1976,0
pry,1977,0
pry,1978,0
pry,1979,0
pry,1980,0
pry,1981,0
pry,1982,0
pry,1983,0
pry,1984,0
pry,1985,0
pry,1986,0
pry,1987,0
pry,1988,0
pry,1989,0
pry,1990,3.53718
pry,1991,51.86684
pry,1992,2.8202
pry,1993,2.24779
pry,1994,0
pry,1995,0
pry,1996,0
pry,1997,0
pry,1998,0
pry,1999,0
pry,2000,0
pry,2001,0
pry,2002,0
pry,2003,0
pry,2004,0
pry,2005,0
pry,2006,0
pry,2007,0
pry,2008,0
pry,2009,0
pry,2010,0
pry,2011,0
pry,2012,0
pry,2013,-0.08377
pry,2014,0
pry,2015,1.78784
pry,2016,-0.07088
pry,2017,0.05954
pry,2018,0.1133
qat,1976,0
qat,1977,0
qat,1978,0
qat,1979,0
qat,1980,0
qat,1981,0
qat,1982,0
qat,1983,0
qat,1984,0
qat,1985,0
qat,1986,0
qat,1987,0
qat,1988,0
qat,1989,0
qat,1990,0
qat,1991,0
qat,1992,0
qat,1993,0
qat,1994,0
qat,1995,0
qat,1996,0
qat,1997,0
qat,1998,0
qat,1999,0
qat,2000,0
qat,2001,0
qat,2002,0
qat,2003,0
qat,2004,0
qat,2005,0
qat,2006,0
qat,2007,0
qat,2008,0
qat,2009,0
qat,2010,0
qat,2011,0
qat,2012,0
qat,2013,0
qat,2014,0
qat,2015,0
qat,2016,0
qat,2017,0
qat,2018,0
rou,1976,0
rou,1977,0
rou,1978,0
rou,1979,0
rou,1980,0
rou,1981,0
rou,1982,0
rou,1983,0
rou,1984,0
rou,1985,0
rou,1986,0
rou,1987,0
rou,1988,0
rou,1989,0
rou,1990,29.3625
rou,1991,0
rou,1992,15.9448
rou,1993,9.50707
rou,1994,0
rou,1995,0
rou,1996,0
rou,1997,0
rou,1998,0
rou,1999,0
rou,2000,0
rou,2001,0
rou,2002,0
rou,2003,0
rou,2004,0
rou,2005,0
rou,2006,0
rou,2007,0
rou,2008,0
rou,2009,0
rou,2010,0
rou,2011,0
rou,2012,0
rou,2013,9.10829
rou,2014,0
rou,2015,0
rou,2016,-8.39982
rou,2017,-4.04204
rou,2018,-3.41547
rus,1976,0
rus,1977,0
rus,1978,0
rus,1979,0
rus,1980,0
rus,1981,0
rus,1982,0
rus,1983,0
rus,1984,0
rus,1985,0
rus,1986,0
rus,1987,0
rus,1988,0
rus,1989,-0.11004
rus,1990,3.62508
rus,1991,4.01159
rus,1992,14.10083
rus,1993,0
rus,1994,4.86516
rus,1995,0
rus,1996,0
rus,1997,0
rus,1998,0
rus,1999,0
rus,2000,-2.95758
rus,2001,-2.71475
rus,2002,0
rus,2003,0
rus,2004,-3.12655
rus,2005,-0.84303
rus,2006,-2.50239
rus,2007,-0.0162
rus,2008,0.04861
rus,2009,0
rus,2010,0.35105
rus,2011,0
rus,2012,1.57367
rus,2013,-4.5384
rus,2014,-2.07275
rus,2015,-0.55265
rus,2016,0.47054
rus,2017,0.90268
rus,2018,0.56758
rwa,1976,0
rwa,1977,0
rwa,1978,0
rwa,1979,0
rwa,1980,0
rwa,1981,0
rwa,1982,0
rwa,1983,0
rwa,1984,0
rwa,1985,0
rwa,1986,0
rwa,1987,0
rwa,1988,0
rwa,1989,0
rwa,1990,0
rwa,1991,0
rwa,1992,0
rwa,1993,0
rwa,1994,0
rwa,1995,0
rwa,1996,0
rwa,1997,0
rwa,1998,0
rwa,1999,0
rwa,2000,0
rwa,2001,33.97275
rwa,2002,-5.03774
rwa,2003,0
rwa,2004,0
rwa,2005,0
rwa,2006,0.06981
rwa,2007,-0.29086
rwa,2008,-0.03545
rwa,2009,0
rwa,2010,1.24561
rwa,2011,0.60721
rwa,2012,-3.78058
rwa,2013,6.60282
rwa,2014,0
rwa,2015,0.30204
rwa,2016,-19.58928
rwa,2017,-1.37488
rwa,2018,19.41583
sau,1976,0
sau,1977,0
sau,1978,0
sau,1979,0
sau,1980,0
sau,1981,0
sau,1982,0
sau,1983,0
sau,1984,0
sau,1985,0
sau,1986,0
sau,1987,0
sau,1988,0
sau,1989,0
sau,1990,0
sau,1991,0
sau,1992,0
sau,1993,0
sau,1994,0
sau,1995,0
sau,1996,0
sau,1997,0
sau,1998,0
sau,1999,0
sau,2000,0
sau,2001,0
sau,2002,0
sau,2003,0
sau,2004,0
sau,2005,0.23114
sau,2006,0.69342
sau,2007,0
sau,2008,-0.74478
sau,2009,0
sau,2010,0
sau,2011,0
sau,2012,0
sau,2013,0.03378
sau,2014,0
sau,2015,0
sau,2016,0
sau,2017,0
sau,2018,0
sdn,1976,0
sdn,1977,0
sdn,1978,0
sdn,1979,0
sdn,1980,0
sdn,1981,0
sdn,1982,0
sdn,1983,0
sdn,1984,0
sdn,1985,0
sdn,1986,0
sdn,1987,0
sdn,1988,0
sdn,1989,0
sdn,1990,0
sdn,1991,0
sdn,1992,0
sdn,1993,0
sdn,1994,0
sdn,1995,0
sdn,1996,0
sdn,1997,0
sdn,1998,0
sdn,1999,0
sdn,2000,0
sdn,2001,0
sdn,2002,0
sdn,2003,0
sdn,2004,0
sdn,2005,0
sdn,2006,0
sdn,2007,0
sdn,2008,0
sdn,2009,0
sdn,2010,0
sdn,2011,0
sdn,2012,0
sdn,2013,0
sdn,2014,0
sdn,2015,0
sdn,2016,0
sdn,2017,0
sdn,2018,0
sen,1976,0
sen,1977,0
sen,1978,0
sen,1979,0
sen,1980,0
sen,1981,0
sen,1982,0
sen,1983,0
sen,1984,0
sen,1985,0
sen,1986,0
sen,1987,0
sen,1988,0
sen,1989,0
sen,1990,0
sen,1991,0
sen,1992,0
sen,1993,0
sen,1994,0
sen,1995,0
sen,1996,0
sen,1997,0
sen,1998,0
sen,1999,0
sen,2000,0
sen,2001,0
sen,2002,0
sen,2003,0
sen,2004,0
sen,2005,0
sen,2006,0
sen,2007,0
sen,2008,0
sen,2009,0
sen,2010,0
sen,2011,0
sen,2012,0
sen,2013,-15.94287
sen,2014,0
sen,2015,0
sen,2016,0
sen,2017,2.81709
sen,2018,7.45609
sgp,1976,0
sgp,1977,0
sgp,1978,0
sgp,1979,0
sgp,1980,0
sgp,1981,0
sgp,1982,0
sgp,1983,0
sgp,1984,0
sgp,1985,0
sgp,1986,0
sgp,1987,0
sgp,1988,0
sgp,1989,0
sgp,1990,0
sgp,1991,0
sgp,1992,0
sgp,1993,0
sgp,1994,0
sgp,1995,0
sgp,1996,0
sgp,1997,0
sgp,1998,0
sgp,1999,0
sgp,2000,0
sgp,2001,0
sgp,2002,0
sgp,2003,0
sgp,2004,0
sgp,2005,0
sgp,2006,0
sgp,2007,0
sgp,2008,0
sgp,2009,0
sgp,2010,0
sgp,2011,0
sgp,2012,0
sgp,2013,0
sgp,2014,0
sgp,2015,0
sgp,2016,0
sgp,2017,0
sgp,2018,0
sle,1976,0
sle,1977,0
sle,1978,0
sle,1979,0
sle,1980,0
sle,1981,7.53212
sle,1982,0
sle,1983,0
sle,1984,0
sle,1985,0
sle,1986,0
sle,1987,0
sle,1988,0
sle,1989,0
sle,1990,0
sle,1991,0
sle,1992,0
sle,1993,0
sle,1994,0
sle,1995,0
sle,1996,8.27782
sle,1997,0
sle,1998,0
sle,1999,0
sle,2000,0
sle,2001,0
sle,2002,0
sle,2003,0
sle,2004,20.33786
sle,2005,0
sle,2006,0
sle,2007,0
sle,2008,0
sle,2009,0
sle,2010,0
sle,2011,0
sle,2012,-2.72115
sle,2013,6.01972
sle,2014,0
sle,2015,0
sle,2016,0
sle,2017,-3.014
sle,2018,9.30384
slv,1976,0
slv,1977,5.89055
slv,1978,0
slv,1979,0
slv,1980,14.52787
slv,1981,2.06146
slv,1982,0
slv,1983,0.62173
slv,1984,-0.05233
slv,1985,0
slv,1986,1.63702
slv,1987,0
slv,1988,0
slv,1989,0
slv,1990,-1.46767
slv,1991,8.97537
slv,1992,2.11071
slv,1993,0
slv,1994,-0.30586
slv,1995,2.5435
slv,1996,0
slv,1997,0
slv,1998,5.13274
slv,1999,0
slv,2000,-0.40716
slv,2001,0
slv,2002,0
slv,2003,0
slv,2004,2.86249
slv,2005,7.3549
slv,2006,0
slv,2007,0
slv,2008,0
slv,2009,0
slv,2010,0
slv,2011,0
slv,2012,0
slv,2013,3.30003
slv,2014,0
slv,2015,0
slv,2016,-7.73738
slv,2017,-0.24868
slv,2018,0.29457
som,1976,0
som,1977,0
som,1978,0
som,1979,0
som,1980,0
som,1981,0
som,1982,0
som,1983,0
som,1984,0
som,1985,0
som,1986,0
som,1987,0
som,1988,0
som,1989,0
som,1990,0
som,1991,0
som,1992,0
som,1993,0
som,1994,0
som,1995,0
som,1996,0
som,1997,0
som,1998,0
som,1999,0
som,2000,0
som,2001,0
som,2002,0
som,2003,0
som,2004,0
som,2005,0
som,2006,0
som,2007,0
som,2008,0
som,2009,0
som,2010,0
som,2011,0
som,2012,0
som,2013,0
som,2014,0
som,2015,0
som,2016,0
som,2017,0
som,2018,0
srb,1976,0
srb,1977,0
srb,1978,0
srb,1979,0
srb,1980,0
srb,1981,0
srb,1982,0
srb,1983,0
srb,1984,0
srb,1985,0
srb,1986,0
srb,1987,0
srb,1988,0
srb,1989,0
srb,1990,0
srb,1991,20.89384
srb,1992,8.06935
srb,1993,4.3709
srb,1994,0
srb,1995,6.19611
srb,1996,0
srb,1997,0
srb,1998,0
srb,1999,0
srb,2000,22.73185
srb,2001,4.01105
srb,2002,0.61301
srb,2003,0
srb,2004,0
srb,2005,-0.95357
srb,2006,0
srb,2007,0.13622
srb,2008,0
srb,2009,0
srb,2010,0
srb,2011,0
srb,2012,-1.78588
srb,2013,-11.0358
srb,2014,-3.77919
srb,2015,0
srb,2016,0
srb,2017,-1.1812
srb,2018,-1.37639
ssd,2012,0
ssd,2013,0
ssd,2014,0
ssd,2015,0
ssd,2016,0
ssd,2017,0
ssd,2018,0
svk,1994,5.25569
svk,1995,0
svk,1996,0
svk,1997,0
svk,1998,0
svk,1999,0
svk,2000,0
svk,2001,0
svk,2002,0
svk,2003,0
svk,2004,0
svk,2005,0
svk,2006,0
svk,2007,0
svk,2008,0
svk,2009,0
svk,2010,0
svk,2011,0
svk,2012,0
svk,2013,-1.74406
svk,2014,0
svk,2015,0
svk,2016,0
svk,2017,1.82986
svk,2018,-1.38192
svn,1992,0
svn,1993,0
svn,1994,6.18954
svn,1995,0
svn,1996,0
svn,1997,0
svn,1998,0
svn,1999,0
svn,2000,0
svn,2001,0
svn,2002,0
svn,2003,0
svn,2004,0
svn,2005,0
svn,2006,0
svn,2007,1.28225
svn,2008,0
svn,2009,0
svn,2010,0
svn,2011,0
svn,2012,0
svn,2013,-1.45134
svn,2014,0
svn,2015,0
svn,2016,-0.15551
svn,2017,-0.46594
svn,2018,-6.54883
swe,1976,0
swe,1977,0
swe,1978,0
swe,1979,0
swe,1980,0
swe,1981,0
swe,1982,0
swe,1983,0
swe,1984,0
swe,1985,0
swe,1986,0
swe,1987,0
swe,1988,0
swe,1989,0
swe,1990,0
swe,1991,0
swe,1992,0
swe,1993,0
swe,1994,0
swe,1995,0
swe,1996,0
swe,1997,0
swe,1998,0
swe,1999,0
swe,2000,0
swe,2001,0
swe,2002,0
swe,2003,0
swe,2004,0
swe,2005,0
swe,2006,0
swe,2007,0
swe,2008,0
swe,2009,0
swe,2010,0
swe,2011,0.09009
swe,2012,0
swe,2013,-2.93764
swe,2014,0
swe,2015,1.78396
swe,2016,0
swe,2017,-6.93287
swe,2018,3.25533
swz,1976,0
swz,1977,0
swz,1978,0
swz,1979,0
swz,1980,0
swz,1981,0
swz,1982,0
swz,1983,0
swz,1984,0
swz,1985,0
swz,1986,0
swz,1987,0
swz,1988,0
swz,1989,0
swz,1990,0.71795
swz,1991,0
swz,1992,0
swz,1993,0
swz,1994,0
swz,1995,0
swz,1996,0
swz,1997,0
swz,1998,0
swz,1999,0
swz,2000,0
swz,2001,0
swz,2002,0
swz,2003,0
swz,2004,0
swz,2005,0
swz,2006,0
swz,2007,0
swz,2008,0
swz,2009,0
swz,2010,0
swz,2011,-4.7914
swz,2012,0
swz,2013,4.98345
swz,2014,0
swz,2015,0
swz,2016,0
swz,2017,-0.06498
swz,2018,-3.14672
syr,1976,0
syr,1977,0
syr,1978,0
syr,1979,0
syr,1980,0
syr,1981,0
syr,1982,0
syr,1983,0
syr,1984,0
syr,1985,0
syr,1986,0
syr,1987,0
syr,1988,0
syr,1989,0
syr,1990,0
syr,1991,0
syr,1992,0
syr,1993,0
syr,1994,0
syr,1995,0
syr,1996,0
syr,1997,0
syr,1998,0
syr,1999,0
syr,2000,0
syr,2001,0
syr,2002,0
syr,2003,0
syr,2004,0
syr,2005,0.90002
syr,2006,0
syr,2007,0
syr,2008,0.02913
syr,2009,0
syr,2010,0
syr,2011,0
syr,2012,0.7928
syr,2013,0.35922
syr,2014,0
syr,2015,0
syr,2016,8.34806
syr,2017,-0.08328
syr,2018,0
tcd,1976,0
tcd,1977,0
tcd,1978,0
tcd,1979,0
tcd,1980,0
tcd,1981,0
tcd,1982,0
tcd,1983,0
tcd,1984,0
tcd,1985,0
tcd,1986,0
tcd,1987,0
tcd,1988,0
tcd,1989,0
tcd,1990,0
tcd,1991,0
tcd,1992,0
tcd,1993,0
tcd,1994,0
tcd,1995,0
tcd,1996,0
tcd,1997,0
tcd,1998,0
tcd,1999,0
tcd,2000,0
tcd,2001,0
tcd,2002,0
tcd,2003,0
tcd,2004,0
tcd,2005,0
tcd,2006,0
tcd,2007,0
tcd,2008,0
tcd,2009,0
tcd,2010,0
tcd,2011,0
tcd,2012,3.39081
tcd,2013,-0.62183
tcd,2014,0.00162
tcd,2015,-0.04058
tcd,2016,0
tcd,2017,0.24711
tcd,2018,0.54923
tgo,1976,0
tgo,1977,0
tgo,1978,0
tgo,1979,0
tgo,1980,0
tgo,1981,0
tgo,1982,0
tgo,1983,0
tgo,1984,0
tgo,1985,0
tgo,1986,0
tgo,1987,0
tgo,1988,0
tgo,1989,0
tgo,1990,0
tgo,1991,0
tgo,1992,0
tgo,1993,0
tgo,1994,0
tgo,1995,0
tgo,1996,0
tgo,1997,0
tgo,1998,0
tgo,1999,0
tgo,2000,0
tgo,2001,0
tgo,2002,0
tgo,2003,0
tgo,2004,0
tgo,2005,0
tgo,2006,0
tgo,2007,0
tgo,2008,0
tgo,2009,0
tgo,2010,0
tgo,2011,0
tgo,2012,0
tgo,2013,0
tgo,2014,0
tgo,2015,0
tgo,2016,0
tgo,2017,0
tgo,2018,0
tha,1976,0
tha,1977,0
tha,1978,0
tha,1979,0
tha,1980,0
tha,1981,0
tha,1982,0
tha,1983,0
tha,1984,0
tha,1985,0
tha,1986,0
tha,1987,0
tha,1988,0
tha,1989,0
tha,1990,0
tha,1991,0
tha,1992,0
tha,1993,0
tha,1994,15.5975
tha,1995,1.72242
tha,1996,0
tha,1997,-0.53036
tha,1998,4.4061
tha,1999,0.04638
tha,2000,-4.59162
tha,2001,0
tha,2002,0
tha,2003,0
tha,2004,0
tha,2005,-0.80442
tha,2006,0.04641
tha,2007,-0.04641
tha,2008,0.70644
tha,2009,-0.05157
tha,2010,0.08766
tha,2011,3.26535
tha,2012,3.12412
tha,2013,-8.00438
tha,2014,-14.97363
tha,2015,0
tha,2016,0
tha,2017,0
tha,2018,0
tjk,1992,0
tjk,1993,-0.17541
tjk,1994,0
tjk,1995,-0.6514
tjk,1996,0
tjk,1997,0
tjk,1998,0.09273
tjk,1999,0
tjk,2000,0
tjk,2001,-0.6617
tjk,2002,0
tjk,2003,0
tjk,2004,0
tjk,2005,0
tjk,2006,0
tjk,2007,0
tjk,2008,0
tjk,2009,0
tjk,2010,0
tjk,2011,0
tjk,2012,0
tjk,2013,-0.01767
tjk,2014,0
tjk,2015,0
tjk,2016,0.38714
tjk,2017,0.05566
tjk,2018,-0.38957
tkm,1992,0
tkm,1993,0
tkm,1994,0
tkm,1995,0
tkm,1996,0
tkm,1997,0
tkm,1998,0
tkm,1999,0
tkm,2000,0
tkm,2001,0
tkm,2002,0
tkm,2003,0
tkm,2004,0
tkm,2005,0
tkm,2006,0.41048
tkm,2007,-0.24483
tkm,2008,0
tkm,2009,0.00872
tkm,2010,0
tkm,2011,-0.00804
tkm,2012,-0.16633
tkm,2013,0.39101
tkm,2014,-0.07942
tkm,2015,0
tkm,2016,-0.01056
tkm,2017,-0.21587
tkm,2018,0.00493
tls,2003,0
tls,2004,0
tls,2005,33.53604
tls,2006,3.66325
tls,2007,0
tls,2008,0
tls,2009,0
tls,2010,5.81041
tls,2011,0
tls,2012,0
tls,2013,-1.2227
tls,2014,0
tls,2015,6.56565
tls,2016,8.16104
tls,2017,-56.51369
tls,2018,79.92912
tto,1976,0
tto,1977,0
tto,1978,0
tto,1979,0
tto,1980,0
tto,1981,0
tto,1982,0
tto,1983,0
tto,1984,0
tto,1985,0
tto,1986,0
tto,1987,0
tto,1988,0
tto,1989,0
tto,1990,4.72539
tto,1991,0
tto,1992,0
tto,1993,0
tto,1994,0
tto,1995,0
tto,1996,0
tto,1997,0
tto,1998,0
tto,1999,0
tto,2000,0
tto,2001,0
tto,2002,0
tto,2003,0
tto,2004,0
tto,2005,0
tto,2006,0
tto,2007,0
tto,2008,0
tto,2009,0
tto,2010,0
tto,2011,0
tto,2012,0
tto,2013,4.24725
tto,2014,0
tto,2015,0
tto,2016,0
tto,2017,0
tto,2018,-4.37319
tun,1976,-0.04033
tun,1977,0
tun,1978,0
tun,1979,0.01494
tun,1980,0
tun,1981,0
tun,1982,0
tun,1983,0
tun,1984,0
tun,1985,0
tun,1986,-0.76334
tun,1987,0
tun,1988,0
tun,1989,0
tun,1990,0
tun,1991,0
tun,1992,0
tun,1993,0
tun,1994,0
tun,1995,0
tun,1996,-0.42275
tun,1997,0
tun,1998,0
tun,1999,0
tun,2000,0
tun,2001,0
tun,2002,0
tun,2003,0
tun,2004,0
tun,2005,0
tun,2006,-0.05826
tun,2007,0
tun,2008,0
tun,2009,0
tun,2010,-0.33723
tun,2011,-1.01168
tun,2012,0
tun,2013,0
tun,2014,0
tun,2015,0
tun,2016,0
tun,2017,0
tun,2018,0
tur,1976,0
tur,1977,-0.36153
tur,1978,0
tur,1979,0
tur,1980,0
tur,1981,-19.87822
tur,1982,0
tur,1983,0
tur,1984,0
tur,1985,0
tur,1986,10.70904
tur,1987,0
tur,1988,0
tur,1989,5.29827
tur,1990,-0.04068
tur,1991,0
tur,1992,0
tur,1993,0
tur,1994,0.04068
tur,1995,0.37627
tur,1996,0
tur,1997,0
tur,1998,0
tur,1999,0.74237
tur,2000,0
tur,2001,0
tur,2002,0
tur,2003,0
tur,2004,0
tur,2005,0
tur,2006,0
tur,2007,0
tur,2008,0
tur,2009,0
tur,2010,1.51524
tur,2011,0
tur,2012,0
tur,2013,9.10418
tur,2014,-19.75425
tur,2015,4.57329
tur,2016,4.55436
tur,2017,-0.30294
tur,2018,-4.93274
twn,1976,0
twn,1977,0
twn,1978,0.1561
twn,1979,0
twn,1980,0.42137
twn,1981,0.02511
twn,1982,0.16265
twn,1983,0
twn,1984,0
twn,1985,0
twn,1986,1.21614
twn,1987,5.87588
twn,1988,0.47572
twn,1989,0
twn,1990,1.73341
twn,1991,4.43109
twn,1992,2.49639
twn,1993,0
twn,1994,0.74452
twn,1995,20.59083
twn,1996,1.30634
twn,1997,0
twn,1998,11.89129
twn,1999,2.40498
twn,2000,5.77522
twn,2001,9.03148
twn,2002,0
twn,2003,0
twn,2004,0
twn,2005,0
twn,2006,0
twn,2007,0
twn,2008,0.40613
twn,2009,0
twn,2010,0
twn,2011,0
twn,2012,0
twn,2013,15.53516
twn,2014,0
twn,2015,0
twn,2016,-1.16957
twn,2017,-8.65042
twn,2018,7.65154
tza,1976,0
tza,1977,0
tza,1978,0
tza,1979,0
tza,1980,0
tza,1981,0
tza,1982,14.31567
tza,1983,0
tza,1984,0
tza,1985,0
tza,1986,0
tza,1987,0
tza,1988,0
tza,1989,0
tza,1990,0
tza,1991,0
tza,1992,0
tza,1993,0
tza,1994,0
tza,1995,5.4554
tza,1996,19.29466
tza,1997,0
tza,1998,0
tza,1999,0
tza,2000,0
tza,2001,0
tza,2002,0
tza,2003,0
tza,2004,0
tza,2005,0
tza,2006,1.14012
tza,2007,0
tza,2008,0
tza,2009,0
tza,2010,-7.04828
tza,2011,0
tza,2012,0
tza,2013,0
tza,2014,-4.80229
tza,2015,0
tza,2016,3.5279
tza,2017,7.21662
tza,2018,2.99978
uga,1976,0
uga,1977,0
uga,1978,0
uga,1979,0
uga,1980,0
uga,1981,0
uga,1982,0
uga,1983,0
uga,1984,0
uga,1985,0
uga,1986,0
uga,1987,7.0197
uga,1988,8.92181
uga,1989,0
uga,1990,0
uga,1991,0
uga,1992,0
uga,1993,0
uga,1994,3.71365
uga,1995,0
uga,1996,9.58818
uga,1997,1.27554
uga,1998,0
uga,1999,0
uga,2000,0
uga,2001,-0.69342
uga,2002,0.74478
uga,2003,0
uga,2004,8.82229
uga,2005,0
uga,2006,-1.13692
uga,2007,0
uga,2008,0
uga,2009,0
uga,2010,-1.37824
uga,2011,0
uga,2012,0
uga,2013,5.54976
uga,2014,0.05187
uga,2015,-0.3112
uga,2016,-2.86673
uga,2017,-4.92621
uga,2018,10.4987
ukr,1992,-12.33628
ukr,1993,0.02422
ukr,1994,-0.26395
ukr,1995,-1.63274
ukr,1996,0.94227
ukr,1997,-4.66093
ukr,1998,-1.2194
ukr,1999,0.47618
ukr,2000,-0.0024
ukr,2001,10.05293
ukr,2002,-0.97688
ukr,2003,-0.98655
ukr,2004,2.12175
ukr,2005,0.92425
ukr,2006,0.51215
ukr,2007,1.43735
ukr,2008,0.06474
ukr,2009,-8.96425
ukr,2010,-0.26323
ukr,2011,0.10373
ukr,2012,-8.07954
ukr,2013,11.08553
ukr,2014,-12.9494
ukr,2015,0.50329
ukr,2016,9.33225
ukr,2017,6.14995
ukr,2018,-6.57979
ury,1976,0
ury,1977,0
ury,1978,0
ury,1979,0
ury,1980,0
ury,1981,0
ury,1982,0
ury,1983,0
ury,1984,0
ury,1985,0
ury,1986,0
ury,1987,0
ury,1988,0
ury,1989,0
ury,1990,0
ury,1991,0
ury,1992,0
ury,1993,0
ury,1994,0
ury,1995,0
ury,1996,0
ury,1997,0
ury,1998,0
ury,1999,0
ury,2000,0
ury,2001,0
ury,2002,0
ury,2003,0
ury,2004,0
ury,2005,0
ury,2006,0
ury,2007,0
ury,2008,0
ury,2009,86.70945
ury,2010,0
ury,2011,0
ury,2012,0
ury,2013,-5.63202
ury,2014,0
ury,2015,-0.60774
ury,2016,0
ury,2017,-0.80593
ury,2018,0.24414
usa,1976,0
usa,1977,0
usa,1978,0
usa,1979,0
usa,1980,9.45135
usa,1981,0
usa,1982,0
usa,1983,0
usa,1984,0
usa,1985,0
usa,1986,0
usa,1987,0
usa,1988,0
usa,1989,0
usa,1990,0
usa,1991,0
usa,1992,0
usa,1993,0
usa,1994,0
usa,1995,0
usa,1996,0
usa,1997,0
usa,1998,0
usa,1999,0
usa,2000,-5.99691
usa,2001,2.84646
usa,2002,0
usa,2003,0
usa,2004,-2.65301
usa,2005,9.82443
usa,2006,0
usa,2007,0
usa,2008,0
usa,2009,0
usa,2010,8.45647
usa,2011,0
usa,2012,0
usa,2013,0
usa,2014,0
usa,2015,0
usa,2016,-16.8517
usa,2017,-5.0904
usa,2018,-4.08213
uzb,1992,-0.17608
uzb,1993,-0.05602
uzb,1994,0
uzb,1995,0
uzb,1996,0
uzb,1997,0
uzb,1998,0
uzb,1999,0
uzb,2000,0
uzb,2001,0
uzb,2002,0
uzb,2003,0
uzb,2004,0
uzb,2005,0
uzb,2006,-0.01438
uzb,2007,-0.00336
uzb,2008,0
uzb,2009,0.00878
uzb,2010,-0.01755
uzb,2011,0
uzb,2012,0
uzb,2013,0.17641
uzb,2014,-0.00129
uzb,2015,0
uzb,2016,0.25072
uzb,2017,-0.1638
uzb,2018,0.12772
ven,1976,0
ven,1977,0
ven,1978,0
ven,1979,0
ven,1980,0
ven,1981,0
ven,1982,0
ven,1983,0
ven,1984,0
ven,1985,0
ven,1986,0
ven,1987,0
ven,1988,-3.52816
ven,1989,12.31798
ven,1990,0.14206
ven,1991,0
ven,1992,-0.87575
ven,1993,0
ven,1994,0
ven,1995,0
ven,1996,0
ven,1997,0
ven,1998,0
ven,1999,-1.93871
ven,2000,-9.50707
ven,2001,0
ven,2002,0
ven,2003,0
ven,2004,0
ven,2005,0
ven,2006,-1.5277
ven,2007,0
ven,2008,-0.48032
ven,2009,-0.06004
ven,2010,-8.6877
ven,2011,0
ven,2012,0
ven,2013,-2.29506
ven,2014,0
ven,2015,0
ven,2016,-1.91586
ven,2017,-14.38473
ven,2018,-9.22452
vnm,1976,0
vnm,1977,-1.05292
vnm,1978,0
vnm,1979,0
vnm,1980,0
vnm,1981,0
vnm,1982,0.16288
vnm,1983,0
vnm,1984,0
vnm,1985,0
vnm,1986,0
vnm,1987,0
vnm,1988,0
vnm,1989,0
vnm,1990,0
vnm,1991,0
vnm,1992,0
vnm,1993,-0.96724
vnm,1994,0
vnm,1995,0
vnm,1996,0
vnm,1997,0
vnm,1998,-0.55265
vnm,1999,0
vnm,2000,0
vnm,2001,0
vnm,2002,0
vnm,2003,-0.89432
vnm,2004,0
vnm,2005,0
vnm,2006,0
vnm,2007,-5.95185
vnm,2008,0
vnm,2009,0
vnm,2010,0
vnm,2011,0
vnm,2012,0
vnm,2013,10.80156
vnm,2014,0
vnm,2015,0
vnm,2016,0
vnm,2017,-11.97683
vnm,2018,0.21251
yem,1976,0
yem,1977,0
yem,1978,0
yem,1979,0
yem,1980,0
yem,1981,0
yem,1982,0
yem,1983,0
yem,1984,0
yem,1985,0
yem,1986,0
yem,1987,0
yem,1988,0
yem,1989,0
yem,1990,0
yem,1991,0
yem,1992,0
yem,1993,0
yem,1994,0
yem,1995,0
yem,1996,0
yem,1997,0
yem,1998,0
yem,1999,0
yem,2000,0
yem,2001,2.18716
yem,2002,0
yem,2003,-0.07239
yem,2004,0
yem,2005,0
yem,2006,0.12669
yem,2007,-0.47055
yem,2008,0
yem,2009,0
yem,2010,0.33731
yem,2011,-2.10821
yem,2012,0
yem,2013,0
yem,2014,0
yem,2015,0
yem,2016,0
yem,2017,0
yem,2018,0
zaf,1976,0
zaf,1977,0
zaf,1978,0
zaf,1979,0
zaf,1980,0
zaf,1981,0
zaf,1982,0
zaf,1983,0
zaf,1984,0
zaf,1985,0
zaf,1986,0
zaf,1987,0
zaf,1988,0
zaf,1989,0
zaf,1990,0
zaf,1991,0
zaf,1992,0
zaf,1993,0
zaf,1994,5.33248
zaf,1995,0
zaf,1996,0
zaf,1997,0
zaf,1998,0
zaf,1999,0
zaf,2000,12.85353
zaf,2001,0
zaf,2002,0
zaf,2003,0
zaf,2004,0
zaf,2005,0
zaf,2006,0
zaf,2007,0
zaf,2008,0
zaf,2009,0
zaf,2010,3.7032
zaf,2011,0
zaf,2012,2.13143
zaf,2013,6.71802
zaf,2014,0
zaf,2015,-0.38609
zaf,2016,0
zaf,2017,-3.56102
zaf,2018,-2.74388
zmb,1976,0
zmb,1977,0
zmb,1978,0
zmb,1979,0
zmb,1980,0
zmb,1981,0
zmb,1982,0
zmb,1983,0
zmb,1984,0
zmb,1985,0
zmb,1986,0
zmb,1987,0
zmb,1988,0
zmb,1989,0
zmb,1990,-0.5538
zmb,1991,1.11924
zmb,1992,3.46814
zmb,1993,0
zmb,1994,0
zmb,1995,0
zmb,1996,0
zmb,1997,-0.59796
zmb,1998,0
zmb,1999,-0.63559
zmb,2000,0.77563
zmb,2001,-0.06464
zmb,2002,0
zmb,2003,0
zmb,2004,0
zmb,2005,-1.93908
zmb,2006,0
zmb,2007,0
zmb,2008,0
zmb,2009,0
zmb,2010,1.31815
zmb,2011,0
zmb,2012,0
zmb,2013,9.27007
zmb,2014,0
zmb,2015,0
zmb,2016,-14.76479
zmb,2017,-12.21567
zmb,2018,15.07409
zwe,1976,0
zwe,1977,0
zwe,1978,0
zwe,1979,0
zwe,1980,-1.87903
zwe,1981,2.72869
zwe,1982,0
zwe,1983,0
zwe,1984,0
zwe,1985,-6.15319
zwe,1986,0
zwe,1987,0
zwe,1988,0.54984
zwe,1989,0
zwe,1990,-1.11967
zwe,1991,0
zwe,1992,0
zwe,1993,0
zwe,1994,0
zwe,1995,0
zwe,1996,0
zwe,1997,0
zwe,1998,0
zwe,1999,0
zwe,2000,-1.89193
zwe,2001,0
zwe,2002,0
zwe,2003,0
zwe,2004,0
zwe,2005,-0.24395
zwe,2006,0
zwe,2007,0
zwe,2008,0.02973
zwe,2009,0
zwe,2010,0
zwe,2011,0
zwe,2012,0
zwe,2013,-4.59896
zwe,2014,0
zwe,2015,0
zwe,2016,2.18846
zwe,2017,7.74405
zwe,2018,10.4003
