country,time,refugee_from_perc_wb
afg,1990,51.07103
afg,1991,47.41931
afg,1992,31.42549
afg,1993,21.33566
afg,1994,15.99445
afg,1995,14.79313
afg,1996,14.18434
afg,1997,13.82785
afg,1998,13.51275
afg,1999,12.89827
afg,2000,17.26344
afg,2001,17.6321
afg,2002,11.10712
afg,2003,9.02012
afg,2004,9.76435
afg,2005,8.44362
afg,2006,7.97304
afg,2007,11.28266
afg,2008,10.21968
afg,2009,10.16779
afg,2010,10.46653
afg,2011,8.84683
afg,2012,8.29922
afg,2013,7.92233
afg,2014,7.78006
afg,2015,7.74782
afg,2016,7.06962
afg,2017,7.23004
afg,2018,7.21316
afg,2019,7.17332
ago,1990,3.44148
ago,1991,3.11568
ago,1992,2.37405
ago,1993,2.47671
ago,1994,2.09258
ago,1995,1.76876
ago,1996,1.73385
ago,1997,1.80005
ago,1998,2.07968
ago,1999,2.22777
ago,2000,2.64561
ago,2001,2.77724
ago,2002,2.48536
ago,2003,1.81874
ago,2004,1.21994
ago,2005,1.11059
ago,2006,1.02482
ago,2007,0.89047
ago,2008,0.78999
ago,2009,0.62636
ago,2010,0.5774
ago,2011,0.53122
ago,2012,0.0767
ago,2013,0.03954
ago,2014,0.0352
ago,2015,0.04257
ago,2016,0.02914
ago,2017,0.02773
ago,2018,0.02679
ago,2019,0.02573
alb,1990,0.05545
alb,1991,0.10791
alb,1992,0.13411
alb,1993,0.14847
alb,1994,0.15951
alb,1995,0.18642
alb,1996,0.18669
alb,1997,0.17353
alb,1998,0.17208
alb,1999,0.20136
alb,2000,0.21737
alb,2001,0.24367
alb,2002,0.34422
alb,2003,0.33306
alb,2004,0.33721
alb,2005,0.41214
alb,2006,0.45968
alb,2007,0.5056
alb,2008,0.49975
alb,2009,0.52845
alb,2010,0.50108
alb,2011,0.46271
alb,2012,0.43128
alb,2013,0.34792
alb,2014,0.35072
alb,2015,0.36007
alb,2016,0.38335
alb,2017,0.42172
alb,2018,0.46893
alb,2019,0.52185
and,1990,0
and,1991,0
and,1992,0
and,1993,0
and,1994,0.00319
and,1995,0.00313
and,1996,0.00466
and,1997,0.00155
and,1998,0.00312
and,1999,0.00466
and,2000,0.00306
and,2001,0.00148
and,2002,0.01428
and,2003,0.01366
and,2004,0.00393
and,2005,0.01141
and,2006,0.01235
and,2007,0.01089
and,2008,0.00715
and,2009,0.0071
and,2010,0.0071
and,2011,0.00716
and,2012,0.00849
and,2013,0.00619
and,2014,0.00884
and,2015,0.00641
and,2016,0.00259
and,2017,0
and,2018,0.0039
and,2019,0.00389
are,1990,0
are,1991,0
are,1992,0
are,1993,0
are,1994,0
are,1995,0
are,1996,0
are,1997,0.00015
are,1998,0.00025
are,1999,0.00024
are,2000,0.00048
are,2001,0.00055
are,2002,0.00089
are,2003,0.00054
are,2004,0.00175
are,2005,0.00065
are,2006,0.005
are,2007,0.00499
are,2008,0.00361
are,2009,0.00523
are,2010,0.00496
are,2011,0.00543
are,2012,0.00639
are,2013,0.00098
are,2014,0.00098
are,2015,0.00107
are,2016,0.0012
are,2017,0.00139
are,2018,0.00184
are,2019,0.00166
arg,1990,0.00102
arg,1991,0.0006
arg,1992,0.00034
arg,1993,0.00029
arg,1994,0.00136
arg,1995,0.00095
arg,1996,0.00062
arg,1997,0.00045
arg,1998,0.00039
arg,1999,0.00161
arg,2000,0.00165
arg,2001,0.00177
arg,2002,0.00205
arg,2003,0.00206
arg,2004,0.00207
arg,2005,0.0022
arg,2006,0.00228
arg,2007,0.00295
arg,2008,0.00261
arg,2009,0.0015
arg,2010,0.00136
arg,2011,0.00125
arg,2012,0.00107
arg,2013,0.00092
arg,2014,0.00075
arg,2015,0.00045
arg,2016,0.00029
arg,2017,0.00025
arg,2018,0.00026
arg,2019,0.00024
arm,1990,0.00003
arm,1991,0.00003
arm,1992,5.66405
arm,1993,5.95032
arm,1994,6.14685
arm,1995,6.26112
arm,1996,6.41469
arm,1997,6.50127
arm,1998,6.21323
arm,1999,6.25541
arm,2000,0.18849
arm,2001,0.23624
arm,2002,0.43669
arm,2003,0.43613
arm,2004,0.44736
arm,2005,0.46843
arm,2006,0.50428
arm,2007,0.52636
arm,2008,0.56184
arm,2009,0.62325
arm,2010,0.60984
arm,2011,0.57315
arm,2012,0.55249
arm,2013,0.41407
arm,2014,0.40681
arm,2015,0.38331
arm,2016,0.36507
arm,2017,0.36559
arm,2018,0.37425
arm,2019,0.37079
atg,1990,0
atg,1991,0
atg,1992,0
atg,1993,0
atg,1994,0
atg,1995,0
atg,1996,0
atg,1997,0.00139
atg,1998,0.00273
atg,1999,0.00268
atg,2000,0.00132
atg,2001,0.00518
atg,2002,0.00639
atg,2003,0.0063
atg,2004,0.01618
atg,2005,0.01596
atg,2006,0.02297
atg,2007,0.02975
atg,2008,0.03045
atg,2009,0.03228
atg,2010,0.03408
atg,2011,0.03585
atg,2012,0.04977
atg,2013,0.05355
atg,2014,0.05726
atg,2015,0.05985
atg,2016,0.08781
atg,2017,0.09851
atg,2018,0.11113
atg,2019,0.12254
aus,1990,0
aus,1991,0
aus,1992,0
aus,1993,0
aus,1994,0.00001
aus,1995,0.00001
aus,1996,0.00001
aus,1997,0.00001
aus,1998,0.00001
aus,1999,0.00002
aus,2000,0.00002
aus,2001,0.00001
aus,2002,0.00005
aus,2003,0.00008
aus,2004,0.00007
aus,2005,0.00022
aus,2006,0.00014
aus,2007,0.0003
aus,2008,0.0002
aus,2009,0.00013
aus,2010,0.00017
aus,2011,0.00017
aus,2012,0.00021
aus,2013,0.00012
aus,2014,0.00011
aus,2015,0.00008
aus,2016,0.00006
aus,2017,0
aus,2018,0.00005
aus,2019,0.00007
aut,1990,0
aut,1991,0
aut,1992,0
aut,1993,0
aut,1994,0.00075
aut,1995,0.00061
aut,1996,0.00065
aut,1997,0.00068
aut,1998,0.00075
aut,1999,0.0006
aut,2000,0.00043
aut,2001,0.00036
aut,2002,0.00089
aut,2003,0.00081
aut,2004,0.00057
aut,2005,0.0008
aut,2006,0.00041
aut,2007,0.00028
aut,2008,0.00017
aut,2009,0.00014
aut,2010,0.00012
aut,2011,0.00013
aut,2012,0.00014
aut,2013,0.00012
aut,2014,0.00012
aut,2015,0.00005
aut,2016,0.00007
aut,2017,0
aut,2018,0.00026
aut,2019,0.00022
aze,1990,0
aze,1991,0
aze,1992,4.01503
aze,1993,4.32624
aze,1994,3.89259
aze,1995,2.5789
aze,1996,3.00534
aze,1997,2.96442
aze,1998,4.12592
aze,1999,3.863
aze,2000,3.49977
aze,2001,3.27863
aze,2002,3.1438
aze,2003,3.02885
aze,2004,2.96585
aze,2005,2.73669
aze,2006,1.46079
aze,2007,0.18243
aze,2008,0.18498
aze,2009,0.18981
aze,2010,0.18548
aze,2011,0.17671
aze,2012,0.1677
aze,2013,0.11522
aze,2014,0.11062
aze,2015,0.10091
aze,2016,0.10386
aze,2017,0.11049
aze,2018,0.11303
aze,2019,0.11571
bdi,1990,3.52314
bdi,1991,4.02424
bdi,1992,3.23864
bdi,1993,15.02887
bdi,1994,6.60635
bdi,1995,5.85568
bdi,1996,7.0738
bdi,1997,8.47945
bdi,1998,8.12485
bdi,1999,8.41611
bdi,2000,8.90571
bdi,2001,8.4897
bdi,2002,8.57021
bdi,2003,7.69467
bdi,2004,6.81147
bdi,2005,5.95675
bdi,2006,5.21226
bdi,2007,4.77889
bdi,2008,3.46528
bdi,2009,1.12221
bdi,2010,0.96897
bdi,2011,1.13065
bdi,2012,0.79346
bdi,2013,0.76147
bdi,2014,0.7364
bdi,2015,2.88153
bdi,2016,3.89097
bdi,2017,4.05726
bdi,2018,3.47068
bdi,2019,3.30872
bel,1990,0
bel,1991,0
bel,1992,0
bel,1993,0
bel,1994,0.00002
bel,1995,0.00003
bel,1996,0.00005
bel,1997,0.0001
bel,1998,0.00014
bel,1999,0.00016
bel,2000,0.00018
bel,2001,0.00013
bel,2002,0.00026
bel,2003,0.00038
bel,2004,0.00043
bel,2005,0.0009
bel,2006,0.0006
bel,2007,0.00056
bel,2008,0.00057
bel,2009,0.00065
bel,2010,0.00076
bel,2011,0.00082
bel,2012,0.00084
bel,2013,0.0007
bel,2014,0.00067
bel,2015,0.00058
bel,2016,0.0004
bel,2017,0.00046
bel,2018,0.00047
bel,2019,0.00032
ben,1990,0.00004
ben,1991,0.00008
ben,1992,0.00008
ben,1993,0.00123
ben,1994,0.00135
ben,1995,0.00091
ben,1996,0.00075
ben,1997,0.00073
ben,1998,0.00087
ben,1999,0.00078
ben,2000,0.00079
ben,2001,0.00078
ben,2002,0.00318
ben,2003,0.00375
ben,2004,0.00399
ben,2005,0.00515
ben,2006,0.00262
ben,2007,0.00321
ben,2008,0.00366
ben,2009,0.00459
ben,2010,0.0048
ben,2011,0.00487
ben,2012,0.0047
ben,2013,0.00302
ben,2014,0.00331
ben,2015,0.0039
ben,2016,0.0045
ben,2017,0.00498
ben,2018,0.00579
ben,2019,0.00612
bfa,1990,0.00002
bfa,1991,0.00009
bfa,1992,0.00066
bfa,1993,0.00066
bfa,1994,0.00068
bfa,1995,0.00062
bfa,1996,0.00069
bfa,1997,0.00111
bfa,1998,0.00094
bfa,1999,0.00094
bfa,2000,0.00112
bfa,2001,0.00082
bfa,2002,0.00796
bfa,2003,0.00674
bfa,2004,0.00447
bfa,2005,0.00452
bfa,2006,0.00272
bfa,2007,0.00392
bfa,2008,0.00494
bfa,2009,0.00654
bfa,2010,0.00734
bfa,2011,0.0079
bfa,2012,0.00881
bfa,2013,0.00928
bfa,2014,0.01056
bfa,2015,0.01186
bfa,2016,0.01264
bfa,2017,0.01396
bfa,2018,0.05802
bfa,2019,0.05778
bgd,1990,0.00046
bgd,1991,0.00058
bgd,1992,0.04993
bgd,1993,0.0518
bgd,1994,0.04985
bgd,1995,0.04945
bgd,1996,0.04926
bgd,1997,0.03693
bgd,1998,0.0038
bgd,1999,0.00357
bgd,2000,0.00423
bgd,2001,0.00426
bgd,2002,0.00438
bgd,2003,0.00413
bgd,2004,0.00418
bgd,2005,0.00525
bgd,2006,0.00554
bgd,2007,0.00718
bgd,2008,0.007
bgd,2009,0.00715
bgd,2010,0.00681
bgd,2011,0.00674
bgd,2012,0.00673
bgd,2013,0.00637
bgd,2014,0.00704
bgd,2015,0.00779
bgd,2016,0.00877
bgd,2017,0.01049
bgd,2018,0.01304
bgd,2019,0.01404
bgr,1990,0.02174
bgr,1991,0.0312
bgr,1992,0.03436
bgr,1993,0.03679
bgr,1994,0.05533
bgr,1995,0.0496
bgr,1996,0.03915
bgr,1997,0.03712
bgr,1998,0.03836
bgr,1999,0.03289
bgr,2000,0.03006
bgr,2001,0.02674
bgr,2002,0.03612
bgr,2003,0.03289
bgr,2004,0.0286
bgr,2005,0.05534
bgr,2006,0.04505
bgr,2007,0.0437
bgr,2008,0.0404
bgr,2009,0.03673
bgr,2010,0.03446
bgr,2011,0.03154
bgr,2012,0.02927
bgr,2013,0.02579
bgr,2014,0.02274
bgr,2015,0.01763
bgr,2016,0.01126
bgr,2017,0.01008
bgr,2018,0.00889
bgr,2019,0.0081
bhr,1990,0.00786
bhr,1991,0.0102
bhr,1992,0.01013
bhr,1993,0.01119
bhr,1994,0.01365
bhr,1995,0.0126
bhr,1996,0.01089
bhr,1997,0.01378
bhr,1998,0.01581
bhr,1999,0.02027
bhr,2000,0.01429
bhr,2001,0.00659
bhr,2002,0.0068
bhr,2003,0.00668
bhr,2004,0.00627
bhr,2005,0.00461
bhr,2006,0.00647
bhr,2007,0.00705
bhr,2008,0.00718
bhr,2009,0.00667
bhr,2010,0.00701
bhr,2011,0.01682
bhr,2012,0.02285
bhr,2013,0.02091
bhr,2014,0.02597
bhr,2015,0.03069
bhr,2016,0.0324
bhr,2017,0.0326
bhr,2018,0.0346
bhr,2019,0.03412
bhs,1990,0
bhs,1991,0
bhs,1992,0
bhs,1993,0
bhs,1994,0
bhs,1995,0
bhs,1996,0
bhs,1997,0
bhs,1998,0.00034
bhs,1999,0.00034
bhs,2000,0.00034
bhs,2001,0
bhs,2002,0.00033
bhs,2003,0.00032
bhs,2004,0.00031
bhs,2005,0.00031
bhs,2006,0.00423
bhs,2007,0.00415
bhs,2008,0.00436
bhs,2009,0.00429
bhs,2010,0.00479
bhs,2011,0.05145
bhs,2012,0.05391
bhs,2013,0.0572
bhs,2014,0.05801
bhs,2015,0.05746
bhs,2016,0.07912
bhs,2017,0.09771
bhs,2018,0.10839
bhs,2019,0.12786
bih,1990,0
bih,1991,0
bih,1992,10.33384
bih,1993,15.16146
bih,1994,19.71494
bih,1995,20.10298
bih,1996,26.40163
bih,1997,22.73086
bih,1998,17.14025
bih,1999,15.98014
bih,2000,13.46194
bih,2001,11.91105
bih,2002,10.81154
bih,2003,7.97426
bih,2004,6.07915
bih,2005,2.91953
bih,2006,5.31006
bih,2007,2.08018
bih,2008,1.98084
bih,2009,1.87417
bih,2010,1.70029
bih,2011,1.59998
bih,2012,1.43751
bih,2013,0.75622
bih,2014,0.62859
bih,2015,0.5473
bih,2016,0.53744
bih,2017,0.52719
bih,2018,0.51036
bih,2019,0.50164
blr,1990,0
blr,1991,0
blr,1992,0
blr,1993,0.00002
blr,1994,0.00037
blr,1995,0.00083
blr,1996,0.00499
blr,1997,0.00303
blr,1998,0.00291
blr,1999,0.01518
blr,2000,0.02552
blr,2001,0.03767
blr,2002,0.0653
blr,2003,0.08074
blr,2004,0.08573
blr,2005,0.09263
blr,2006,0.09847
blr,2007,0.05242
blr,2008,0.05696
blr,2009,0.05857
blr,2010,0.06096
blr,2011,0.06293
blr,2012,0.06574
blr,2013,0.04666
blr,2014,0.04559
blr,2015,0.0437
blr,2016,0.04065
blr,2017,0.03846
blr,2018,0.03744
blr,2019,0.03633
blz,1990,0
blz,1991,0
blz,1992,0
blz,1993,0
blz,1994,0.00397
blz,1995,0.00387
blz,1996,0.0014
blz,1997,0
blz,1998,0
blz,1999,0.0046
blz,2000,0.00485
blz,2001,0
blz,2002,0.00038
blz,2003,0.00371
blz,2004,0.00325
blz,2005,0.00282
blz,2006,0.00618
blz,2007,0.00569
blz,2008,0.00652
blz,2009,0.0054
blz,2010,0.00713
blz,2011,0.00969
blz,2012,0.01154
blz,2013,0.01157
blz,2014,0.01273
blz,2015,0.01413
blz,2016,0.01547
blz,2017,0.0157
blz,2018,0.01801
blz,2019,0.0187
bol,1990,0.01065
bol,1991,0.00096
bol,1992,0.00039
bol,1993,0.00056
bol,1994,0.00237
bol,1995,0.00236
bol,1996,0.00228
bol,1997,0.00203
bol,1998,0.00226
bol,1999,0.00211
bol,2000,0.00208
bol,2001,0.00182
bol,2002,0.0025
bol,2003,0.00296
bol,2004,0.00314
bol,2005,0.00291
bol,2006,0.00398
bol,2007,0.00448
bol,2008,0.00467
bol,2009,0.0058
bol,2010,0.00587
bol,2011,0.00598
bol,2012,0.00596
bol,2013,0.0057
bol,2014,0.0056
bol,2015,0.00525
bol,2016,0.00487
bol,2017,0.00451
bol,2018,0.00449
bol,2019,0.00453
bra,1990,0.00001
bra,1991,0.00001
bra,1992,0.00001
bra,1993,0.00001
bra,1994,0.00003
bra,1995,0.00003
bra,1996,0.00005
bra,1997,0.00006
bra,1998,0.00008
bra,1999,0.00011
bra,2000,0.00013
bra,2001,0.00014
bra,2002,0.00025
bra,2003,0.00021
bra,2004,0.00022
bra,2005,0.0002
bra,2006,0.00038
bra,2007,0.00085
bra,2008,0.00073
bra,2009,0.0005
bra,2010,0.00051
bra,2011,0.00053
bra,2012,0.00054
bra,2013,0.00049
bra,2014,0.00048
bra,2015,0.00044
bra,2016,0.00039
bra,2017,0.0004
bra,2018,0.0005
bra,2019,0.00066
brb,1990,0
brb,1991,0
brb,1992,0
brb,1993,0
brb,1994,0.00151
brb,1995,0.00113
brb,1996,0.00075
brb,1997,0.00112
brb,1998,0.00186
brb,1999,0.00148
brb,2000,0.00295
brb,2001,0.00257
brb,2002,0.00329
brb,2003,0.00401
brb,2004,0.00254
brb,2005,0.0029
brb,2006,0.00973
brb,2007,0.01363
brb,2008,0.01215
brb,2009,0.01032
brb,2010,0.01134
brb,2011,0.0159
brb,2012,0.01939
brb,2013,0.02357
brb,2014,0.03019
brb,2015,0.0347
brb,2016,0.05178
brb,2017,0.05834
brb,2018,0.07466
brb,2019,0.08571
brn,1990,0
brn,1991,0
brn,1992,0
brn,1993,0
brn,1994,0
brn,1995,0.00101
brn,1996,0
brn,1997,0
brn,1998,0
brn,1999,0
brn,2000,0
brn,2001,0
brn,2002,0.00058
brn,2003,0.00028
brn,2004,0.00028
brn,2005,0.01342
brn,2006,0.00054
brn,2007,0.00053
brn,2008,0.00026
brn,2009,0.00026
brn,2010,0.00026
brn,2011,0.00025
brn,2012,0.00025
brn,2013,0.00025
brn,2014,0.00024
brn,2015,0
brn,2016,0.00024
brn,2017,0
brn,2018,0.0007
brn,2019,0.00115
btn,1990,0
btn,1991,1.77765
btn,1992,14.11384
btn,1993,16.02246
btn,1994,19.41531
btn,1995,19.59303
btn,1996,19.72811
btn,1997,19.70282
btn,1998,18.72663
btn,1999,18.62288
btn,2000,18.43357
btn,2001,18.36267
btn,2002,18.26598
btn,2003,16.56123
btn,2004,16.47676
btn,2005,16.42204
btn,2006,16.43936
btn,2007,16.63445
btn,2008,15.62884
btn,2009,13.1308
btn,2010,10.9511
btn,2011,8.36424
btn,2012,5.92803
btn,2013,4.44459
btn,2014,3.28794
btn,2015,2.43445
btn,2016,1.59589
btn,2017,1.06349
btn,2018,0.94168
btn,2019,0.91588
bwa,1990,0.00023
bwa,1991,0.00023
bwa,1992,0.00022
bwa,1993,0.00029
bwa,1994,0.00146
bwa,1995,0.0017
bwa,1996,0.00153
bwa,1997,0.0011
bwa,1998,0.00102
bwa,1999,0.00062
bwa,2000,0.00018
bwa,2001,0.00012
bwa,2002,0.00029
bwa,2003,0.00029
bwa,2004,0.00034
bwa,2005,0.00022
bwa,2006,0.00065
bwa,2007,0.00085
bwa,2008,0.00136
bwa,2009,0.00154
bwa,2010,0.00267
bwa,2011,0.00422
bwa,2012,0.00623
bwa,2013,0.00815
bwa,2014,0.01135
bwa,2015,0.01452
bwa,2016,0.01259
bwa,2017,0.01265
bwa,2018,0.01304
bwa,2019,0.01007
caf,1990,0.00356
caf,1991,0.01112
caf,1992,0.01098
caf,1993,0.01028
caf,1994,0.00848
caf,1995,0.00751
caf,1996,0.00725
caf,1997,0.00439
caf,1998,0.00498
caf,1999,0.00551
caf,2000,0.00382
caf,2001,0.77119
caf,2002,0.66742
caf,2003,0.91209
caf,2004,0.78459
caf,2005,1.06206
caf,2006,1.74074
caf,2007,2.33692
caf,2008,2.92757
caf,2009,3.67837
caf,2010,3.75915
caf,2011,3.6858
caf,2012,3.70948
caf,2013,5.68503
caf,2014,9.22996
caf,2015,10.48491
caf,2016,10.81812
caf,2017,11.86891
caf,2018,12.66238
caf,2019,12.85968
can,1990,0
can,1991,0.00001
can,1992,0.00001
can,1993,0.00001
can,1994,0.00001
can,1995,0.00001
can,1996,0.00003
can,1997,0.00004
can,1998,0.00005
can,1999,0.00006
can,2000,0.00008
can,2001,0.00001
can,2002,0.00016
can,2003,0.00019
can,2004,0.00018
can,2005,0.00038
can,2006,0.00029
can,2007,0.00161
can,2008,0.0003
can,2009,0.00029
can,2010,0.00026
can,2011,0.00032
can,2012,0.00035
can,2013,0.00028
can,2014,0.00027
can,2015,0.00022
can,2016,0.00023
can,2017,0.0002
can,2018,0.00023
can,2019,0.0002
che,1990,0
che,1991,0
che,1992,0
che,1993,0
che,1994,0.00012
che,1995,0.00039
che,1996,0.00047
che,1997,0.00078
che,1998,0.00109
che,1999,0.00128
che,2000,0.00098
che,2001,0.00085
che,2002,0.00078
che,2003,0.00048
che,2004,0.00016
che,2005,0.00022
che,2006,0.00048
che,2007,0.00041
che,2008,0.00042
che,2009,0.00023
che,2010,0.00024
che,2011,0.00025
che,2012,0.00021
che,2013,0.00018
che,2014,0.00023
che,2015,0.0002
che,2016,0.00007
che,2017,0
che,2018,0.00008
che,2019,0.00008
chl,1990,0.10959
chl,1991,0.10379
chl,1992,0.10236
chl,1993,0.10948
chl,1994,0.10923
chl,1995,0.09925
chl,1996,0.08778
chl,1997,0.06612
chl,1998,0.04681
chl,1999,0.01018
chl,2000,0.00561
chl,2001,0.00538
chl,2002,0.0109
chl,2003,0.00981
chl,2004,0.00746
chl,2005,0.0058
chl,2006,0.00492
chl,2007,0.00587
chl,2008,0.00595
chl,2009,0.00777
chl,2010,0.00686
chl,2011,0.0069
chl,2012,0.00662
chl,2013,0.00339
chl,2014,0.00326
chl,2015,0.00312
chl,2016,0.00273
chl,2017,0.00261
chl,2018,0.00257
chl,2019,0.0026
chn,1990,0.00012
chn,1991,0.00017
chn,1992,0.00684
chn,1993,0.00915
chn,1994,0.00926
chn,1995,0.00844
chn,1996,0.00845
chn,1997,0.00846
chn,1998,0.0086
chn,1999,0.00874
chn,2000,0.0086
chn,2001,0.00904
chn,2002,0.01011
chn,2003,0.01007
chn,2004,0.01018
chn,2005,0.00933
chn,2006,0.0105
chn,2007,0.01108
chn,2008,0.01294
chn,2009,0.01326
chn,2010,0.01349
chn,2011,0.01383
chn,2012,0.01398
chn,2013,0.01402
chn,2014,0.01506
chn,2015,0.01513
chn,2016,0.01469
chn,2017,0.01462
chn,2018,0.01485
chn,2019,0.01485
civ,1990,0.00002
civ,1991,0.00011
civ,1992,0.00027
civ,1993,0.00031
civ,1994,0.00071
civ,1995,0.00142
civ,1996,0.00183
civ,1997,0.00238
civ,1998,0.00344
civ,1999,0.00351
civ,2000,0.0047
civ,2001,0.00509
civ,2002,0.13778
civ,2003,0.19112
civ,2004,0.13163
civ,2005,0.09991
civ,2006,0.14031
civ,2007,0.11597
civ,2008,0.11337
civ,2009,0.11542
civ,2010,0.20337
civ,2011,0.73625
civ,2012,0.46744
civ,2013,0.38778
civ,2014,0.31776
civ,2015,0.30619
civ,2016,0.19651
civ,2017,0.16343
civ,2018,0.15287
civ,2019,0.15311
cmr,1990,0.00085
cmr,1991,0.00001
cmr,1992,0.00066
cmr,1993,0.00134
cmr,1994,0.0018
cmr,1995,0.01483
cmr,1996,0.0151
cmr,1997,0.01574
cmr,1998,0.00916
cmr,1999,0.01094
cmr,2000,0.01329
cmr,2001,0.0171
cmr,2002,0.03194
cmr,2003,0.03694
cmr,2004,0.0442
cmr,2005,0.05132
cmr,2006,0.05698
cmr,2007,0.06144
cmr,2008,0.07204
cmr,2009,0.07461
cmr,2010,0.07356
cmr,2011,0.07253
cmr,2012,0.06228
cmr,2013,0.05176
cmr,2014,0.04747
cmr,2015,0.04544
cmr,2016,0.04336
cmr,2017,0.0447
cmr,2018,0.17901
cmr,2019,0.25622
cod,1990,0.1948
cod,1991,0.18329
cod,1992,0.21768
cod,1993,0.19277
cod,1994,0.18206
cod,1995,0.21584
cod,1996,0.37139
cod,1997,0.397
cod,1998,0.35414
cod,1999,0.55739
cod,2000,0.7891
cod,2001,0.80974
cod,2002,0.84489
cod,2003,0.88179
cod,2004,0.87096
cod,2005,0.78657
cod,2006,0.71037
cod,2007,0.63362
cod,2008,0.60915
cod,2009,0.72996
cod,2010,0.73833
cod,2011,0.73624
cod,2012,0.73788
cod,2013,0.70007
cod,2014,0.70054
cod,2015,0.71021
cod,2016,0.68217
cod,2017,0.76263
cod,2018,0.85681
cod,2019,0.93026
cog,1990,0.00008
cog,1991,0.00017
cog,1992,0.00028
cog,1993,0.00043
cog,1994,0.00122
cog,1995,0.00654
cog,1996,0.00793
cog,1997,0.73753
cog,1998,0.58079
cog,1999,0.89856
cog,2000,0.88185
cog,2001,0.75319
cog,2002,0.84589
cog,2003,0.84998
cog,2004,0.80194
cog,2005,0.67457
cog,2006,0.55029
cog,2007,0.50914
cog,2008,0.4967
cog,2009,0.49559
cog,2010,0.48386
cog,2011,0.29214
cog,2012,0.2687
cog,2013,0.25424
cog,2014,0.3061
cog,2015,0.30438
cog,2016,0.26706
cog,2017,0.25877
cog,2018,0.2546
cog,2019,0.25052
col,1990,0.00149
col,1991,0.00219
col,1992,0.00245
col,1993,0.00297
col,1994,0.00381
col,1995,0.00522
col,1996,0.00585
col,1997,0.0063
col,1998,0.00922
col,1999,0.01132
col,2000,0.02341
col,2001,0.04456
col,2002,0.07492
col,2003,0.09159
col,2004,0.11261
col,2005,0.14174
col,2006,0.16851
col,2007,1.26149
col,2008,0.84405
col,2009,0.87096
col,2010,0.87473
col,2011,0.86712
col,2012,0.85537
col,2013,0.85324
col,2014,0.76712
col,2015,0.71575
col,2016,0.64569
col,2017,0.39176
col,2018,0.27906
col,2019,0.37635
com,1990,0.00097
com,1991,0.00047
com,1992,0.00046
com,1993,0.00045
com,1994,0.00108
com,1995,0.0021
com,1996,0.00266
com,1997,0.00199
com,1998,0.0064
com,1999,0.00586
com,2000,0.00516
com,2001,0.00468
com,2002,0.00755
com,2003,0.00994
com,2004,0.00837
com,2005,0.00997
com,2006,0.01149
com,2007,0.01496
com,2008,0.05751
com,2009,0.03981
com,2010,0.05336
com,2011,0.05972
com,2012,0.06272
com,2013,0.06918
com,2014,0.07651
com,2015,0.07087
com,2016,0.0724
com,2017,0.07065
com,2018,0.07473
com,2019,0.0771
cpv,1990,0
cpv,1991,0
cpv,1992,0.00028
cpv,1993,0.00027
cpv,1994,0.00027
cpv,1995,0.00026
cpv,1996,0.00051
cpv,1997,0.00049
cpv,1998,0.00024
cpv,1999,0.00048
cpv,2000,0.00047
cpv,2001,0.00092
cpv,2002,0.00181
cpv,2003,0.002
cpv,2004,0.00175
cpv,2005,0.00108
cpv,2006,0.00853
cpv,2007,0.00674
cpv,2008,0.00624
cpv,2009,0.00493
cpv,2010,0.00507
cpv,2011,0.00541
cpv,2012,0.00495
cpv,2013,0.00547
cpv,2014,0.00521
cpv,2015,0.00534
cpv,2016,0.00245
cpv,2017,0
cpv,2018,0.00239
cpv,2019,0.00236
cri,1990,0
cri,1991,0.00003
cri,1992,0.00015
cri,1993,0.00015
cri,1994,0.00645
cri,1995,0.00595
cri,1996,0.00383
cri,1997,0.00242
cri,1998,0.00142
cri,1999,0.00196
cri,2000,0.00144
cri,2001,0.00213
cri,2002,0.00239
cri,2003,0.00221
cri,2004,0.00327
cri,2005,0.00415
cri,2006,0.00654
cri,2007,0.0082
cri,2008,0.00793
cri,2009,0.00761
cri,2010,0.00769
cri,2011,0.00714
cri,2012,0.00693
cri,2013,0.00976
cri,2014,0.0087
cri,2015,0.00782
cri,2016,0.00425
cri,2017,0.00384
cri,2018,0.00422
cri,2019,0.00416
cub,1990,0.12761
cub,1991,0.16503
cub,1992,0.19814
cub,1993,0.20767
cub,1994,0.21512
cub,1995,0.22826
cub,1996,0.23276
cub,1997,0.22669
cub,1998,0.21342
cub,1999,0.21045
cub,2000,0.18051
cub,2001,0.16981
cub,2002,0.1611
cub,2003,0.14331
cub,2004,0.13919
cub,2005,0.16872
cub,2006,0.29819
cub,2007,0.06669
cub,2008,0.07064
cub,2009,0.06724
cub,2010,0.06661
cub,2011,0.06991
cub,2012,0.06868
cub,2013,0.06612
cub,2014,0.06635
cub,2015,0.06034
cub,2016,0.05247
cub,2017,0.04688
cub,2018,0.0484
cub,2019,0.05857
cyp,1990,0.00143
cyp,1991,0
cyp,1992,0
cyp,1993,0
cyp,1994,0.00072
cyp,1995,0.00105
cyp,1996,0.00114
cyp,1997,0.0009
cyp,1998,0.00121
cyp,1999,0.00173
cyp,2000,0.00117
cyp,2001,0.00052
cyp,2002,0.00072
cyp,2003,0.0005
cyp,2004,0.0002
cyp,2005,0.00049
cyp,2006,0.00048
cyp,2007,0.00085
cyp,2008,0.00092
cyp,2009,0.001
cyp,2010,0.00117
cyp,2011,0.00098
cyp,2012,0.00097
cyp,2013,0.00087
cyp,2014,0.00087
cyp,2015,0.00034
cyp,2016,0.00017
cyp,2017,0
cyp,2018,0.00084
cyp,2019,0.00033
cze,1990,0.05921
cze,1991,0.04341
cze,1992,0.03214
cze,1993,0.04841
cze,1994,0.04486
cze,1995,0.01968
cze,1996,0.00944
cze,1997,0.00675
cze,1998,0.01873
cze,1999,0.01206
cze,2000,0.00787
cze,2001,0.01148
cze,2002,0.06812
cze,2003,0.06545
cze,2004,0.04436
cze,2005,0.03499
cze,2006,0.02076
cze,2007,0.01336
cze,2008,0.01303
cze,2009,0.01017
cze,2010,0.00775
cze,2011,0.00722
cze,2012,0.00588
cze,2013,0.00936
cze,2014,0.01253
cze,2015,0.01212
cze,2016,0.01197
cze,2017,0.01195
cze,2018,0.01163
cze,2019,0.01093
deu,1990,0
deu,1991,0.00001
deu,1992,0.00001
deu,1993,0.00001
deu,1994,0.00056
deu,1995,0.00048
deu,1996,0.00052
deu,1997,0.00054
deu,1998,0.00085
deu,1999,0.00159
deu,2000,0.00145
deu,2001,0.00127
deu,2002,0.00114
deu,2003,0.00089
deu,2004,0.0001
deu,2005,0.0001
deu,2006,0.00014
deu,2007,0.00016
deu,2008,0.0002
deu,2009,0.00021
deu,2010,0.0002
deu,2011,0.00022
deu,2012,0.00022
deu,2013,0.00022
deu,2014,0.00022
deu,2015,0.0002
deu,2016,0.00009
deu,2017,0.00008
deu,2018,0.00009
deu,2019,0.00009
dji,1990,0.00085
dji,1991,0.00165
dji,1992,0.00179
dji,1993,0.00614
dji,1994,2.90312
dji,1995,2.87047
dji,1996,2.81225
dji,1997,1.23203
dji,1998,0.47306
dji,1999,0.26844
dji,2000,0.26617
dji,2001,0.06166
dji,2002,0.06306
dji,2003,0.06872
dji,2004,0.06415
dji,2005,0.06435
dji,2006,0.06117
dji,2007,0.08045
dji,2008,0.07962
dji,2009,0.07514
dji,2010,0.06737
dji,2011,0.07052
dji,2012,0.07372
dji,2013,0.08627
dji,2014,0.09781
dji,2015,0.11696
dji,2016,0.15499
dji,2017,0.18441
dji,2018,0.22233
dji,2019,0.24169
dma,1990,0
dma,1991,0
dma,1992,0
dma,1993,0
dma,1994,0
dma,1995,0
dma,1996,0.00141
dma,1997,0.00142
dma,1998,0.00142
dma,1999,0.0043
dma,2000,0.00287
dma,2001,0.00718
dma,2002,0.00859
dma,2003,0.02425
dma,2004,0.03552
dma,2005,0.0425
dma,2006,0.06929
dma,2007,0.08192
dma,2008,0.07906
dma,2009,0.07481
dma,2010,0.07337
dma,2011,0.07333
dma,2012,0.07611
dma,2013,0.06055
dma,2014,0.05345
dma,2015,0.05339
dma,2016,0.03366
dma,2017,0.03638
dma,2018,0.05585
dma,2019,0.07102
dnk,1990,0
dnk,1991,0
dnk,1992,0
dnk,1993,0
dnk,1994,0.00021
dnk,1995,0.00034
dnk,1996,0.00065
dnk,1997,0.00063
dnk,1998,0.00053
dnk,1999,0.00047
dnk,2000,0.00047
dnk,2001,0.00006
dnk,2002,0.00015
dnk,2003,0.00019
dnk,2004,0.00019
dnk,2005,0.00022
dnk,2006,0.00022
dnk,2007,0.00026
dnk,2008,0.0002
dnk,2009,0.00018
dnk,2010,0.00016
dnk,2011,0.00016
dnk,2012,0.00016
dnk,2013,0.00018
dnk,2014,0.00021
dnk,2015,0.00016
dnk,2016,0.00004
dnk,2017,0
dnk,2018,0.00003
dnk,2019,0.00014
dom,1990,0
dom,1991,0
dom,1992,0
dom,1993,0.00001
dom,1994,0.00038
dom,1995,0.00038
dom,1996,0.00036
dom,1997,0.00058
dom,1998,0.00051
dom,1999,0.00054
dom,2000,0.00055
dom,2001,0.00053
dom,2002,0.00095
dom,2003,0.00104
dom,2004,0.00108
dom,2005,0.00074
dom,2006,0.00163
dom,2007,0.00383
dom,2008,0.00336
dom,2009,0.0024
dom,2010,0.00254
dom,2011,0.00255
dom,2012,0.00291
dom,2013,0.00305
dom,2014,0.00343
dom,2015,0.00372
dom,2016,0.00347
dom,2017,0.00392
dom,2018,0.00449
dom,2019,0.0051
dza,1990,0.00007
dza,1991,0.00021
dza,1992,0.00026
dza,1993,0.00031
dza,1994,0.07352
dza,1995,0.00529
dza,1996,0.00768
dza,1997,0.01149
dza,1998,0.01897
dza,1999,0.02335
dza,2000,0.02588
dza,2001,0.02677
dza,2002,0.03801
dza,2003,0.03616
dza,2004,0.0327
dza,2005,0.03632
dza,2006,0.02483
dza,2007,0.03107
dza,2008,0.02609
dza,2009,0.02316
dza,2010,0.01859
dza,2011,0.0167
dza,2012,0.01519
dza,2013,0.0096
dza,2014,0.00905
dza,2015,0.00878
dza,2016,0.00919
dza,2017,0.00964
dza,2018,0.00995
dza,2019,0.01055
ecu,1990,0.00003
ecu,1991,0.00026
ecu,1992,0.00037
ecu,1993,0.00043
ecu,1994,0.00155
ecu,1995,0.0018
ecu,1996,0.00189
ecu,1997,0.00182
ecu,1998,0.0042
ecu,1999,0.00399
ecu,2000,0.00529
ecu,2001,0.00506
ecu,2002,0.00625
ecu,2003,0.00546
ecu,2004,0.00535
ecu,2005,0.00561
ecu,2006,0.00631
ecu,2007,0.00932
ecu,2008,0.00733
ecu,2009,0.00695
ecu,2010,0.00568
ecu,2011,0.00596
ecu,2012,0.00545
ecu,2013,0.0045
ecu,2014,0.00504
ecu,2015,0.00622
ecu,2016,0.00634
ecu,2017,0.00736
ecu,2018,0.00838
ecu,2019,0.00957
egy,1990,0.00009
egy,1991,0.00017
egy,1992,0.00036
egy,1993,0.00043
egy,1994,0.00082
egy,1995,0.0014
egy,1996,0.00189
egy,1997,0.00265
egy,1998,0.00395
egy,1999,0.00517
egy,2000,0.00574
egy,2001,0.00667
egy,2002,0.00901
egy,2003,0.00787
egy,2004,0.00725
egy,2005,0.00833
egy,2006,0.0099
egy,2007,0.00869
egy,2008,0.00851
egy,2009,0.00862
egy,2010,0.00835
egy,2011,0.00939
egy,2012,0.01159
egy,2013,0.01449
egy,2014,0.01759
egy,2015,0.01939
egy,2016,0.02096
egy,2017,0.02287
egy,2018,0.02526
egy,2019,0.02741
eri,1990,0.0019
eri,1991,22.08978
eri,1992,22.28923
eri,1993,19.08367
eri,1994,19.04193
eri,1995,13.00737
eri,1996,15.12543
eri,1997,14.53527
eri,1998,15.71677
eri,1999,15.51516
eri,2000,16.43905
eri,2001,14.03234
eri,2002,12.8242
eri,2003,4.7721
eri,2004,4.82133
eri,2005,5.0967
eri,2006,6.63917
eri,2007,6.9663
eri,2008,6.0859
eri,2009,6.70427
eri,2010,7.0167
eri,2011,7.83934
eri,2012,8.78037
eri,2013,9.39328
eri,2014,10.96476
eri,2015,12.18879
eri,2016,13.60646
eri,2017,14.24507
eri,2018,14.69148
eri,2019,14.4443
esp,1990,0
esp,1991,0
esp,1992,0
esp,1993,0
esp,1994,0.00011
esp,1995,0.00009
esp,1996,0.00055
esp,1997,0.00054
esp,1998,0.00015
esp,1999,0.00013
esp,2000,0.0002
esp,2001,0.00012
esp,2002,0.00014
esp,2003,0.00012
esp,2004,0.00011
esp,2005,0.00011
esp,2006,0.00546
esp,2007,0.00009
esp,2008,0.00006
esp,2009,0.00007
esp,2010,0.00009
esp,2011,0.00009
esp,2012,0.00011
esp,2013,0.00012
esp,2014,0.00013
esp,2015,0.00013
esp,2016,0.00008
esp,2017,0.00007
esp,2018,0.0001
esp,2019,0.00012
est,1990,0
est,1991,0.00013
est,1992,0.00388
est,1993,0.00638
est,1994,0.02038
est,1995,0.02449
est,1996,0.0924
est,1997,0.08981
est,1998,0.05632
est,1999,0.04509
est,2000,0.03252
est,2001,0.03442
est,2002,0.07666
est,2003,0.0748
est,2004,0.0627
est,2005,0.05481
est,2006,0.04639
est,2007,0.01949
est,2008,0.01851
est,2009,0.01856
est,2010,0.01802
est,2011,0.01687
est,2012,0.03446
est,2013,0.02669
est,2014,0.02575
est,2015,0.02418
est,2016,0.02317
est,2017,0.02107
est,2018,0.02117
est,2019,0.02037
eth,1990,2.81058
eth,1991,0.50643
eth,1992,0.60892
eth,1993,0.47251
eth,1994,0.41035
eth,1995,0.17702
eth,1996,0.16349
eth,1997,0.13905
eth,1998,0.11307
eth,1999,0.11043
eth,2000,0.10028
eth,2001,0.08656
eth,2002,0.08731
eth,2003,0.08685
eth,2004,0.08506
eth,2005,0.08574
eth,2006,0.09431
eth,2007,0.0742
eth,2008,0.07704
eth,2009,0.07378
eth,2010,0.07856
eth,2011,0.07833
eth,2012,0.08085
eth,2013,0.08085
eth,2014,0.08856
eth,2015,0.08513
eth,2016,0.08105
eth,2017,0.08213
eth,2018,0.08444
eth,2019,0.08538
fin,1990,0
fin,1991,0
fin,1992,0
fin,1993,0
fin,1994,0
fin,1995,0.00002
fin,1996,0.00002
fin,1997,0.00004
fin,1998,0.00012
fin,1999,0.00012
fin,2000,0.0001
fin,2001,0.00004
fin,2002,0.00017
fin,2003,0.00013
fin,2004,0.00006
fin,2005,0.0001
fin,2006,0.00011
fin,2007,0.00008
fin,2008,0.00008
fin,2009,0.00011
fin,2010,0.00011
fin,2011,0.00013
fin,2012,0.00013
fin,2013,0.00013
fin,2014,0.00013
fin,2015,0.00015
fin,2016,0.00007
fin,2017,0
fin,2018,0.00009
fin,2019,0
fji,1990,0.00014
fji,1991,0.00014
fji,1992,0.00255
fji,1993,0.01179
fji,1994,0.02038
fji,1995,0.02863
fji,1996,0.03888
fji,1997,0.04112
fji,1998,0.03762
fji,1999,0.04068
fji,2000,0.04944
fji,2001,0.08981
fji,2002,0.13149
fji,2003,0.1332
fji,2004,0.15663
fji,2005,0.16784
fji,2006,0.20353
fji,2007,0.21861
fji,2008,0.22097
fji,2009,0.22164
fji,2010,0.21528
fji,2011,0.18287
fji,2012,0.15224
fji,2013,0.12847
fji,2014,0.10664
fji,2015,0.10165
fji,2016,0.09078
fji,2017,0.08365
fji,2018,0.07674
fji,2019,0.06663
fra,1990,0
fra,1991,0
fra,1992,0
fra,1993,0
fra,1994,0.00003
fra,1995,0.00003
fra,1996,0.00008
fra,1997,0.0001
fra,1998,0.00011
fra,1999,0.00011
fra,2000,0.00013
fra,2001,0.00007
fra,2002,0.00015
fra,2003,0.00018
fra,2004,0.00018
fra,2005,0.00047
fra,2006,0.00013
fra,2007,0.00016
fra,2008,0.00016
fra,2009,0.00014
fra,2010,0.00015
fra,2011,0.00016
fra,2012,0.00016
fra,2013,0.00015
fra,2014,0.00014
fra,2015,0.00015
fra,2016,0.00008
fra,2017,0.00008
fra,2018,0.00009
fra,2019,0.00008
fsm,1990,0
fsm,1991,0
fsm,1992,0
fsm,1993,0
fsm,1994,0
fsm,1995,0
fsm,1996,0
fsm,1997,0
fsm,1998,0
fsm,1999,0
fsm,2000,0
fsm,2001,0
fsm,2002,0
fsm,2003,0
fsm,2004,0
fsm,2005,0
fsm,2006,0
fsm,2007,0
fsm,2008,0
fsm,2009,0
fsm,2010,0
fsm,2011,0
fsm,2012,0
fsm,2013,0
fsm,2014,0
fsm,2015,0
fsm,2016,0
fsm,2017,0
fsm,2018,0
fsm,2019,0
gab,1990,0
gab,1991,0
gab,1992,0.0017
gab,1993,0.00175
gab,1994,0.00208
gab,1995,0.0023
gab,1996,0.00216
gab,1997,0.00166
gab,1998,0.00239
gab,1999,0.00217
gab,2000,0.00212
gab,2001,0.00215
gab,2002,0.00287
gab,2003,0.00295
gab,2004,0.00391
gab,2005,0.00583
gab,2006,0.00664
gab,2007,0.00788
gab,2008,0.0085
gab,2009,0.00918
gab,2010,0.01016
gab,2011,0.01027
gab,2012,0.01046
gab,2013,0.00969
gab,2014,0.00913
gab,2015,0.00909
gab,2016,0.00852
gab,2017,0.01022
gab,2018,0.01637
gab,2019,0.02034
gbr,1990,0
gbr,1991,0
gbr,1992,0
gbr,1993,0
gbr,1994,0.00019
gbr,1995,0.00013
gbr,1996,0.00013
gbr,1997,0.00014
gbr,1998,0.00016
gbr,1999,0.00018
gbr,2000,0.00019
gbr,2001,0.00018
gbr,2002,0.00028
gbr,2003,0.00025
gbr,2004,0.00024
gbr,2005,0.00022
gbr,2006,0.00029
gbr,2007,0.00033
gbr,2008,0.0003
gbr,2009,0.00025
gbr,2010,0.00024
gbr,2011,0.00023
gbr,2012,0.00024
gbr,2013,0.00022
gbr,2014,0.00022
gbr,2015,0.0002
gbr,2016,0.00012
gbr,2017,0.00013
gbr,2018,0.00012
gbr,2019,0.0001
geo,1990,0
geo,1991,0
geo,1992,0
geo,1993,0.11542
geo,1994,0.10039
geo,1995,0.00619
geo,1996,1.00047
geo,1997,1.00144
geo,1998,0.77958
geo,1999,0.67041
geo,2000,0.50023
geo,2001,0.40722
geo,2002,0.39861
geo,2003,0.29481
geo,2004,0.15696
geo,2005,0.17341
geo,2006,0.15132
geo,2007,0.28343
geo,2008,0.30411
geo,2009,0.36461
geo,2010,0.25957
geo,2011,0.24778
geo,2012,0.22787
geo,2013,0.16741
geo,2014,0.16556
geo,2015,0.16135
geo,2016,0.15946
geo,2017,0.16177
geo,2018,0.17425
geo,2019,0.18803
gha,1990,0.03175
gha,1991,0.03091
gha,1992,0.03051
gha,1993,0.02777
gha,1994,0.08628
gha,1995,0.07989
gha,1996,0.08644
gha,1997,0.0825
gha,1998,0.07427
gha,1999,0.07066
gha,2000,0.07664
gha,2001,0.07368
gha,2002,0.07748
gha,2003,0.07652
gha,2004,0.06942
gha,2005,0.0845
gha,2006,0.04451
gha,2007,0.02205
gha,2008,0.0562
gha,2009,0.06162
gha,2010,0.08153
gha,2011,0.0802
gha,2012,0.09347
gha,2013,0.07922
gha,2014,0.08134
gha,2015,0.08251
gha,2016,0.05456
gha,2017,0.05813
gha,2018,0.06076
gha,2019,0.06064
gin,1990,0
gin,1991,0.00003
gin,1992,0.00028
gin,1993,0.00045
gin,1994,0.0015
gin,1995,0.00607
gin,1996,0.00701
gin,1997,0.00846
gin,1998,0.01175
gin,1999,0.01429
gin,2000,0.01817
gin,2001,0.02399
gin,2002,0.03981
gin,2003,0.04422
gin,2004,0.05358
gin,2005,0.06389
gin,2006,0.07349
gin,2007,0.08697
gin,2008,0.0975
gin,2009,0.10959
gin,2010,0.11759
gin,2011,0.1263
gin,2012,0.132
gin,2013,0.13368
gin,2014,0.13678
gin,2015,0.14875
gin,2016,0.14949
gin,2017,0.16833
gin,2018,0.18924
gin,2019,0.21028
gmb,1990,0.00042
gmb,1991,0.00151
gmb,1992,0.00234
gmb,1993,0.00245
gmb,1994,0.00274
gmb,1995,0.01427
gmb,1996,0.02663
gmb,1997,0.03507
gmb,1998,0.04604
gmb,1999,0.05301
gmb,2000,0.05692
gmb,2001,0.05397
gmb,2002,0.06131
gmb,2003,0.05145
gmb,2004,0.04571
gmb,2005,0.10902
gmb,2006,0.0788
gmb,2007,0.07726
gmb,2008,0.08003
gmb,2009,0.11337
gmb,2010,0.12503
gmb,2011,0.13976
gmb,2012,0.16147
gmb,2013,0.17299
gmb,2014,0.25375
gmb,2015,0.40712
gmb,2016,0.53975
gmb,2017,0.65671
gmb,2018,0.75659
gmb,2019,0.75934
gnb,1990,0.51299
gnb,1991,0.50184
gnb,1992,0.49081
gnb,1993,0.48025
gnb,1994,0.4703
gnb,1995,0.07623
gnb,1996,0.07706
gnb,1997,0.07664
gnb,1998,0.76986
gnb,1999,0.27057
gnb,2000,0.07375
gnb,2001,0.07554
gnb,2002,0.0786
gnb,2003,0.07598
gnb,2004,0.0775
gnb,2005,0.07807
gnb,2006,0.07288
gnb,2007,0.07283
gnb,2008,0.0736
gnb,2009,0.07473
gnb,2010,0.07402
gnb,2011,0.07185
gnb,2012,0.07352
gnb,2013,0.0742
gnb,2014,0.07723
gnb,2015,0.08468
gnb,2016,0.09274
gnb,2017,0.10147
gnb,2018,0.10932
gnb,2019,0.10901
gnq,1990,0
gnq,1991,0.01386
gnq,1992,0.02549
gnq,1993,0.04626
gnq,1994,0.07138
gnq,1995,0.06905
gnq,1996,0.07696
gnq,1997,0.08817
gnq,1998,0.0752
gnq,1999,0.07374
gnq,2000,0.08397
gnq,2001,0.08375
gnq,2002,0.08384
gnq,2003,0.08607
gnq,2004,0.07699
gnq,2005,0.06364
gnq,2006,0.05876
gnq,2007,0.04953
gnq,2008,0.04461
gnq,2009,0.03815
gnq,2010,0.03232
gnq,2011,0.02614
gnq,2012,0.02211
gnq,2013,0.01858
gnq,2014,0.0155
gnq,2015,0.01318
gnq,2016,0.01169
gnq,2017,0.00967
gnq,2018,0.011
gnq,2019,0.01217
grc,1990,0.00016
grc,1991,0.00006
grc,1992,0.00001
grc,1993,0.00001
grc,1994,0.00088
grc,1995,0.00207
grc,1996,0.00231
grc,1997,0.00163
grc,1998,0.00159
grc,1999,0.00149
grc,2000,0.00113
grc,2001,0.00087
grc,2002,0.00269
grc,2003,0.00241
grc,2004,0.00199
grc,2005,0.00295
grc,2006,0.00081
grc,2007,0.00083
grc,2008,0.00061
grc,2009,0.00057
grc,2010,0.00047
grc,2011,0.00052
grc,2012,0.00047
grc,2013,0.00085
grc,2014,0.00106
grc,2015,0.00105
grc,2016,0.00099
grc,2017,0.00096
grc,2018,0.00102
grc,2019,0.00093
grd,1990,0.00415
grd,1991,0.00415
grd,1992,0.00103
grd,1993,0
grd,1994,0.00302
grd,1995,0.00598
grd,1996,0.01089
grd,1997,0.01181
grd,1998,0.0196
grd,1999,0.03515
grd,2000,0.02334
grd,2001,0.05134
grd,2002,0.07044
grd,2003,0.07404
grd,2004,0.09488
grd,2005,0.14523
grd,2006,0.19249
grd,2007,0.28237
grd,2008,0.29586
grd,2009,0.31478
grd,2010,0.32478
grd,2011,0.30247
grd,2012,0.29408
grd,2013,0.30507
grd,2014,0.29752
grd,2015,0.24634
grd,2016,0.0916
grd,2017,0.0929
grd,2018,0.08704
grd,2019,0.07232
gtm,1990,0.51802
gtm,1991,0.55452
gtm,1992,0.5556
gtm,1993,0.50577
gtm,1994,0.4877
gtm,1995,0.41215
gtm,1996,0.37892
gtm,1997,0.3445
gtm,1998,0.29413
gtm,1999,0.24661
gtm,2000,0.17777
gtm,2001,0.14144
gtm,2002,0.11375
gtm,2003,0.05357
gtm,2004,0.0342
gtm,2005,0.0258
gtm,2006,0.04849
gtm,2007,0.04497
gtm,2008,0.04237
gtm,2009,0.04029
gtm,2010,0.03882
gtm,2011,0.04073
gtm,2012,0.04183
gtm,2013,0.04242
gtm,2014,0.04699
gtm,2015,0.06328
gtm,2016,0.0757
gtm,2017,0.09621
gtm,2018,0.11092
gtm,2019,0.12953
guy,1990,0.00027
guy,1991,0.00013
guy,1992,0.00027
guy,1993,0.00053
guy,1994,0.00936
guy,1995,0.00814
guy,1996,0.00723
guy,1997,0.00501
guy,1998,0.00544
guy,1999,0.00654
guy,2000,0.00482
guy,2001,0.00483
guy,2002,0.00658
guy,2003,0.01047
guy,2004,0.02601
guy,2005,0.05441
guy,2006,0.07195
guy,2007,0.09069
guy,2008,0.0948
guy,2009,0.09723
guy,2010,0.09994
guy,2011,0.10252
guy,2012,0.10604
guy,2013,0.10536
guy,2014,0.0917
guy,2015,0.06659
guy,2016,0.03526
guy,2017,0.03289
guy,2018,0.03633
guy,2019,0.03679
hkg,1990,0
hkg,1991,0
hkg,1992,0.00003
hkg,1993,0.00003
hkg,1994,0.00435
hkg,1995,0.00337
hkg,1996,0.0017
hkg,1997,0.00079
hkg,1998,0.00065
hkg,1999,0.00031
hkg,2000,0.0002
hkg,2001,0.00011
hkg,2002,0.00007
hkg,2003,0.00013
hkg,2004,0.00012
hkg,2005,0
hkg,2006,0.00015
hkg,2007,0.00016
hkg,2008,0.00016
hkg,2009,0.00017
hkg,2010,0.00024
hkg,2011,0.00021
hkg,2012,0.00027
hkg,2013,0.00035
hkg,2014,0.00035
hkg,2015,0.00046
hkg,2016,0.00017
hkg,2017,0.00008
hkg,2018,0.00018
hkg,2019,0.00011
hnd,1990,0.00036
hnd,1991,0.00041
hnd,1992,0.00078
hnd,1993,0.0083
hnd,1994,0.02188
hnd,1995,0.02135
hnd,1996,0.02143
hnd,1997,0.02061
hnd,1998,0.0177
hnd,1999,0.01673
hnd,2000,0.01373
hnd,2001,0.01157
hnd,2002,0.00971
hnd,2003,0.0085
hnd,2004,0.00665
hnd,2005,0.00717
hnd,2006,0.01356
hnd,2007,0.01583
hnd,2008,0.01398
hnd,2009,0.01431
hnd,2010,0.01565
hnd,2011,0.02318
hnd,2012,0.03024
hnd,2013,0.03751
hnd,2014,0.04644
hnd,2015,0.07518
hnd,2016,0.11333
hnd,2017,0.15276
hnd,2018,0.19671
hnd,2019,0.27061
hrv,1990,0
hrv,1991,0
hrv,1992,3.56171
hrv,1993,3.2291
hrv,1994,1.63717
hrv,1995,5.31914
hrv,1996,6.77805
hrv,1997,7.70688
hrv,1998,7.52663
hrv,1999,7.93738
hrv,2000,7.56986
hrv,2001,6.58517
hrv,2002,6.25183
hrv,2003,5.24479
hrv,2004,4.91517
hrv,2005,2.72148
hrv,2006,2.14531
hrv,2007,2.302
hrv,2008,2.22881
hrv,2009,1.76165
hrv,2010,1.52168
hrv,2011,1.45253
hrv,2012,1.45735
hrv,2013,1.16345
hrv,2014,0.94282
hrv,2015,0.79027
hrv,2016,0.62325
hrv,2017,0.59431
hrv,2018,0.58
hrv,2019,0.57621
hti,1990,0.02972
hti,1991,0.02588
hti,1992,0.03396
hti,1993,0.05182
hti,1994,0.12895
hti,1995,0.1798
hti,1996,0.19167
hti,1997,0.19277
hti,1998,0.16561
hti,1999,0.10537
hti,2000,0.08933
hti,2001,0.08419
hti,2002,0.08816
hti,2003,0.0848
hti,2004,0.10178
hti,2005,0.14727
hti,2006,0.22298
hti,2007,0.23464
hti,2008,0.23911
hti,2009,0.24613
hti,2010,0.26024
hti,2011,0.33327
hti,2012,0.37624
hti,2013,0.3717
hti,2014,0.35228
hti,2015,0.32513
hti,2016,0.27384
hti,2017,0.25872
hti,2018,0.24751
hti,2019,0.23747
hun,1990,0.05557
hun,1991,0.04567
hun,1992,0.03855
hun,1993,0.04842
hun,1994,0.04317
hun,1995,0.02269
hun,1996,0.02984
hun,1997,0.02589
hun,1998,0.01208
hun,1999,0.00781
hun,2000,0.00507
hun,2001,0.00935
hun,2002,0.03459
hun,2003,0.03348
hun,2004,0.02718
hun,2005,0.03489
hun,2006,0.03101
hun,2007,0.03378
hun,2008,0.01615
hun,2009,0.01543
hun,2010,0.01449
hun,2011,0.01251
hun,2012,0.01102
hun,2013,0.01241
hun,2014,0.01292
hun,2015,0.01476
hun,2016,0.02983
hun,2017,0.03423
hun,2018,0.04045
hun,2019,0.04134
idn,1990,0.00395
idn,1991,0.00334
idn,1992,0.00364
idn,1993,0.00415
idn,1994,0.0045
idn,1995,0.00499
idn,1996,0.00569
idn,1997,0.00434
idn,1998,0.0044
idn,1999,0.00432
idn,2000,0.00433
idn,2001,0.00418
idn,2002,0.00456
idn,2003,0.00737
idn,2004,0.0125
idn,2005,0.01519
idn,2006,0.01514
idn,2007,0.00885
idn,2008,0.00822
idn,2009,0.00763
idn,2010,0.00698
idn,2011,0.00656
idn,2012,0.00625
idn,2013,0.00587
idn,2014,0.00565
idn,2015,0.0054
idn,2016,0.00499
idn,2017,0.00472
idn,2018,0.00454
idn,2019,0.00446
ind,1990,0.00002
ind,1991,0.00005
ind,1992,0.00011
ind,1993,0.00016
ind,1994,0.00035
ind,1995,0.00052
ind,1996,0.00077
ind,1997,0.00089
ind,1998,0.00095
ind,1999,0.00095
ind,2000,0.00108
ind,2001,0.00108
ind,2002,0.00131
ind,2003,0.00123
ind,2004,0.00118
ind,2005,0.00142
ind,2006,0.00153
ind,2007,0.00173
ind,2008,0.00163
ind,2009,0.0016
ind,2010,0.00144
ind,2011,0.0013
ind,2012,0.00113
ind,2013,0.00086
ind,2014,0.00081
ind,2015,0.00075
ind,2016,0.00055
ind,2017,0.00059
ind,2018,0.00071
ind,2019,0.00088
irl,1990,0
irl,1991,0
irl,1992,0
irl,1993,0
irl,1994,0.00008
irl,1995,0.00006
irl,1996,0.00006
irl,1997,0.00003
irl,1998,0
irl,1999,0
irl,2000,0.00008
irl,2001,0.00008
irl,2002,0.00018
irl,2003,0.00015
irl,2004,0.00007
irl,2005,0.00051
irl,2006,0.00009
irl,2007,0.00023
irl,2008,0.00016
irl,2009,0.00016
irl,2010,0.00018
irl,2011,0.00017
irl,2012,0.0002
irl,2013,0.00019
irl,2014,0.00022
irl,2015,0.00019
irl,2016,0.00011
irl,2017,0
irl,2018,0.00008
irl,2019,0.00008
irn,1990,0.13464
irn,1991,0.22602
irn,1992,0.21909
irn,1993,0.19343
irn,1994,0.20017
irn,1995,0.18288
irn,1996,0.16715
irn,1997,0.14887
irn,1998,0.14065
irn,1999,0.13403
irn,2000,0.13452
irn,2001,0.13919
irn,2002,0.20564
irn,2003,0.17987
irn,2004,0.16702
irn,2005,0.14252
irn,2006,0.14525
irn,2007,0.09588
irn,2008,0.09576
irn,2009,0.09979
irn,2010,0.09326
irn,2011,0.09695
irn,2012,0.10053
irn,2013,0.09815
irn,2014,0.1061
irn,2015,0.10823
irn,2016,0.11826
irn,2017,0.14701
irn,2018,0.15885
irn,2019,0.1564
irq,1990,6.50897
irq,1991,7.38901
irq,1992,7.3023
irq,1993,4.06792
irq,1994,3.83756
irq,1995,3.56696
irq,1996,3.439
irq,1997,3.29922
irq,1998,3.05246
irq,1999,2.81942
irq,2000,2.23929
irq,2001,2.19145
irq,2002,1.69466
irq,2003,1.43727
irq,2004,1.18525
irq,2005,0.97428
irq,2006,5.28599
irq,2007,8.27353
irq,2008,6.7059
irq,2009,6.16161
irq,2010,5.66062
irq,2011,4.64864
irq,2012,2.33994
irq,2013,1.2108
irq,2014,1.07507
irq,2015,0.74242
irq,2016,0.86322
irq,2017,0.96532
irq,2018,0.96879
irq,2019,0.87632
isl,1990,0
isl,1991,0
isl,1992,0
isl,1993,0
isl,1994,0
isl,1995,0
isl,1996,0.00148
isl,1997,0.00183
isl,1998,0.00182
isl,1999,0.0018
isl,2000,0.00178
isl,2001,0
isl,2002,0.00456
isl,2003,0.00417
isl,2004,0.00344
isl,2005,0.00237
isl,2006,0.01034
isl,2007,0.00229
isl,2008,0.00225
isl,2009,0.00127
isl,2010,0.00125
isl,2011,0.00093
isl,2012,0.00092
isl,2013,0.00061
isl,2014,0.0003
isl,2015,0
isl,2016,0
isl,2017,0
isl,2018,0.00119
isl,2019,0.00177
isr,1990,0.00036
isr,1991,0.00061
isr,1992,0.00084
isr,1993,0.00239
isr,1994,0.01737
isr,1995,0.01778
isr,1996,0.02076
isr,1997,0.01773
isr,1998,0.01465
isr,1999,0.00821
isr,2000,0.007
isr,2001,0.00599
isr,2002,0.00914
isr,2003,0.00995
isr,2004,0.01051
isr,2005,0.00968
isr,2006,0.0132
isr,2007,0.02251
isr,2008,0.02128
isr,2009,0.01822
isr,2010,0.01771
isr,2011,0.01783
isr,2012,0.0176
isr,2013,0.01346
isr,2014,0.01246
isr,2015,0.01005
isr,2016,0.0061
isr,2017,0.00557
isr,2018,0.00599
isr,2019,0.00543
ita,1990,0
ita,1991,0
ita,1992,0
ita,1993,0.00001
ita,1994,0.00026
ita,1995,0.00021
ita,1996,0.0002
ita,1997,0.0002
ita,1998,0.00014
ita,1999,0.00009
ita,2000,0.00008
ita,2001,0.00006
ita,2002,0.00039
ita,2003,0.00036
ita,2004,0.00033
ita,2005,0.00037
ita,2006,0.00018
ita,2007,0.00015
ita,2008,0.00011
ita,2009,0.00008
ita,2010,0.00008
ita,2011,0.0001
ita,2012,0.00011
ita,2013,0.00011
ita,2014,0.00011
ita,2015,0.00012
ita,2016,0.00008
ita,2017,0.00008
ita,2018,0.00011
ita,2019,0.00013
jam,1990,0
jam,1991,0
jam,1992,0
jam,1993,0.00012
jam,1994,0.00028
jam,1995,0.00039
jam,1996,0.0007
jam,1997,0.00081
jam,1998,0.00103
jam,1999,0.00125
jam,2000,0.00139
jam,2001,0.00138
jam,2002,0.00546
jam,2003,0.00956
jam,2004,0.01284
jam,2005,0.01785
jam,2006,0.02396
jam,2007,0.02767
jam,2008,0.02969
jam,2009,0.03251
jam,2010,0.03761
jam,2011,0.04423
jam,2012,0.04951
jam,2013,0.05258
jam,2014,0.05885
jam,2015,0.06461
jam,2016,0.06899
jam,2017,0.07563
jam,2018,0.08358
jam,2019,0.08615
jor,1990,0.00154
jor,1991,0.00298
jor,1992,0.0046
jor,1993,0.00576
jor,1994,0.01004
jor,1995,0.01118
jor,1996,0.01496
jor,1997,0.01483
jor,1998,0.01818
jor,1999,0.01934
jor,2000,0.01794
jor,2001,0.01485
jor,2002,0.0242
jor,2003,0.02138
jor,2004,0.02095
jor,2005,0.03103
jor,2006,0.02677
jor,2007,0.02857
jor,2008,0.02883
jor,2009,0.03089
jor,2010,0.03104
jor,2011,0.02936
jor,2012,0.02927
jor,2013,0.01916
jor,2014,0.01926
jor,2015,0.01987
jor,2016,0.02023
jor,2017,0.02145
jor,2018,0.0245
jor,2019,0.02375
jpn,1990,0
jpn,1991,0
jpn,1992,0
jpn,1993,0
jpn,1994,0.00001
jpn,1995,0
jpn,1996,0
jpn,1997,0
jpn,1998,0
jpn,1999,0
jpn,2000,0
jpn,2001,0
jpn,2002,0.00001
jpn,2003,0.00001
jpn,2004,0.00002
jpn,2005,0.00001
jpn,2006,0.00013
jpn,2007,0.00041
jpn,2008,0.00014
jpn,2009,0.00012
jpn,2010,0.00012
jpn,2011,0.00014
jpn,2012,0.00013
jpn,2013,0.00012
jpn,2014,0.0002
jpn,2015,0.00011
jpn,2016,0.00005
jpn,2017,0.00003
jpn,2018,0.00004
jpn,2019,0.00003
kaz,1990,0
kaz,1991,0
kaz,1992,0.00001
kaz,1993,0.00001
kaz,1994,0.00017
kaz,1995,0.00088
kaz,1996,0.25693
kaz,1997,0.26466
kaz,1998,0.13469
kaz,1999,0.0603
kaz,2000,0.017
kaz,2001,0.0188
kaz,2002,0.04217
kaz,2003,0.04344
kaz,2004,0.04014
kaz,2005,0.02802
kaz,2006,0.04743
kaz,2007,0.03334
kaz,2008,0.03042
kaz,2009,0.02334
kaz,2010,0.02235
kaz,2011,0.02122
kaz,2012,0.02132
kaz,2013,0.01247
kaz,2014,0.01285
kaz,2015,0.0129
kaz,2016,0.01326
kaz,2017,0.0132
kaz,2018,0.0138
kaz,2019,0.01493
ken,1990,0.00004
ken,1991,0.00013
ken,1992,0.00025
ken,1993,0.00033
ken,1994,0.03256
ken,1995,0.03359
ken,1996,0.03284
ken,1997,0.03253
ken,1998,0.01999
ken,1999,0.01974
ken,2000,0.00742
ken,2001,0.00779
ken,2002,0.00918
ken,2003,0.00912
ken,2004,0.0108
ken,2005,0.01267
ken,2006,0.01423
ken,2007,0.0195
ken,2008,0.02435
ken,2009,0.02352
ken,2010,0.02047
ken,2011,0.02025
ken,2012,0.02018
ken,2013,0.01886
ken,2014,0.01831
ken,2015,0.01651
ken,2016,0.01536
ken,2017,0.01503
ken,2018,0.01457
ken,2019,0.01526
kgz,1990,0
kgz,1991,0
kgz,1992,0
kgz,1993,0.00002
kgz,1994,0.00031
kgz,1995,0.00048
kgz,1996,0.36977
kgz,1997,0.34682
kgz,1998,0.15562
kgz,1999,0.08235
kgz,2000,0.0152
kgz,2001,0.0138
kgz,2002,0.0591
kgz,2003,0.06265
kgz,2004,0.06533
kgz,2005,0.06151
kgz,2006,0.04855
kgz,2007,0.04348
kgz,2008,0.0479
kgz,2009,0.04896
kgz,2010,0.05061
kgz,2011,0.0573
kgz,2012,0.06206
kgz,2013,0.04015
kgz,2014,0.04194
kgz,2015,0.04199
kgz,2016,0.04236
kgz,2017,0.04453
kgz,2018,0.04667
kgz,2019,0.04628
khm,1990,0.60569
khm,1991,0.46471
khm,1992,0.29978
khm,1993,0.09782
khm,1994,0.08275
khm,1995,0.57455
khm,1996,0.56673
khm,1997,0.9138
khm,1998,0.66011
khm,1999,0.32238
khm,2000,0.3032
khm,2001,0.28019
khm,2002,0.26473
khm,2003,0.2443
khm,2004,0.13868
khm,2005,0.13415
khm,2006,0.13329
khm,2007,0.12942
khm,2008,0.12427
khm,2009,0.1208
khm,2010,0.11399
khm,2011,0.10456
khm,2012,0.09488
khm,2013,0.09149
khm,2014,0.08557
khm,2015,0.08249
khm,2016,0.07883
khm,2017,0.07629
khm,2018,0.0747
khm,2019,0.07271
kir,1990,0
kir,1991,0
kir,1992,0
kir,1993,0
kir,1994,0
kir,1995,0
kir,1996,0
kir,1997,0
kir,1998,0
kir,1999,0
kir,2000,0
kir,2001,0
kir,2002,0.00344
kir,2003,0.01801
kir,2004,0.03536
kir,2005,0.03575
kir,2006,0.04346
kir,2007,0.03937
kir,2008,0.03848
kir,2009,0.0327
kir,2010,0.03206
kir,2011,0.03151
kir,2012,0.03103
kir,2013,0.01854
kir,2014,0.00274
kir,2015,0.0018
kir,2016,0.00089
kir,2017,0
kir,2018,0.00086
kir,2019,0.00085
kna,1990,0
kna,1991,0
kna,1992,0
kna,1993,0
kna,1994,0
kna,1995,0
kna,1996,0
kna,1997,0
kna,1998,0
kna,1999,0
kna,2000,0
kna,2001,0
kna,2002,0.00443
kna,2003,0.00219
kna,2004,0.00216
kna,2005,0.06617
kna,2006,0.00423
kna,2007,0.00419
kna,2008,0.0083
kna,2009,0.00823
kna,2010,0.01428
kna,2011,0.0182
kna,2012,0.02406
kna,2013,0.0298
kna,2014,0.0453
kna,2015,0.05468
kna,2016,0.09491
kna,2017,0.0884
kna,2018,0.1087
kna,2019,0.10599
kor,1990,0
kor,1991,0.00001
kor,1992,0.00001
kor,1993,0.00002
kor,1994,0.00004
kor,1995,0.00007
kor,1996,0.00009
kor,1997,0.0001
kor,1998,0.00014
kor,1999,0.00016
kor,2000,0.00015
kor,2001,0.00017
kor,2002,0.00051
kor,2003,0.00049
kor,2004,0.00056
kor,2005,0.00055
kor,2006,0.00273
kor,2007,0.00242
kor,2008,0.00224
kor,2009,0.00116
kor,2010,0.00118
kor,2011,0.00103
kor,2012,0.00111
kor,2013,0.00099
kor,2014,0.00095
kor,2015,0.00069
kor,2016,0.00049
kor,2017,0.00046
kor,2018,0.00055
kor,2019,0.00036
kwt,1990,0.0021
kwt,1991,0.00231
kwt,1992,0.00387
kwt,1993,0.00502
kwt,1994,0.04556
kwt,1995,0.04745
kwt,1996,0.05249
kwt,1997,0.04824
kwt,1998,0.04533
kwt,1999,0.05083
kwt,2000,0.03384
kwt,2001,0.03333
kwt,2002,0.03318
kwt,2003,0.0285
kwt,2004,0.01809
kwt,2005,0.01678
kwt,2006,0.02599
kwt,2007,0.02979
kwt,2008,0.03215
kwt,2009,0.03325
kwt,2010,0.03302
kwt,2011,0.03535
kwt,2012,0.03574
kwt,2013,0.02771
kwt,2014,0.02658
kwt,2015,0.02829
kwt,2016,0.0258
kwt,2017,0.02668
kwt,2018,0.03038
kwt,2019,0.03107
lao,1990,3.18502
lao,1991,2.79332
lao,1992,2.13666
lao,1993,1.61259
lao,1994,1.15916
lao,1995,1.20073
lao,1996,0.94743
lao,1997,0.7399
lao,1998,0.56403
lao,1999,0.40868
lao,2000,0.30231
lao,2001,0.23349
lao,2002,0.20452
lao,2003,0.18583
lao,2004,0.28459
lao,2005,0.42495
lao,2006,0.45239
lao,2007,0.16843
lao,2008,0.14219
lao,2009,0.13658
lao,2010,0.13464
lao,2011,0.12742
lao,2012,0.12389
lao,2013,0.1184
lao,2014,0.11268
lao,2015,0.10922
lao,2016,0.10564
lao,2017,0.10141
lao,2018,0.09825
lao,2019,0.09419
lbn,1990,0.24948
lbn,1991,0.29096
lbn,1992,0.33344
lbn,1993,0.32762
lbn,1994,0.45996
lbn,1995,0.38304
lbn,1996,0.30161
lbn,1997,0.27977
lbn,1998,0.26495
lbn,1999,0.20506
lbn,2000,0.26582
lbn,2001,0.21957
lbn,2002,0.62933
lbn,2003,0.56814
lbn,2004,0.43476
lbn,2005,0.38995
lbn,2006,0.25741
lbn,2007,0.27466
lbn,2008,0.27214
lbn,2009,0.33783
lbn,2010,0.32039
lbn,2011,0.2886
lbn,2012,0.27279
lbn,2013,0.06459
lbn,2014,0.06825
lbn,2015,0.06688
lbn,2016,0.0706
lbn,2017,0.07753
lbn,2018,0.08221
lbn,2019,0.08489
lbr,1990,35.43923
lbr,1991,33.00924
lbr,1992,26.02477
lbr,1993,35.61748
lbr,1994,40.16303
lbr,1995,36.41868
lbr,1996,36.2886
lbr,1997,21.20789
lbr,1998,14.51448
lbr,1999,10.91577
lbr,2000,9.37107
lbr,2001,8.28077
lbr,2002,9.10568
lbr,2003,11.48319
lbr,2004,10.69847
lbr,2005,7.18244
lbr,2006,4.8224
lbr,2007,2.6442
lbr,2008,2.0847
lbr,2009,1.90721
lbr,2010,1.80217
lbr,2011,1.66225
lbr,2012,0.56649
lbr,2013,0.41329
lbr,2014,0.31132
lbr,2015,0.2234
lbr,2016,0.1433
lbr,2017,0.12737
lbr,2018,0.11465
lbr,2019,0.10935
lby,1990,0.0131
lby,1991,0.01848
lby,1992,0.01475
lby,1993,0.01255
lby,1994,0.01384
lby,1995,0.01261
lby,1996,0.00558
lby,1997,0.00535
lby,1998,0.00833
lby,1999,0.01077
lby,2000,0.01155
lby,2001,0.01631
lby,2002,0.02632
lby,2003,0.02793
lby,2004,0.03012
lby,2005,0.02716
lby,2006,0.02672
lby,2007,0.0327
lby,2008,0.0344
lby,2009,0.0359
lby,2010,0.03726
lby,2011,0.07017
lby,2012,0.08354
lby,2013,0.05243
lby,2014,0.06606
lby,2015,0.09488
lby,2016,0.1361
lby,2017,0.16997
lby,2018,0.20774
lby,2019,0.23668
lca,1990,0
lca,1991,0
lca,1992,0
lca,1993,0
lca,1994,0
lca,1995,0.00136
lca,1996,0.00134
lca,1997,0.00199
lca,1998,0.00327
lca,1999,0.00581
lca,2000,0.00702
lca,2001,0.00569
lca,2002,0.00627
lca,2003,0.00997
lca,2004,0.02101
lca,2005,0.06058
lca,2006,0.09856
lca,2007,0.13541
lca,2008,0.1694
lca,2009,0.18232
lca,2010,0.19185
lca,2011,0.24667
lca,2012,0.3204
lca,2013,0.39999
lca,2014,0.51709
lca,2015,0.56439
lca,2016,0.55214
lca,2017,0.54986
lca,2018,0.56463
lca,2019,0.46172
lie,1990,0
lie,1991,0
lie,1992,0
lie,1993,0
lie,1994,0
lie,1995,0
lie,1996,0
lie,1997,0
lie,1998,0
lie,1999,0
lie,2000,0
lie,2001,0
lie,2002,0
lie,2003,0
lie,2004,0
lie,2005,0
lie,2006,0
lie,2007,0
lie,2008,0
lie,2009,0
lie,2010,0
lie,2011,0
lie,2012,0
lie,2013,0
lie,2014,0
lie,2015,0
lie,2016,0
lie,2017,0
lie,2018,0
lie,2019,0.00526
lka,1990,1.20209
lka,1991,1.19384
lka,1992,0.72231
lka,1993,0.51239
lka,1994,0.63255
lka,1995,0.58976
lka,1996,0.59659
lka,1997,0.66205
lka,1998,0.61933
lka,1999,0.62534
lka,2000,0.66121
lka,2001,0.64732
lka,2002,0.69896
lka,2003,0.63467
lka,2004,0.58828
lka,2005,0.55328
lka,2006,0.59386
lka,2007,0.68013
lka,2008,0.68931
lka,2009,0.72413
lka,2010,0.69626
lka,2011,0.66974
lka,2012,0.64644
lka,2013,0.59567
lka,2014,0.58691
lka,2015,0.58084
lka,2016,0.55886
lka,2017,0.5472
lka,2018,0.53683
lka,2019,0.51752
lso,1990,0.00023
lso,1991,0.00023
lso,1992,0
lso,1993,0.00302
lso,1994,0
lso,1995,0
lso,1996,0.0001
lso,1997,0.00015
lso,1998,0.00015
lso,1999,0.00015
lso,2000,0.0002
lso,2001,0.00005
lso,2002,0.0002
lso,2003,0.0003
lso,2004,0.00035
lso,2005,0.0003
lso,2006,0.00045
lso,2007,0.00035
lso,2008,0.0004
lso,2009,0.0005
lso,2010,0.00055
lso,2011,0.00055
lso,2012,0.00065
lso,2013,0.00074
lso,2014,0.00083
lso,2015,0.00083
lso,2016,0.00058
lso,2017,0.00029
lso,2018,0.00052
lso,2019,0.00061
ltu,1990,0.00011
ltu,1991,0.00011
ltu,1992,0.00022
ltu,1993,0.0003
ltu,1994,0.00173
ltu,1995,0.00301
ltu,1996,0.01837
ltu,1997,0.01813
ltu,1998,0.00793
ltu,1999,0.00731
ltu,2000,0.00465
ltu,2001,0.00622
ltu,2002,0.0398
ltu,2003,0.04513
ltu,2004,0.04383
ltu,2005,0.0433
ltu,2006,0.02852
ltu,2007,0.0143
ltu,2008,0.01525
ltu,2009,0.01582
ltu,2010,0.01649
ltu,2011,0.01712
ltu,2012,0.01612
ltu,2013,0.00731
ltu,2014,0.00616
ltu,2015,0.00491
ltu,2016,0.00253
ltu,2017,0.00221
ltu,2018,0.0025
ltu,2019,0.00246
lux,1990,0
lux,1991,0
lux,1992,0
lux,1993,0
lux,1994,0
lux,1995,0
lux,1996,0
lux,1997,0
lux,1998,0
lux,1999,0
lux,2000,0
lux,2001,0
lux,2002,0
lux,2003,0
lux,2004,0.00022
lux,2005,0.00022
lux,2006,0.00043
lux,2007,0.00042
lux,2008,0
lux,2009,0
lux,2010,0
lux,2011,0
lux,2012,0
lux,2013,0.00018
lux,2014,0.00036
lux,2015,0.00035
lux,2016,0.00035
lux,2017,0
lux,2018,0.0005
lux,2019,0.00065
lva,1990,0
lva,1991,0
lva,1992,0.00015
lva,1993,0.00015
lva,1994,0.00366
lva,1995,0.00638
lva,1996,0.07899
lva,1997,0.07806
lva,1998,0.04168
lva,1999,0.03766
lva,2000,0.02059
lva,2001,0.02624
lva,2002,0.13213
lva,2003,0.13778
lva,2004,0.12401
lva,2005,0.1079
lva,2006,0.064
lva,2007,0.03012
lva,2008,0.03514
lva,2009,0.03688
lva,2010,0.03365
lva,2011,0.03387
lva,2012,0.032
lva,2013,0.01139
lva,2014,0.01054
lva,2015,0.00966
lva,2016,0.00871
lva,2017,0.00805
lva,2018,0.00809
lva,2019,0.00776
mar,1990,0.00006
mar,1991,0.00017
mar,1992,0.00035
mar,1993,0.0004
mar,1994,0.00068
mar,1995,0.00112
mar,1996,0.00108
mar,1997,0.00112
mar,1998,0.00126
mar,1999,0.00132
mar,2000,0.00136
mar,2001,0.00125
mar,2002,0.00431
mar,2003,0.00433
mar,2004,0.00438
mar,2005,0.00959
mar,2006,0.01529
mar,2007,0.01296
mar,2008,0.0112
mar,2009,0.00716
mar,2010,0.00706
mar,2011,0.00705
mar,2012,0.00724
mar,2013,0.00388
mar,2014,0.0045
mar,2015,0.00515
mar,2016,0.00644
mar,2017,0.00861
mar,2018,0.01079
mar,2019,0.01276
mco,1990,0
mco,1991,0
mco,1992,0
mco,1993,0
mco,1994,0
mco,1995,0
mco,1996,0.00323
mco,1997,0.0032
mco,1998,0.00317
mco,1999,0.00314
mco,2000,0.00311
mco,2001,0
mco,2002,0.00305
mco,2003,0.00302
mco,2004,0
mco,2005,0
mco,2006,0
mco,2007,0
mco,2008,0
mco,2009,0.00284
mco,2010,0.00562
mco,2011,0.0111
mco,2012,0.01097
mco,2013,0.00813
mco,2014,0.00804
mco,2015,0.00795
mco,2016,0.00788
mco,2017,0
mco,2018,0.00776
mco,2019,0.0077
mda,1990,0
mda,1991,0
mda,1992,0
mda,1993,0.00014
mda,1994,0.01051
mda,1995,0.01219
mda,1996,0.13505
mda,1997,0.11994
mda,1998,0.06473
mda,1999,0.05696
mda,2000,0.06322
mda,2001,0.08925
mda,2002,0.24245
mda,2003,0.26708
mda,2004,0.2864
mda,2005,0.29005
mda,2006,0.2817
mda,2007,0.11908
mda,2008,0.13506
mda,2009,0.1446
mda,2010,0.15173
mda,2011,0.15356
mda,2012,0.15084
mda,2013,0.05417
mda,2014,0.05482
mda,2015,0.05623
mda,2016,0.05701
mda,2017,0.057
mda,2018,0.05926
mda,2019,0.06015
mdg,1990,0
mdg,1991,0.00001
mdg,1992,0.00001
mdg,1993,0.00001
mdg,1994,0.00002
mdg,1995,0.00059
mdg,1996,0.00057
mdg,1997,0.00053
mdg,1998,0.00045
mdg,1999,0.00035
mdg,2000,0.00034
mdg,2001,0.00025
mdg,2002,0.00032
mdg,2003,0.00051
mdg,2004,0.00076
mdg,2005,0.00111
mdg,2006,0.00138
mdg,2007,0.00146
mdg,2008,0.00139
mdg,2009,0.00133
mdg,2010,0.00128
mdg,2011,0.00133
mdg,2012,0.00135
mdg,2013,0.00129
mdg,2014,0.00119
mdg,2015,0.00118
mdg,2016,0.00119
mdg,2017,0.00108
mdg,2018,0.00113
mdg,2019,0.00112
mdv,1990,0.00045
mdv,1991,0.00044
mdv,1992,0
mdv,1993,0
mdv,1994,0
mdv,1995,0
mdv,1996,0.00039
mdv,1997,0.00038
mdv,1998,0.00075
mdv,1999,0.0011
mdv,2000,0.00143
mdv,2001,0.00105
mdv,2002,0.00102
mdv,2003,0.00033
mdv,2004,0.00096
mdv,2005,0.00407
mdv,2006,0.00519
mdv,2007,0.00507
mdv,2008,0.00466
mdv,2009,0.00453
mdv,2010,0.0052
mdv,2011,0.00552
mdv,2012,0.00604
mdv,2013,0.00746
mdv,2014,0.00828
mdv,2015,0.00923
mdv,2016,0.01199
mdv,2017,0.01088
mdv,2018,0.01416
mdv,2019,0.01431
mex,1990,0
mex,1991,0
mex,1992,0
mex,1993,0
mex,1994,0.00028
mex,1995,0.00039
mex,1996,0.00056
mex,1997,0.0007
mex,1998,0.00106
mex,1999,0.00139
mex,2000,0.00131
mex,2001,0.00159
mex,2002,0.00164
mex,2003,0.0016
mex,2004,0.00167
mex,2005,0.00218
mex,2006,0.00307
mex,2007,0.0051
mex,2008,0.00556
mex,2009,0.00572
mex,2010,0.00597
mex,2011,0.00646
mex,2012,0.00719
mex,2013,0.0079
mex,2014,0.00886
mex,2015,0.0093
mex,2016,0.00842
mex,2017,0.00934
mex,2018,0.0102
mex,2019,0.01146
mhl,1990,0
mhl,1991,0
mhl,1992,0
mhl,1993,0
mhl,1994,0
mhl,1995,0
mhl,1996,0
mhl,1997,0
mhl,1998,0
mhl,1999,0
mhl,2000,0
mhl,2001,0
mhl,2002,0
mhl,2003,0
mhl,2004,0
mhl,2005,0
mhl,2006,0
mhl,2007,0
mhl,2008,0
mhl,2009,0
mhl,2010,0
mhl,2011,0
mhl,2012,0.00353
mhl,2013,0.00527
mhl,2014,0.00525
mhl,2015,0.00522
mhl,2016,0.0052
mhl,2017,0.01206
mhl,2018,0.01198
mhl,2019,0.01191
mkd,1990,0
mkd,1991,0
mkd,1992,0
mkd,1993,0.09561
mkd,1994,0.01751
mkd,1995,0.64959
mkd,1996,0.65551
mkd,1997,0.63748
mkd,1998,0.09637
mkd,1999,0.10319
mkd,2000,0.10694
mkd,2001,0.59706
mkd,2002,0.39567
mkd,2003,0.29132
mkd,2004,0.24822
mkd,2005,0.41742
mkd,2006,0.38485
mkd,2007,0.39106
mkd,2008,0.36381
mkd,2009,0.38308
mkd,2010,0.38098
mkd,2011,0.37076
mkd,2012,0.36586
mkd,2013,0.07842
mkd,2014,0.08466
mkd,2015,0.08546
mkd,2016,0.08353
mkd,2017,0.07843
mkd,2018,0.0831
mkd,2019,0.08606
mli,1990,0.00001
mli,1991,0.17027
mli,1992,0.80437
mli,1993,1.08474
mli,1994,1.85224
mli,1995,0.80557
mli,1996,0.56109
mli,1997,0.17847
mli,1998,0.03573
mli,1999,0.00364
mli,2000,0.00333
mli,2001,0.00276
mli,2002,0.00457
mli,2003,0.00385
mli,2004,0.0039
mli,2005,0.00407
mli,2006,0.0045
mli,2007,0.03292
mli,2008,0.01246
mli,2009,0.02007
mli,2010,0.02434
mli,2011,0.02768
mli,2012,0.93835
mli,2013,0.92905
mli,2014,0.8224
mli,2015,0.88431
mli,2016,0.87072
mli,2017,0.81181
mli,2018,0.82963
mli,2019,0.83671
mlt,1990,0.00028
mlt,1991,0.00027
mlt,1992,0.00027
mlt,1993,0
mlt,1994,0.00187
mlt,1995,0.00345
mlt,1996,0.00473
mlt,1997,0.00365
mlt,1998,0.00439
mlt,1999,0.00563
mlt,2000,0.00406
mlt,2001,0.00177
mlt,2002,0.00201
mlt,2003,0.00175
mlt,2004,0.00074
mlt,2005,0.00124
mlt,2006,0.00689
mlt,2007,0.00221
mlt,2008,0.0022
mlt,2009,0.00219
mlt,2010,0.00145
mlt,2011,0.00144
mlt,2012,0.00142
mlt,2013,0.00141
mlt,2014,0.00116
mlt,2015,0.00023
mlt,2016,0
mlt,2017,0
mlt,2018,0.00091
mlt,2019,0.00091
mmr,1990,0.00007
mmr,1991,0.09561
mmr,1992,0.57811
mmr,1993,0.6565
mmr,1994,0.4714
mmr,1995,0.34691
mmr,1996,0.32173
mmr,1997,0.30153
mmr,1998,0.29249
mmr,1999,0.2851
mmr,2000,0.29351
mmr,2001,0.30885
mmr,2002,0.31131
mmr,2003,0.31441
mmr,2004,0.33154
mmr,2005,0.3368
mmr,2006,0.4114
mmr,2007,0.38554
mmr,2008,0.36935
mmr,2009,0.80929
mmr,2010,0.82147
mmr,2011,0.81314
mmr,2012,0.8079
mmr,2013,0.92494
mmr,2014,0.91622
mmr,2015,0.85763
mmr,2016,0.92429
mmr,2017,2.16687
mmr,2018,2.13217
mmr,2019,1.99513
mne,1990,0
mne,1991,0
mne,1992,0
mne,1993,0
mne,1994,0
mne,1995,0
mne,1996,0
mne,1997,0
mne,1998,0
mne,1999,0
mne,2000,0
mne,2001,0
mne,2002,0
mne,2003,0
mne,2004,0
mne,2005,0
mne,2006,0.02185
mne,2007,0.0899
mne,2008,0.2065
mne,2009,0.41449
mne,2010,0.51996
mne,2011,0.59142
mne,2012,0.64768
mne,2013,0.08717
mne,2014,0.09686
mne,2015,0.10383
mne,2016,0.11446
mne,2017,0.11138
mne,2018,0.11405
mne,2019,0.10542
mng,1990,0.00005
mng,1991,0.00005
mng,1992,0.00004
mng,1993,0.00004
mng,1994,0.00018
mng,1995,0.00017
mng,1996,0.0003
mng,1997,0.00039
mng,1998,0.00081
mng,1999,0.00105
mng,2000,0.00096
mng,2001,0.00248
mng,2002,0.01146
mng,2003,0.01312
mng,2004,0.01771
mng,2005,0.02589
mng,2006,0.03392
mng,2007,0.04245
mng,2008,0.05065
mng,2009,0.05591
mng,2010,0.06338
mng,2011,0.07165
mng,2012,0.07484
mng,2013,0.07145
mng,2014,0.07357
mng,2015,0.07334
mng,2016,0.07476
mng,2017,0.07088
mng,2018,0.0711
mng,2019,0.07355
moz,1990,9.60933
moz,1991,9.8787
moz,1992,10.4699
moz,1993,8.15917
moz,1994,1.56875
moz,1995,0.81095
moz,1996,0.21714
moz,1997,0.20523
moz,1998,0.00035
moz,1999,0.0002
moz,2000,0.00017
moz,2001,0.00025
moz,2002,0.00069
moz,2003,0.00057
moz,2004,0.00052
moz,2005,0.00051
moz,2006,0.0011
moz,2007,0.00102
moz,2008,0.00093
moz,2009,0.00059
moz,2010,0.00056
moz,2011,0.00064
moz,2012,0.00064
moz,2013,0.00022
moz,2014,0.00022
moz,2015,0.00021
moz,2016,0.00018
moz,2017,0.00013
moz,2018,0.0002
moz,2019,0.00026
mrt,1990,3.24424
mrt,1991,3.82588
mrt,1992,3.71475
mrt,1993,3.08814
mrt,1994,3.01673
mrt,1995,3.64414
mrt,1996,3.50769
mrt,1997,2.88852
mrt,1998,2.81322
mrt,1999,1.16912
mrt,2000,1.13116
mrt,2001,1.10502
mrt,2002,1.08481
mrt,2003,1.06837
mrt,2004,1.05915
mrt,2005,1.04659
mrt,2006,1.0742
mrt,2007,1.03381
mrt,2008,1.38343
mrt,2009,1.1535
mrt,2010,1.07988
mrt,2011,1.10956
mrt,2012,0.91095
mrt,2013,0.89724
mrt,2014,0.86782
mrt,2015,0.85658
mrt,2016,0.87104
mrt,2017,0.85217
mrt,2018,0.84162
mrt,2019,0.82699
mus,1990,0
mus,1991,0
mus,1992,0
mus,1993,0
mus,1994,0.00009
mus,1995,0.00115
mus,1996,0.00114
mus,1997,0.00026
mus,1998,0.00129
mus,1999,0.00068
mus,2000,0.00295
mus,2001,0.00293
mus,2002,0.00358
mus,2003,0.00505
mus,2004,0.00156
mus,2005,0.00221
mus,2006,0.00651
mus,2007,0.00575
mus,2008,0.00194
mus,2009,0.00185
mus,2010,0.00224
mus,2011,0.00336
mus,2012,0.00495
mus,2013,0.00645
mus,2014,0.00748
mus,2015,0.00818
mus,2016,0.0088
mus,2017,0.00989
mus,2018,0.01271
mus,2019,0.01441
mwi,1990,0.00056
mwi,1991,0.00052
mwi,1992,0.00052
mwi,1993,0.00045
mwi,1994,0.00062
mwi,1995,0.00038
mwi,1996,0.00039
mwi,1997,0.00033
mwi,1998,0.00027
mwi,1999,0.00031
mwi,2000,0.0003
mwi,2001,0.00022
mwi,2002,0.00041
mwi,2003,0.00049
mwi,2004,0.00076
mwi,2005,0.0008
mwi,2006,0.00087
mwi,2007,0.00073
mwi,2008,0.00077
mwi,2009,0.00092
mwi,2010,0.00118
mwi,2011,0.00148
mwi,2012,0.0018
mwi,2013,0.00206
mwi,2014,0.00222
mwi,2015,0.00254
mwi,2016,0.00248
mwi,2017,0.00237
mwi,2018,0.00262
mwi,2019,0.00327
mys,1990,0
mys,1991,0.00002
mys,1992,0.00002
mys,1993,0.00002
mys,1994,0.00041
mys,1995,0.00039
mys,1996,0.00049
mys,1997,0.0004
mys,1998,0.00041
mys,1999,0.00038
mys,2000,0.00035
mys,2001,0.00033
mys,2002,0.00049
mys,2003,0.00097
mys,2004,0.00116
mys,2005,0.00153
mys,2006,0.00223
mys,2007,0.0023
mys,2008,0.00223
mys,2009,0.00192
mys,2010,0.00196
mys,2011,0.00187
mys,2012,0.00183
mys,2013,0.00165
mys,2014,0.00157
mys,2015,0.00145
mys,2016,0.00149
mys,2017,0.0017
mys,2018,0.00261
mys,2019,0.00362
nam,1990,0.03713
nam,1991,0.01382
nam,1992,0.00099
nam,1993,0.00855
nam,1994,0.00408
nam,1995,0.0008
nam,1996,0.00072
nam,1997,0.00012
nam,1998,0.10984
nam,1999,0.03974
nam,2000,0.12861
nam,2001,0.12596
nam,2002,0.07032
nam,2003,0.06881
nam,2004,0.06888
nam,2005,0.06325
nam,2006,0.06103
nam,2007,0.05622
nam,2008,0.0482
nam,2009,0.04426
nam,2010,0.048
nam,2011,0.04975
nam,2012,0.05003
nam,2013,0.05118
nam,2014,0.05512
nam,2015,0.05516
nam,2016,0.05793
nam,2017,0.05652
nam,2018,0.05457
nam,2019,0.0186
ner,1990,0
ner,1991,0.00002
ner,1992,0.2569
ner,1993,0.25176
ner,1994,0.24022
ner,1995,0.10844
ner,1996,0.10544
ner,1997,0.02739
ner,1998,0.00401
ner,1999,0.0047
ner,2000,0.00435
ner,2001,0.00411
ner,2002,0.00684
ner,2003,0.00576
ner,2004,0.00525
ner,2005,0.00481
ner,2006,0.00578
ner,2007,0.00563
ner,2008,0.00522
ner,2009,0.00519
ner,2010,0.00488
ner,2011,0.00479
ner,2012,0.00468
ner,2013,0.00369
ner,2014,0.00384
ner,2015,0.00695
ner,2016,0.00594
ner,2017,0.00622
ner,2018,0.01214
ner,2019,0.0132
nga,1990,0.00002
nga,1991,0.00002
nga,1992,0.00008
nga,1993,0.0001
nga,1994,0.00056
nga,1995,0.0018
nga,1996,0.0043
nga,1997,0.0027
nga,1998,0.00344
nga,1999,0.00372
nga,2000,0.0047
nga,2001,0.00485
nga,2002,0.01911
nga,2003,0.01852
nga,2004,0.01766
nga,2005,0.01593
nga,2006,0.0093
nga,2007,0.0095
nga,2008,0.00943
nga,2009,0.01011
nga,2010,0.00987
nga,2011,0.01053
nga,2012,0.01078
nga,2013,0.01815
nga,2014,0.05156
nga,2015,0.09274
nga,2016,0.12331
nga,2017,0.12518
nga,2018,0.14134
nga,2019,0.14709
nic,1990,1.26078
nic,1991,1.09639
nic,1992,1.01443
nic,1993,0.74066
nic,1994,0.62713
nic,1995,0.51455
nic,1996,0.48128
nic,1997,0.46594
nic,1998,0.43556
nic,1999,0.4122
nic,2000,0.10003
nic,2001,0.08549
nic,2002,0.0776
nic,2003,0.07526
nic,2004,0.03396
nic,2005,0.0269
nic,2006,0.03315
nic,2007,0.03399
nic,2008,0.02712
nic,2009,0.02572
nic,2010,0.02457
nic,2011,0.02487
nic,2012,0.02559
nic,2013,0.02537
nic,2014,0.02584
nic,2015,0.02372
nic,2016,0.02251
nic,2017,0.02298
nic,2018,0.02588
nic,2019,0.06687
nld,1990,0
nld,1991,0
nld,1992,0
nld,1993,0
nld,1994,0.00049
nld,1995,0.00055
nld,1996,0.00062
nld,1997,0.00049
nld,1998,0.00036
nld,1999,0.00018
nld,2000,0.00009
nld,2001,0.00002
nld,2002,0.00019
nld,2003,0.00027
nld,2004,0.00029
nld,2005,0.00097
nld,2006,0.00024
nld,2007,0.00026
nld,2008,0.00028
nld,2009,0.00026
nld,2010,0.00032
nld,2011,0.00038
nld,2012,0.00042
nld,2013,0.00038
nld,2014,0.0004
nld,2015,0.00041
nld,2016,0.00022
nld,2017,0.0002
nld,2018,0.00028
nld,2019,0.00034
nor,1990,0
nor,1991,0
nor,1992,0
nor,1993,0
nor,1994,0.00005
nor,1995,0.00002
nor,1996,0.00002
nor,1997,0.00007
nor,1998,0.00009
nor,1999,0.00009
nor,2000,0.00009
nor,2001,0.00007
nor,2002,0.00011
nor,2003,0.00013
nor,2004,0.00011
nor,2005,0.00032
nor,2006,0.00009
nor,2007,0.00006
nor,2008,0.00008
nor,2009,0.00008
nor,2010,0.00014
nor,2011,0.00014
nor,2012,0.00018
nor,2013,0.00026
nor,2014,0.00025
nor,2015,0.00023
nor,2016,0.00019
nor,2017,0
nor,2018,0.00017
nor,2019,0.00017
npl,1990,0
npl,1991,0
npl,1992,0.00001
npl,1993,0
npl,1994,0.00002
npl,1995,0.00013
npl,1996,0.0002
npl,1997,0.00023
npl,1998,0.00044
npl,1999,0.00079
npl,2000,0.00098
npl,2001,0.00126
npl,2002,0.00365
npl,2003,0.00491
npl,2004,0.00557
npl,2005,0.00802
npl,2006,0.01015
npl,2007,0.01275
npl,2008,0.01571
npl,2009,0.019
npl,2010,0.0218
npl,2011,0.02535
npl,2012,0.0282
npl,2013,0.03013
npl,2014,0.03183
npl,2015,0.03355
npl,2016,0.03073
npl,2017,0.0304
npl,2018,0.03059
npl,2019,0.02866
nru,1990,0
nru,1991,0
nru,1992,0
nru,1993,0
nru,1994,0
nru,1995,0
nru,1996,0
nru,1997,0
nru,1998,0
nru,1999,0.02871
nru,2000,0.02903
nru,2001,0
nru,2002,0
nru,2003,0.03003
nru,2004,0
nru,2005,0
nru,2006,0.03053
nru,2007,0.03047
nru,2008,0.03036
nru,2009,0
nru,2010,0
nru,2011,0
nru,2012,0
nru,2013,0
nru,2014,0
nru,2015,0
nru,2016,0
nru,2017,0
nru,2018,0
nru,2019,0
nzl,1990,0
nzl,1991,0
nzl,1992,0
nzl,1993,0
nzl,1994,0
nzl,1995,0
nzl,1996,0
nzl,1997,0
nzl,1998,0
nzl,1999,0
nzl,2000,0
nzl,2001,0
nzl,2002,0.00005
nzl,2003,0.00002
nzl,2004,0.00007
nzl,2005,0.0001
nzl,2006,0.00019
nzl,2007,0.00031
nzl,2008,0.00023
nzl,2009,0.00023
nzl,2010,0.00034
nzl,2011,0.00041
nzl,2012,0.00045
nzl,2013,0.00038
nzl,2014,0.00037
nzl,2015,0.00041
nzl,2016,0.0006
nzl,2017,0.00072
nzl,2018,0.0008
nzl,2019,0.00077
omn,1990,0
omn,1991,0
omn,1992,0
omn,1993,0
omn,1994,0.00014
omn,1995,0.00045
omn,1996,0.00045
omn,1997,0.00044
omn,1998,0.00049
omn,1999,0.00049
omn,2000,0.00022
omn,2001,0.00022
omn,2002,0.00081
omn,2003,0.00046
omn,2004,0.00074
omn,2005,0.00048
omn,2006,0.00151
omn,2007,0.00162
omn,2008,0.00204
omn,2009,0.00223
omn,2010,0.00207
omn,2011,0.00185
omn,2012,0.00186
omn,2013,0.00069
omn,2014,0.00072
omn,2015,0.00087
omn,2016,0.00085
omn,2017,0.00062
omn,2018,0.00087
omn,2019,0.00092
pak,1990,0.00045
pak,1991,0.00047
pak,1992,0.00095
pak,1993,0.00121
pak,1994,0.00368
pak,1995,0.00426
pak,1996,0.00589
pak,1997,0.00457
pak,1998,0.00509
pak,1999,0.00578
pak,2000,0.00712
pak,2001,0.00844
pak,2002,0.01549
pak,2003,0.01593
pak,2004,0.01656
pak,2005,0.01866
pak,2006,0.01563
pak,2007,0.01898
pak,2008,0.01888
pak,2009,0.02002
pak,2010,0.02228
pak,2011,0.01961
pak,2012,0.02658
pak,2013,0.02546
pak,2014,0.17202
pak,2015,0.14938
pak,2016,0.05177
pak,2017,0.06199
pak,2018,0.06232
pak,2019,0.06335
pan,1990,0.02546
pan,1991,0.02537
pan,1992,0.02531
pan,1993,0.02575
pan,1994,0.01811
pan,1995,0.00584
pan,1996,0.00533
pan,1997,0.00427
pan,1998,0.00292
pan,1999,0.00242
pan,2000,0.00221
pan,2001,0.0012
pan,2002,0.0014
pan,2003,0.00093
pan,2004,0.00122
pan,2005,0.00126
pan,2006,0.00221
pan,2007,0.00316
pan,2008,0.00316
pan,2009,0.00293
pan,2010,0.00275
pan,2011,0.0027
pan,2012,0.00284
pan,2013,0.00274
pan,2014,0.00228
pan,2015,0.00174
pan,2016,0.00099
pan,2017,0.00075
pan,2018,0.00117
pan,2019,0.00127
per,1990,0.00116
per,1991,0.00211
per,1992,0.00317
per,1993,0.00842
per,1994,0.01816
per,1995,0.0243
per,1996,0.02705
per,1997,0.02622
per,1998,0.02754
per,1999,0.02763
per,2000,0.02624
per,2001,0.02426
per,2002,0.02373
per,2003,0.02039
per,2004,0.01726
per,2005,0.01746
per,2006,0.02486
per,2007,0.02733
per,2008,0.02569
per,2009,0.02178
per,2010,0.0201
per,2011,0.01876
per,2012,0.01766
per,2013,0.01601
per,2014,0.01443
per,2015,0.01181
per,2016,0.00844
per,2017,0.0082
per,2018,0.0081
per,2019,0.00851
phl,1990,0.00002
phl,1991,0.00002
phl,1992,0.00007
phl,1993,0.00017
phl,1994,0.00064
phl,1995,0.00074
phl,1996,0.00084
phl,1997,0.00072
phl,1998,0.06106
phl,1999,0.05964
phl,2000,0.05832
phl,2001,0.05707
phl,2002,0.05605
phl,2003,0.0005
phl,2004,0.00051
phl,2005,0.00054
phl,2006,0.00101
phl,2007,0.00174
phl,2008,0.00149
phl,2009,0.00107
phl,2010,0.00103
phl,2011,0.001
phl,2012,0.00101
phl,2013,0.00073
phl,2014,0.00067
phl,2015,0.00058
phl,2016,0.00042
phl,2017,0.00041
phl,2018,0.00049
phl,2019,0.00052
plw,1990,0
plw,1991,0
plw,1992,0
plw,1993,0
plw,1994,0
plw,1995,0
plw,1996,0
plw,1997,0
plw,1998,0
plw,1999,0
plw,2000,0
plw,2001,0
plw,2002,0
plw,2003,0
plw,2004,0
plw,2005,0
plw,2006,0
plw,2007,0.00522
plw,2008,0.00535
plw,2009,0
plw,2010,0
plw,2011,0
plw,2012,0
plw,2013,0.00568
plw,2014,0.00567
plw,2015,0.01132
plw,2016,0.01129
plw,2017,0
plw,2018,0.01675
plw,2019,0.01667
png,1990,0
png,1991,0
png,1992,0
png,1993,0
png,1994,0
png,1995,0.03856
png,1996,0.03779
png,1997,0.01483
png,1998,0.00394
png,1999,0.00016
png,2000,0.00014
png,2001,0.00013
png,2002,0.00026
png,2003,0.00029
png,2004,0.00028
png,2005,0.00035
png,2006,0.00047
png,2007,0.00053
png,2008,0.00066
png,2009,0.00098
png,2010,0.00122
png,2011,0.00171
png,2012,0.00228
png,2013,0.00284
png,2014,0.00362
png,2015,0.00418
png,2016,0.00482
png,2017,0.00469
png,2018,0.00496
png,2019,0.00545
pol,1990,0.06752
pol,1991,0.05683
pol,1992,0.03801
pol,1993,0.03496
pol,1994,0.09361
pol,1995,0.05131
pol,1996,0.03342
pol,1997,0.01892
pol,1998,0.00487
pol,1999,0.00323
pol,2000,0.00224
pol,2001,0.00828
pol,2002,0.04342
pol,2003,0.03957
pol,2004,0.02781
pol,2005,0.05119
pol,2006,0.03523
pol,2007,0.0076
pol,2008,0.00623
pol,2009,0.00537
pol,2010,0.0046
pol,2011,0.00474
pol,2012,0.00429
pol,2013,0.00374
pol,2014,0.00344
pol,2015,0.00341
pol,2016,0.00305
pol,2017,0.00292
pol,2018,0.00287
pol,2019,0.00255
prk,1990,0
prk,1991,0
prk,1992,0
prk,1993,0
prk,1994,0.00001
prk,1995,0.00003
prk,1996,0.00005
prk,1997,0
prk,1998,0.00004
prk,1999,0.00006
prk,2000,0.00006
prk,2001,0.00008
prk,2002,0.00111
prk,2003,0.00129
prk,2004,0.00145
prk,2005,0.0012
prk,2006,0.00165
prk,2007,0.0025
prk,2008,0.00364
prk,2009,0.00361
prk,2010,0.00374
prk,2011,0.00426
prk,2012,0.00456
prk,2013,0.00468
prk,2014,0.00512
prk,2015,0.00437
prk,2016,0.00562
prk,2017,0.00457
prk,2018,0.00314
prk,2019,0.00297
prt,1990,0
prt,1991,0
prt,1992,0
prt,1993,0
prt,1994,0.00025
prt,1995,0.00025
prt,1996,0.00214
prt,1997,0.00209
prt,1998,0.00018
prt,1999,0.00015
prt,2000,0.00022
prt,2001,0.00016
prt,2002,0.0006
prt,2003,0.00053
prt,2004,0.00045
prt,2005,0.0007
prt,2006,0.00024
prt,2007,0.0003
prt,2008,0.00034
prt,2009,0.00029
prt,2010,0.00028
prt,2011,0.00026
prt,2012,0.0003
prt,2013,0.00031
prt,2014,0.0003
prt,2015,0.00027
prt,2016,0.00018
prt,2017,0.00006
prt,2018,0.00019
prt,2019,0.00022
pry,1990,0.00045
pry,1991,0.00018
pry,1992,0.0002
pry,1993,0.00031
pry,1994,0.00135
pry,1995,0.00107
pry,1996,0.0009
pry,1997,0.0004
pry,1998,0.00041
pry,1999,0.00035
pry,2000,0.00036
pry,2001,0.00015
pry,2002,0.00056
pry,2003,0.00057
pry,2004,0.00065
pry,2005,0.00076
pry,2006,0.00178
pry,2007,0.0017
pry,2008,0.00166
pry,2009,0.00125
pry,2010,0.00138
pry,2011,0.00144
pry,2012,0.00157
pry,2013,0.00146
pry,2014,0.00142
pry,2015,0.00136
pry,2016,0.00105
pry,2017,0.0009
pry,2018,0.00109
pry,2019,0.00123
pse,1990,0.40548
pse,1991,2.97476
pse,1992,4.16768
pse,1993,3.40696
pse,1994,3.29996
pse,1995,2.77881
pse,1996,2.92485
pse,1997,2.67482
pse,1998,2.5836
pse,1999,3.22456
pse,2000,3.43175
pse,2001,10.54896
pse,2002,12.68525
pse,2003,10.1854
pse,2004,10.00242
pse,2005,9.77298
pse,2006,9.12353
pse,2007,9.08401
pse,2008,8.81626
pse,2009,2.40547
pse,2010,2.30107
pse,2011,2.26886
pse,2012,2.2378
pse,2013,2.2163
pse,2014,2.19508
pse,2015,2.16415
pse,2016,2.10965
pse,2017,2.09775
pse,2018,2.07161
pse,2019,1.93399
qat,1990,0
qat,1991,0
qat,1992,0
qat,1993,0
qat,1994,0.00966
qat,1995,0.00584
qat,1996,0.00344
qat,1997,0.00355
qat,1998,0.00417
qat,1999,0.0014
qat,2000,0.00017
qat,2001,0
qat,2002,0.00125
qat,2003,0.00191
qat,2004,0.00133
qat,2005,0.00127
qat,2006,0.00508
qat,2007,0.00509
qat,2008,0.00494
qat,2009,0.00411
qat,2010,0.00603
qat,2011,0.00467
qat,2012,0.00565
qat,2013,0.00073
qat,2014,0.00085
qat,2015,0.00078
qat,2016,0.00109
qat,2017,0.00114
qat,2018,0.00129
qat,2019,0.00127
rou,1990,0.21832
rou,1991,0.11586
rou,1992,0.10745
rou,1993,0.10135
rou,1994,0.09638
rou,1995,0.07393
rou,1996,0.05205
rou,1997,0.03954
rou,1998,0.04861
rou,1999,0.03838
rou,2000,0.03319
rou,2001,0.02752
rou,2002,0.04048
rou,2003,0.03861
rou,2004,0.02742
rou,2005,0.0537
rou,2006,0.03407
rou,2007,0.02523
rou,2008,0.02283
rou,2009,0.02112
rou,2010,0.01922
rou,2011,0.01686
rou,2012,0.01388
rou,2013,0.01157
rou,2014,0.00957
rou,2015,0.00871
rou,2016,0.00606
rou,2017,0.00611
rou,2018,0.00595
rou,2019,0.00699
rus,1990,0.0798
rus,1991,0.10512
rus,1992,0.1442
rus,1993,0.16399
rus,1994,0.16946
rus,1995,0.13967
rus,1996,0.11736
rus,1997,0.13407
rus,1998,0.11722
rus,1999,0.01927
rus,2000,0.02753
rus,2001,0.03096
rus,2002,0.0631
rus,2003,0.06668
rus,2004,0.07494
rus,2005,0.07172
rus,2006,0.11114
rus,2007,0.06507
rus,2008,0.07195
rus,2009,0.07637
rus,2010,0.07802
rus,2011,0.0764
rus,2012,0.0768
rus,2013,0.05149
rus,2014,0.04878
rus,2015,0.04623
rus,2016,0.0432
rus,2017,0.04231
rus,2018,0.04217
rus,2019,0.04274
rwa,1990,4.95717
rwa,1991,6.08758
rwa,1992,6.48643
rwa,1993,7.19156
rwa,1994,38.03027
rwa,1995,31.17226
rwa,1996,7.80188
rwa,1997,1.05925
rwa,1998,1.11655
rwa,1999,1.18572
rwa,2000,1.50064
rwa,2001,1.02675
rwa,2002,0.89304
rwa,2003,0.87953
rwa,2004,0.73512
rwa,2005,1.13418
rwa,2006,1.028
rwa,2007,0.87304
rwa,2008,0.76151
rwa,2009,1.31976
rwa,2010,1.15071
rwa,2011,1.03789
rwa,2012,0.923
rwa,2013,0.77653
rwa,2014,0.71644
rwa,2015,2.51882
rwa,2016,2.4516
rwa,2017,2.1614
rwa,2018,2.01172
rwa,2019,1.95384
sau,1990,0
sau,1991,0
sau,1992,0
sau,1993,0.00004
sau,1994,0.001
sau,1995,0.00139
sau,1996,0.00127
sau,1997,0.00184
sau,1998,0.00183
sau,1999,0.00115
sau,2000,0.00037
sau,2001,0.00017
sau,2002,0.0005
sau,2003,0.00105
sau,2004,0.00093
sau,2005,0.00063
sau,2006,0.00252
sau,2007,0.00299
sau,2008,0.00275
sau,2009,0.00238
sau,2010,0.00243
sau,2011,0.00264
sau,2012,0.00281
sau,2013,0.00194
sau,2014,0.00204
sau,2015,0.00221
sau,2016,0.00289
sau,2017,0.00353
sau,2018,0.00443
sau,2019,0.00516
sdn,1990,2.6008
sdn,1991,0.93934
sdn,1992,1.23416
sdn,1993,1.74837
sdn,1994,1.73591
sdn,1995,1.84804
sdn,1996,1.91791
sdn,1997,1.4346
sdn,1998,1.49916
sdn,1999,1.82322
sdn,2000,1.81251
sdn,2001,1.75163
sdn,2002,1.77279
sdn,2003,2.05781
sdn,2004,2.41823
sdn,2005,2.24117
sdn,2006,2.16763
sdn,2007,1.61626
sdn,2008,1.26811
sdn,2009,1.08986
sdn,2010,1.12111
sdn,2011,1.41448
sdn,2012,1.57194
sdn,2013,1.75046
sdn,2014,1.75358
sdn,2015,1.61193
sdn,2016,1.63283
sdn,2017,1.70166
sdn,2018,1.73389
sdn,2019,1.71663
sen,1990,0.79728
sen,1991,0.32413
sen,1992,0.19356
sen,1993,0.27473
sen,1994,0.30282
sen,1995,0.20244
sen,1996,0.19782
sen,1997,0.18797
sen,1998,0.10394
sen,1999,0.12129
sen,2000,0.11317
sen,2001,0.08528
sen,2002,0.11736
sen,2003,0.07922
sen,2004,0.07708
sen,2005,0.07819
sen,2006,0.13322
sen,2007,0.13601
sen,2008,0.13333
sen,2009,0.13218
sen,2010,0.12831
sen,2011,0.13597
sen,2012,0.13971
sen,2013,0.14382
sen,2014,0.16309
sen,2015,0.14597
sen,2016,0.15381
sen,2017,0.17224
sen,2018,0.11493
sen,2019,0.10564
sgp,1990,0
sgp,1991,0
sgp,1992,0.00003
sgp,1993,0.00003
sgp,1994,0.00026
sgp,1995,0.00026
sgp,1996,0.00052
sgp,1997,0.00059
sgp,1998,0.0006
sgp,1999,0.00063
sgp,2000,0.00055
sgp,2001,0.00039
sgp,2002,0.00095
sgp,2003,0.00085
sgp,2004,0.00086
sgp,2005,0.00091
sgp,2006,0.00252
sgp,2007,0.00253
sgp,2008,0.00228
sgp,2009,0.00161
sgp,2010,0.00148
sgp,2011,0.00127
sgp,2012,0.00127
sgp,2013,0.00119
sgp,2014,0.00107
sgp,2015,0.00098
sgp,2016,0.00073
sgp,2017,0.00075
sgp,2018,0.00083
sgp,2019,0.00072
slb,1990,0
slb,1991,0
slb,1992,0
slb,1993,0
slb,1994,0
slb,1995,0.00946
slb,1996,0.0092
slb,1997,0.00895
slb,1998,0.0087
slb,1999,0.00847
slb,2000,0.00824
slb,2001,0.00991
slb,2002,0.0124
slb,2003,0.01342
slb,2004,0.0133
slb,2005,0.00575
slb,2006,0.0079
slb,2007,0.00975
slb,2008,0.01033
slb,2009,0.01281
slb,2010,0.01421
slb,2011,0.0133
slb,2012,0.01097
slb,2013,0.01068
slb,2014,0.01192
slb,2015,0.01177
slb,2016,0.01114
slb,2017,0.00896
slb,2018,0.00505
slb,2019,0.00403
sle,1990,0.00021
sle,1991,3.27949
sle,1992,5.83275
sle,1993,7.18839
sle,1994,6.38784
sle,1995,8.81736
sle,1996,8.69774
sle,1997,7.59642
sle,1998,9.26802
sle,1999,10.98207
sle,2000,8.78615
sle,2001,3.76757
sle,2002,2.849
sle,2003,1.35703
sle,2004,0.76927
sle,2005,0.71696
sle,2006,0.73531
sle,2007,0.53638
sle,2008,0.53046
sle,2009,0.24578
sle,2010,0.17574
sle,2011,0.12192
sle,2012,0.09239
sle,2013,0.07737
sle,2014,0.07115
sle,2015,0.06838
sle,2016,0.06384
sle,2017,0.05924
sle,2018,0.06323
sle,2019,0.06744
slv,1990,0.56961
slv,1991,0.61864
slv,1992,0.56967
slv,1993,0.47581
slv,1994,0.5526
slv,1995,0.41813
slv,1996,0.34515
slv,1997,0.29804
slv,1998,0.21717
slv,1999,0.21232
slv,2000,0.13173
slv,2001,0.12063
slv,2002,0.11124
slv,2003,0.09439
slv,2004,0.07465
slv,2005,0.07074
slv,2006,0.10508
slv,2007,0.09863
slv,2008,0.08401
slv,2009,0.08203
slv,2010,0.08047
slv,2011,0.1082
slv,2012,0.13099
slv,2013,0.15376
slv,2014,0.17418
slv,2015,0.23364
slv,2016,0.30858
slv,2017,0.40483
slv,2018,0.50717
slv,2019,0.64848
smr,1990,0
smr,1991,0
smr,1992,0
smr,1993,0
smr,1994,0
smr,1995,0
smr,1996,0
smr,1997,0.00753
smr,1998,0.0149
smr,1999,0.01474
smr,2000,0.01457
smr,2001,0
smr,2002,0.01065
smr,2003,0.0035
smr,2004,0.00346
smr,2005,0.00341
smr,2006,0.00674
smr,2007,0.00665
smr,2008,0.00329
smr,2009,0.00324
smr,2010,0.00641
smr,2011,0.00316
smr,2012,0.00311
smr,2013,0.00307
smr,2014,0.00304
smr,2015,0.00301
smr,2016,0.00597
smr,2017,0
smr,2018,0.00592
smr,2019,0.00295
som,1990,6.50752
som,1991,10.07137
som,1992,11.133
som,1993,7.8544
som,1994,8.5645
som,1995,8.52547
som,1996,8.29118
som,1997,7.66236
som,1998,6.77541
som,1999,6.13325
som,2000,5.36115
som,2001,4.79098
som,2002,4.55006
som,2003,4.09902
som,2004,3.84308
som,2005,3.78634
som,2006,4.31106
som,2007,4.12772
som,2008,4.92363
som,2009,5.78876
som,2010,6.39456
som,2011,8.7025
som,2012,8.93964
som,2013,8.58692
som,2014,8.24247
som,2015,8.14046
som,2016,7.13625
som,2017,6.76088
som,2018,6.32754
som,2019,5.86109
srb,1990,0.01833
srb,1991,0.47718
srb,1992,0.92856
srb,1993,0.59471
srb,1994,0.55747
srb,1995,0.87129
srb,1996,1.05485
srb,1997,1.09001
srb,1998,1.19037
srb,1999,1.80057
srb,2000,1.54673
srb,2001,1.53262
srb,2002,3.50493
srb,2003,3.19226
srb,2004,2.56419
srb,2005,2.06649
srb,2006,1.90278
srb,2007,1.82001
srb,2008,2.05224
srb,2009,2.168
srb,2010,2.03852
srb,2011,1.80361
srb,2012,1.77747
srb,2013,0.54631
srb,2014,0.51395
srb,2015,0.43516
srb,2016,0.41714
srb,2017,0.39721
srb,2018,0.36773
srb,2019,0.35632
ssd,1990,0
ssd,1991,0
ssd,1992,0
ssd,1993,0
ssd,1994,0
ssd,1995,0
ssd,1996,0
ssd,1997,0
ssd,1998,0
ssd,1999,0
ssd,2000,0
ssd,2001,0
ssd,2002,0
ssd,2003,0
ssd,2004,0
ssd,2005,0
ssd,2006,0
ssd,2007,0
ssd,2008,0
ssd,2009,0
ssd,2010,0
ssd,2011,0.00001
ssd,2012,0.86031
ssd,2013,1.10545
ssd,2014,5.83816
ssd,2015,7.2671
ssd,2016,13.26302
ssd,2017,22.36201
ssd,2018,20.82117
ssd,2019,20.20259
stp,1990,0.00084
stp,1991,0.00082
stp,1992,0.0008
stp,1993,0.00079
stp,1994,0.02318
stp,1995,0.02734
stp,1996,0.03662
stp,1997,0.03166
stp,1998,0.03047
stp,1999,0.02143
stp,2000,0.01757
stp,2001,0.01589
stp,2002,0.02645
stp,2003,0.02792
stp,2004,0.02537
stp,2005,0.01524
stp,2006,0.01979
stp,2007,0.01984
stp,2008,0.02045
stp,2009,0.01876
stp,2010,0.0183
stp,2011,0.01788
stp,2012,0.01699
stp,2013,0.01614
stp,2014,0.01124
stp,2015,0.01103
stp,2016,0.01427
stp,2017,0.01256
stp,2018,0.01422
stp,2019,0.01256
sur,1990,1.63389
sur,1991,1.43362
sur,1992,0.605
sur,1993,0.20863
sur,1994,0.2103
sur,1995,0.1849
sur,1996,0.16823
sur,1997,0.14598
sur,1998,0.10678
sur,1999,0.08831
sur,2000,0.07092
sur,2001,0.04973
sur,2002,0.02136
sur,2003,0.01435
sur,2004,0.01033
sur,2005,0.00581
sur,2006,0.01306
sur,2007,0.01232
sur,2008,0.00967
sur,2009,0.0086
sur,2010,0.00472
sur,2011,0.00374
sur,2012,0.00277
sur,2013,0.00311
sur,2014,0.00307
sur,2015,0.0034
sur,2016,0.00319
sur,2017,0.00298
sur,2018,0.00347
sur,2019,0.00275
svk,1990,0
svk,1991,0
svk,1992,0
svk,1993,0
svk,1994,0.00022
svk,1995,0.00048
svk,1996,0.00106
svk,1997,0.0013
svk,1998,0.00265
svk,1999,0.0033
svk,2000,0.00407
svk,2001,0.00354
svk,2002,0.01102
svk,2003,0.01235
svk,2004,0.01146
svk,2005,0.01465
svk,2006,0.01373
svk,2007,0.00633
svk,2008,0.00613
svk,2009,0.00618
svk,2010,0.00292
svk,2011,0.00497
svk,2012,0.00441
svk,2013,0.00596
svk,2014,0.00588
svk,2015,0.006
svk,2016,0.01459
svk,2017,0.01676
svk,2018,0.02239
svk,2019,0.02467
svn,1990,0
svn,1991,0
svn,1992,0
svn,1993,1.42105
svn,1994,0.74319
svn,1995,0.64587
svn,1996,0.16937
svn,1997,0.17178
svn,1998,0.16615
svn,1999,0.16578
svn,2000,0.16522
svn,2001,0.03849
svn,2002,0.04317
svn,2003,0.03069
svn,2004,0.02924
svn,2005,0.00777
svn,2006,0.08789
svn,2007,0.00258
svn,2008,0.00257
svn,2009,0.00192
svn,2010,0.00186
svn,2011,0.00156
svn,2012,0.00165
svn,2013,0.00136
svn,2014,0.00126
svn,2015,0.00111
svn,2016,0.00101
svn,2017,0.00034
svn,2018,0.00096
svn,2019,0.00111
swe,1990,0
swe,1991,0
swe,1992,0
swe,1993,0
swe,1994,0.00013
swe,1995,0.00028
swe,1996,0.00043
swe,1997,0.00045
swe,1998,0.00046
swe,1999,0.00035
swe,2000,0.0002
swe,2001,0.00006
swe,2002,0.00031
swe,2003,0.00036
swe,2004,0.00032
swe,2005,0.00083
swe,2006,0.00018
swe,2007,0.00017
swe,2008,0.00016
swe,2009,0.0002
swe,2010,0.00027
swe,2011,0.00025
swe,2012,0.00021
swe,2013,0.00017
swe,2014,0.00019
swe,2015,0.00016
swe,2016,0.00015
swe,2017,0.00014
swe,2018,0.00019
swe,2019,0.00014
swz,1990,0
swz,1991,0
swz,1992,0
swz,1993,0.00011
swz,1994,0.00143
swz,1995,0.00162
swz,1996,0.0018
swz,1997,0.00208
swz,1998,0.00306
swz,1999,0.00282
swz,2000,0.00159
swz,2001,0.00148
swz,2002,0.00186
swz,2003,0.00049
swz,2004,0.00136
swz,2005,0.00126
swz,2006,0.00212
swz,2007,0.0024
swz,2008,0.00305
swz,2009,0.00303
swz,2010,0.00338
swz,2011,0.00401
swz,2012,0.00602
swz,2013,0.01003
swz,2014,0.0147
swz,2015,0.01993
swz,2016,0.02056
swz,2017,0.01965
swz,2018,0.02112
swz,2019,0.01881
syc,1990,0.08502
syc,1991,0.09658
syc,1992,0.07432
syc,1993,0.0378
syc,1994,0.73299
syc,1995,0.44225
syc,1996,0.17784
syc,1997,0.04211
syc,1998,0.04933
syc,1999,0.03629
syc,2000,0.0284
syc,2001,0.01577
syc,2002,0.05233
syc,2003,0.04429
syc,2004,0.05035
syc,2005,0.04512
syc,2006,0.06814
syc,2007,0.06106
syc,2008,0.0586
syc,2009,0.05397
syc,2010,0.05369
syc,2011,0.04571
syc,2012,0.03131
syc,2013,0.02784
syc,2014,0.02654
syc,2015,0.02106
syc,2016,0.01463
syc,2017,0.00519
syc,2018,0.01339
syc,2019,0.01535
syr,1990,0.01726
syr,1991,0.0237
syr,1992,0.03343
syr,1993,0.03984
syr,1994,0.0508
syr,1995,0.05572
syr,1996,0.05835
syr,1997,0.05702
syr,1998,0.05209
syr,1999,0.04181
syr,2000,0.03578
syr,2001,0.02904
syr,2002,0.1107
syr,2003,0.11954
syr,2004,0.12026
syr,2005,0.08932
syr,2006,0.06473
syr,2007,0.06887
syr,2008,0.07361
syr,2009,0.08448
syr,2010,0.08638
syr,2011,0.09454
syr,2012,3.56684
syr,2013,12.60738
syr,2014,20.77682
syr,2015,27.07747
syr,2016,31.6301
syr,2017,36.90186
syr,2018,39.27035
syr,2019,38.76358
tcd,1990,3.09908
tcd,1991,1.17457
tcd,1992,1.04426
tcd,1993,3.24397
tcd,1994,3.12593
tcd,1995,0.85201
tcd,1996,0.80603
tcd,1997,0.73333
tcd,1998,0.7889
tcd,1999,0.73008
tcd,2000,0.65778
tcd,2001,0.53346
tcd,2002,0.52498
tcd,2003,0.55766
tcd,2004,0.54098
tcd,2005,0.47937
tcd,2006,0.34713
tcd,2007,0.51508
tcd,2008,0.49273
tcd,2009,0.47589
tcd,2010,0.44957
tcd,2011,0.34496
tcd,2012,0.31048
tcd,2013,0.36792
tcd,2014,0.35319
tcd,2015,0.10588
tcd,2016,0.09747
tcd,2017,0.10851
tcd,2018,0.07041
tcd,2019,0.07025
tgo,1990,0.00016
tgo,1991,0.00047
tgo,1992,0.00269
tgo,1993,7.22405
tgo,1994,4.07393
tgo,1995,2.20418
tgo,1996,0.58851
tgo,1997,0.16021
tgo,1998,0.07568
tgo,1999,0.07723
tgo,2000,0.08155
tgo,2001,0.086
tgo,2002,0.20104
tgo,2003,0.19911
tgo,2004,0.19787
tgo,2005,0.91073
tgo,2006,0.47428
tgo,2007,0.38008
tgo,2008,0.27534
tgo,2009,0.29401
tgo,2010,0.28544
tgo,2011,0.27094
tgo,2012,0.23167
tgo,2013,0.14837
tgo,2014,0.12995
tgo,2015,0.11996
tgo,2016,0.11065
tgo,2017,0.10522
tgo,2018,0.10191
tgo,2019,0.09939
tha,1990,0.00004
tha,1991,0.00005
tha,1992,0.00006
tha,1993,0.00006
tha,1994,0.00023
tha,1995,0.00035
tha,1996,0.00047
tha,1997,0.00045
tha,1998,0.00048
tha,1999,0.00051
tha,2000,0.00034
tha,2001,0.00015
tha,2002,0.00054
tha,2003,0.00046
tha,2004,0.00049
tha,2005,0.00065
tha,2006,0.00505
tha,2007,0.00351
tha,2008,0.00273
tha,2009,0.00075
tha,2010,0.00053
tha,2011,0.00055
tha,2012,0.00056
tha,2013,0.00033
tha,2014,0.00034
tha,2015,0.00032
tha,2016,0.00023
tha,2017,0.00022
tha,2018,0.00028
tha,2019,0.00071
tjk,1990,0
tjk,1991,0
tjk,1992,1.09056
tjk,1993,1.25342
tjk,1994,1.0062
tjk,1995,1.02269
tjk,1996,1.83723
tjk,1997,1.27775
tjk,1998,0.93488
tjk,1999,0.73806
tjk,2000,0.96423
tjk,2001,0.88799
tjk,2002,0.98442
tjk,2003,0.90095
tjk,2004,0.85225
tjk,2005,0.80646
tjk,2006,0.00932
tjk,2007,0.01266
tjk,2008,0.00755
tjk,2009,0.00763
tjk,2010,0.00767
tjk,2011,0.00795
tjk,2012,0.00856
tjk,2013,0.00821
tjk,2014,0.00878
tjk,2015,0.00939
tjk,2016,0.01068
tjk,2017,0.01525
tjk,2018,0.01869
tjk,2019,0.02142
tkm,1990,0
tkm,1991,0
tkm,1992,0
tkm,1993,0
tkm,1994,0.00017
tkm,1995,0.00112
tkm,1996,0.0685
tkm,1997,0.07304
tkm,1998,0.03539
tkm,1999,0.02353
tkm,2000,0.00664
tkm,2001,0.00679
tkm,2002,0.01738
tkm,2003,0.01804
tkm,2004,0.01726
tkm,2005,0.01725
tkm,2006,0.01439
tkm,2007,0.01392
tkm,2008,0.01491
tkm,2009,0.01484
tkm,2010,0.01451
tkm,2011,0.01403
tkm,2012,0.01372
tkm,2013,0.00967
tkm,2014,0.00885
tkm,2015,0.00818
tkm,2016,0.00666
tkm,2017,0.00591
tkm,2018,0.00788
tkm,2019,0.00809
tls,1990,0
tls,1991,0
tls,1992,0
tls,1993,0
tls,1994,0
tls,1995,0
tls,1996,0
tls,1997,0
tls,1998,0
tls,1999,18.60783
tls,2000,13.81803
tls,2001,8.10485
tls,2002,3.04509
tls,2003,0.01341
tls,2004,0.02274
tls,2005,0.02522
tls,2006,0.02469
tls,2007,0.00058
tls,2008,0.00066
tls,2009,0.00065
tls,2010,0.00073
tls,2011,0.00072
tls,2012,0.00079
tls,2013,0.00087
tls,2014,0.00111
tls,2015,0.00167
tls,2016,0.0018
tls,2017,0.00064
tls,2018,0.00126
tls,2019,0.00139
ton,1990,0
ton,1991,0
ton,1992,0
ton,1993,0
ton,1994,0
ton,1995,0
ton,1996,0.00312
ton,1997,0.0031
ton,1998,0.00206
ton,1999,0.00205
ton,2000,0.00306
ton,2001,0.00102
ton,2002,0.00808
ton,2003,0.01205
ton,2004,0.00499
ton,2005,0.00396
ton,2006,0.0059
ton,2007,0.00487
ton,2008,0.00677
ton,2009,0.00481
ton,2010,0.00577
ton,2011,0.00966
ton,2012,0.01265
ton,2013,0.01769
ton,2014,0.02178
ton,2015,0.02381
ton,2016,0.02669
ton,2017,0.03333
ton,2018,0.03198
ton,2019,0.03158
tto,1990,0.00008
tto,1991,0.00008
tto,1992,0.00008
tto,1993,0.00008
tto,1994,0.00104
tto,1995,0.00112
tto,1996,0.00127
tto,1997,0.00167
tto,1998,0.00206
tto,1999,0.00198
tto,2000,0.00189
tto,2001,0.00126
tto,2002,0.00274
tto,2003,0.00296
tto,2004,0.00318
tto,2005,0.00486
tto,2006,0.01175
tto,2007,0.01613
tto,2008,0.01757
tto,2009,0.01817
tto,2010,0.0192
tto,2011,0.02223
tto,2012,0.02476
tto,2013,0.02482
tto,2014,0.02723
tto,2015,0.02693
tto,2016,0.02141
tto,2017,0.0224
tto,2018,0.02317
tto,2019,0.02201
tun,1990,0.00051
tun,1991,0.00075
tun,1992,0.001
tun,1993,0.00118
tun,1994,0.00236
tun,1995,0.00365
tun,1996,0.00438
tun,1997,0.00743
tun,1998,0.0098
tun,1999,0.0129
tun,2000,0.01243
tun,2001,0.01397
tun,2002,0.02576
tun,2003,0.02577
tun,2004,0.02512
tun,2005,0.03096
tun,2006,0.02789
tun,2007,0.02433
tun,2008,0.02256
tun,2009,0.02147
tun,2010,0.02044
tun,2011,0.01817
tun,2012,0.01784
tun,2013,0.01244
tun,2014,0.01342
tun,2015,0.01402
tun,2016,0.01504
tun,2017,0.0158
tun,2018,0.01728
tun,2019,0.0177
tur,1990,0.01021
tur,1991,0.01177
tur,1992,0.0181
tur,1993,0.0296
tur,1994,0.05016
tur,1995,0.07671
tur,1996,0.08474
tur,1997,0.07841
tur,1998,0.0734
tur,1999,0.07066
tur,2000,0.07456
tur,2001,0.07336
tur,2002,0.29734
tur,2003,0.28007
tur,2004,0.26052
tur,2005,0.25119
tur,2006,0.33049
tur,2007,0.31896
tur,2008,0.30443
tur,2009,0.20525
tur,2010,0.20296
tur,2011,0.19032
tur,2012,0.18134
tur,2013,0.08768
tur,2014,0.08273
tur,2015,0.07584
tur,2016,0.07256
tur,2017,0.07562
tur,2018,0.08368
tur,2019,0.09981
tuv,1990,0
tuv,1991,0
tuv,1992,0
tuv,1993,0
tuv,1994,0
tuv,1995,0.03227
tuv,1996,0.0322
tuv,1997,0.03216
tuv,1998,0.03215
tuv,1999,0.03211
tuv,2000,0.03194
tuv,2001,0.03165
tuv,2002,0.03127
tuv,2003,0.03085
tuv,2004,0.03039
tuv,2005,0
tuv,2006,0.02965
tuv,2007,0.01957
tuv,2008,0.01939
tuv,2009,0
tuv,2010,0
tuv,2011,0.00941
tuv,2012,0.00931
tuv,2013,0.01843
tuv,2014,0.01823
tuv,2015,0.01802
tuv,2016,0.01781
tuv,2017,0
tuv,2018,0.01738
tuv,2019,0.01716
tza,1990,0.00003
tza,1991,0.00004
tza,1992,0.00007
tza,1993,0.00011
tza,1994,0.00022
tza,1995,0.00023
tza,1996,0.00021
tza,1997,0.00021
tza,1998,0.00032
tza,1999,0.00036
tza,2000,0.00093
tza,2001,0.0011
tza,2002,0.00164
tza,2003,0.00196
tza,2004,0.00264
tza,2005,0.00403
tza,2006,0.00422
tza,2007,0.00308
tza,2008,0.00303
tza,2009,0.0028
tza,2010,0.00258
tza,2011,0.00255
tza,2012,0.00238
tza,2013,0.00215
tza,2014,0.00172
tza,2015,0.00159
tza,2016,0.00112
tza,2017,0.00115
tza,2018,0.00131
tza,2019,0.00149
uga,1990,0.33893
uga,1991,0.21938
uga,1992,0.17485
uga,1993,0.17425
uga,1994,0.15889
uga,1995,0.11838
uga,1996,0.13474
uga,1997,0.25509
uga,1998,0.05967
uga,1999,0.06072
uga,2000,0.13706
uga,2001,0.16459
uga,2002,0.16063
uga,2003,0.13567
uga,2004,0.11917
uga,2005,0.12362
uga,2006,0.07613
uga,2007,0.07238
uga,2008,0.0248
uga,2009,0.02405
uga,2010,0.01986
uga,2011,0.01697
uga,2012,0.01623
uga,2013,0.02291
uga,2014,0.01948
uga,2015,0.01652
uga,2016,0.01572
uga,2017,0.01547
uga,2018,0.01646
uga,2019,0.01691
ukr,1990,0
ukr,1991,0
ukr,1992,0.00007
ukr,1993,0.00026
ukr,1994,0.00179
ukr,1995,0.00334
ukr,1996,0.01207
ukr,1997,0.01265
ukr,1998,0.00924
ukr,1999,0.02483
ukr,2000,0.03954
ukr,2001,0.0552
ukr,2002,0.17771
ukr,2003,0.19786
ukr,2004,0.18972
ukr,2005,0.17963
ukr,2006,0.13672
ukr,2007,0.05604
ukr,2008,0.06158
ukr,2009,0.05334
ukr,2010,0.05484
ukr,2011,0.05563
ukr,2012,0.05556
ukr,2013,0.0114
ukr,2014,0.52675
ukr,2015,0.71551
ukr,2016,0.53468
ukr,2017,0.31371
ukr,2018,0.21078
ukr,2019,0.13604
ury,1990,0.02708
ury,1991,0.01919
ury,1992,0.0136
ury,1993,0.0051
ury,1994,0.01131
ury,1995,0.00813
ury,1996,0.00619
ury,1997,0.00272
ury,1998,0.00225
ury,1999,0.00118
ury,2000,0.00154
ury,2001,0.00138
ury,2002,0.00183
ury,2003,0.00171
ury,2004,0.00244
ury,2005,0.00334
ury,2006,0.0049
ury,2007,0.00591
ury,2008,0.00596
ury,2009,0.00561
ury,2010,0.00554
ury,2011,0.00546
ury,2012,0.00506
ury,2013,0.00434
ury,2014,0.00365
ury,2015,0.00267
ury,2016,0.00079
ury,2017,0.0002
ury,2018,0.00055
ury,2019,0.00069
usa,1990,0
usa,1991,0
usa,1992,0
usa,1993,0
usa,1994,0.00014
usa,1995,0.00009
usa,1996,0.00005
usa,1997,0.00003
usa,1998,0.00002
usa,1999,0.00001
usa,2000,0.00006
usa,2001,0.00008
usa,2002,0.00013
usa,2003,0.00014
usa,2004,0.00015
usa,2005,0.00023
usa,2006,0.00046
usa,2007,0.00072
usa,2008,0.0007
usa,2009,0.00077
usa,2010,0.00098
usa,2011,0.00121
usa,2012,0.00142
usa,2013,0.0015
usa,2014,0.00156
usa,2015,0.00151
usa,2016,0.0001
usa,2017,0.00009
usa,2018,0.0001
usa,2019,0.0001
uzb,1990,0
uzb,1991,0
uzb,1992,0
uzb,1993,0.00001
uzb,1994,0.1301
uzb,1995,0.00063
uzb,1996,0.30031
uzb,1997,0.29216
uzb,1998,0.21521
uzb,1999,0.18652
uzb,2000,0.01465
uzb,2001,0.01377
uzb,2002,0.02706
uzb,2003,0.0287
uzb,2004,0.02795
uzb,2005,0.03149
uzb,2006,0.03396
uzb,2007,0.02082
uzb,2008,0.02283
uzb,2009,0.02376
uzb,2010,0.031
uzb,2011,0.0437
uzb,2012,0.03937
uzb,2013,0.01654
uzb,2014,0.01576
uzb,2015,0.0136
uzb,2016,0.0122
uzb,2017,0.01058
uzb,2018,0.01011
uzb,2019,0.00979
vct,1990,0
vct,1991,0
vct,1992,0
vct,1993,0
vct,1994,0.00648
vct,1995,0.00648
vct,1996,0.01204
vct,1997,0.01205
vct,1998,0.02226
vct,1999,0.03341
vct,2000,0.04453
vct,2001,0.0621
vct,2002,0.07493
vct,2003,0.09693
vct,2004,0.16679
vct,2005,0.25687
vct,2006,0.35635
vct,2007,0.5953
vct,2008,0.69188
vct,2009,0.78398
vct,2010,0.87382
vct,2011,1.04048
vct,2012,1.21363
vct,2013,1.41313
vct,2014,1.59459
vct,2015,1.67041
vct,2016,1.21772
vct,2017,1.1846
vct,2018,1.13874
vct,2019,0.88252
ven,1990,0
ven,1991,0
ven,1992,0.00002
ven,1993,0.00064
ven,1994,0.00173
ven,1995,0.00217
ven,1996,0.00249
ven,1997,0.00266
ven,1998,0.00245
ven,1999,0.00234
ven,2000,0.00195
ven,2001,0.00189
ven,2002,0.0021
ven,2003,0.00234
ven,2004,0.00483
ven,2005,0.0098
ven,2006,0.01426
ven,2007,0.0187
ven,2008,0.02101
ven,2009,0.02219
ven,2010,0.02356
ven,2011,0.02623
ven,2012,0.02796
ven,2013,0.02819
ven,2014,0.02666
ven,2015,0.02478
ven,2016,0.02525
ven,2017,0.03145
ven,2018,0.07286
ven,2019,0.32716
vnm,1990,0.72957
vnm,1991,0.71766
vnm,1992,0.72952
vnm,1993,0.72977
vnm,1994,0.73196
vnm,1995,0.72559
vnm,1996,0.68141
vnm,1997,0.61814
vnm,1998,0.55743
vnm,1999,0.5129
vnm,2000,0.46397
vnm,2001,0.43747
vnm,2002,0.45838
vnm,2003,0.44128
vnm,2004,0.4211
vnm,2005,0.42736
vnm,2006,0.44232
vnm,2007,0.38372
vnm,2008,0.38053
vnm,2009,0.38957
vnm,2010,0.38503
vnm,2011,0.38013
vnm,2012,0.3752
vnm,2013,0.34611
vnm,2014,0.34173
vnm,2015,0.3379
vnm,2016,0.35172
vnm,2017,0.35311
vnm,2018,0.35007
vnm,2019,0.32804
vut,1990,0
vut,1991,0
vut,1992,0
vut,1993,0
vut,1994,0
vut,1995,0
vut,1996,0
vut,1997,0
vut,1998,0
vut,1999,0
vut,2000,0
vut,2001,0
vut,2002,0
vut,2003,0
vut,2004,0
vut,2005,0
vut,2006,0
vut,2007,0
vut,2008,0
vut,2009,0
vut,2010,0.00042
vut,2011,0.00041
vut,2012,0.0004
vut,2013,0.00039
vut,2014,0.00038
vut,2015,0.00037
vut,2016,0.00072
vut,2017,0
vut,2018,0.00034
vut,2019,0.00033
wsm,1990,0
wsm,1991,0
wsm,1992,0
wsm,1993,0
wsm,1994,0.00059
wsm,1995,0
wsm,1996,0
wsm,1997,0.00058
wsm,1998,0.00058
wsm,1999,0.00058
wsm,2000,0.00057
wsm,2001,0.00057
wsm,2002,0
wsm,2003,0
wsm,2004,0
wsm,2005,0
wsm,2006,0.00166
wsm,2007,0.0011
wsm,2008,0.00218
wsm,2009,0
wsm,2010,0.00054
wsm,2011,0.00053
wsm,2012,0.00053
wsm,2013,0.00052
wsm,2014,0.00052
wsm,2015,0.00052
wsm,2016,0.00051
wsm,2017,0
wsm,2018,0.00051
wsm,2019,0.00051
yem,1990,0.00007
yem,1991,0.00059
yem,1992,0.00024
yem,1993,0.00029
yem,1994,0.00105
yem,1995,0.00247
yem,1996,0.00746
yem,1997,0.01077
yem,1998,0.01176
yem,1999,0.01195
yem,2000,0.01214
yem,2001,0.01108
yem,2002,0.00868
yem,2003,0.00841
yem,2004,0.00822
yem,2005,0.00659
yem,2006,0.00658
yem,2007,0.00767
yem,2008,0.00812
yem,2009,0.00859
yem,2010,0.00897
yem,2011,0.00976
yem,2012,0.0106
yem,2013,0.00966
yem,2014,0.01019
yem,2015,0.05999
yem,2016,0.06792
yem,2017,0.08443
yem,2018,0.10932
yem,2019,0.12526
zaf,1990,0.04017
zaf,1991,0.02971
zaf,1992,0.0239
zaf,1993,0.02295
zaf,1994,0.00373
zaf,1995,0.00118
zaf,1996,0.00069
zaf,1997,0.00057
zaf,1998,0.00043
zaf,1999,0.00044
zaf,2000,0.00037
zaf,2001,0.00027
zaf,2002,0.0006
zaf,2003,0.00062
zaf,2004,0.00058
zaf,2005,0.00056
zaf,2006,0.00105
zaf,2007,0.00096
zaf,2008,0.00091
zaf,2009,0.00076
zaf,2010,0.00074
zaf,2011,0.00082
zaf,2012,0.00079
zaf,2013,0.00079
zaf,2014,0.00078
zaf,2015,0.00081
zaf,2016,0.0008
zaf,2017,0.00078
zaf,2018,0.00085
zaf,2019,0.00077
zmb,1990,0.00001
zmb,1991,0.00001
zmb,1992,0.02355
zmb,1993,0.01818
zmb,1994,0.00018
zmb,1995,0.00022
zmb,1996,0.00043
zmb,1997,0.00066
zmb,1998,0.00078
zmb,1999,0.00086
zmb,2000,0.00094
zmb,2001,0.00058
zmb,2002,0.00084
zmb,2003,0.00089
zmb,2004,0.00107
zmb,2005,0.00127
zmb,2006,0.00167
zmb,2007,0.00157
zmb,2008,0.00152
zmb,2009,0.00156
zmb,2010,0.00168
zmb,2011,0.00171
zmb,2012,0.00168
zmb,2013,0.00155
zmb,2014,0.00205
zmb,2015,0.00217
zmb,2016,0.00162
zmb,2017,0.00148
zmb,2018,0.00164
zmb,2019,0.00155
zwe,1990,0.00004
zwe,1991,0.0012
zwe,1992,0.00008
zwe,1993,0.00015
zwe,1994,0.00037
zwe,1995,0.00032
zwe,1996,0.00029
zwe,1997,0.00033
zwe,1998,0.00036
zwe,1999,0.00036
zwe,2000,0.00092
zwe,2001,0.00216
zwe,2002,0.03371
zwe,2003,0.05977
zwe,2004,0.0796
zwe,2005,0.09316
zwe,2006,0.10515
zwe,2007,0.11728
zwe,2008,0.13604
zwe,2009,0.17921
zwe,2010,0.18971
zwe,2011,0.19426
zwe,2012,0.16852
zwe,2013,0.14782
zwe,2014,0.16554
zwe,2015,0.1545
zwe,2016,0.12941
zwe,2017,0.12215
zwe,2018,0.10824
zwe,2019,0.07249
