world_4region,time,matfootp
africa,1970,1471654890
africa,1971,1518641140
africa,1972,1522108483
africa,1973,1535632064
africa,1974,1649757599
africa,1975,1648492006
africa,1976,1689225922
africa,1977,1737341330
africa,1978,1763598777
africa,1979,1782584547
africa,1980,1858899877
africa,1981,1872647913
africa,1982,1888970028
africa,1983,1888087525
africa,1984,1926848101
africa,1985,1995823504
africa,1986,2017478560
africa,1987,1995062641
africa,1988,2037115671
africa,1989,2095318198
africa,1990,2118518399
africa,1991,2139885087
africa,1992,2148086872
africa,1993,2415872131
africa,1994,2476001599
africa,1995,2496584192
africa,1996,2554994656
africa,1997,2546183918
africa,1998,2716379781
africa,1999,2743874834
africa,2000,2694345325
africa,2001,2781497091
africa,2002,2931731665
africa,2003,3110276716
africa,2004,3161121585
africa,2005,3307644839
africa,2006,3441788115
africa,2007,3718391639
africa,2008,3947962936
africa,2009,4047614268
africa,2010,4251297782
africa,2011,4299438258
africa,2012,4795547641
africa,2013,5029009138
africa,2014,5153774986
africa,2015,5222818188
africa,2016,5253518545
africa,2017,5344717743
africa,2018,5513739697
africa,2019,5703994520
africa,2020,5724050220
africa,2021,5875232995
africa,2022,5950052397
africa,2023,5971448611
africa,2024,6131069287
americas,1970,9578409387
americas,1971,9846231571
americas,1972,10029318998
americas,1973,10429819678
americas,1974,10409373831
americas,1975,10033571198
americas,1976,10395826008
americas,1977,10729984964
americas,1978,11102473566
americas,1979,11389940744
americas,1980,11101088971
americas,1981,11287263270
americas,1982,11050216490
americas,1983,10969072046
americas,1984,11798356527
americas,1985,12367399187
americas,1986,12315847896
americas,1987,12709561730
americas,1988,12813495990
americas,1989,12979779661
americas,1990,13201695344
americas,1991,12690943839
americas,1992,13389407730
americas,1993,13415037536
americas,1994,14208310231
americas,1995,14103928902
americas,1996,14429642682
americas,1997,15304263072
americas,1998,16106904350
americas,1999,16341018032
americas,2000,16901360417
americas,2001,16733994140
americas,2002,16776195141
americas,2003,16898408288
americas,2004,17601984118
americas,2005,18288117495
americas,2006,18561219742
americas,2007,18687638492
americas,2008,18239302025
americas,2009,16811365441
americas,2010,17542045976
americas,2011,18043015982
americas,2012,18526672237
americas,2013,19042499810
americas,2014,19233520636
americas,2015,19373046058
americas,2016,19194545702
americas,2017,19396087829
americas,2018,19395476269
americas,2019,19573103672
americas,2020,19189614705
americas,2021,19917316954
americas,2022,20174892116
americas,2023,20506741399
americas,2024,20706419331
asia,1970,7652535314
asia,1971,8025124665
asia,1972,8358776677
asia,1973,9014106326
asia,1974,9269802494
asia,1975,9429996048
asia,1976,9913019071
asia,1977,10338673767
asia,1978,10995464603
asia,1979,11192073456
asia,1980,11249235685
asia,1981,11549218165
asia,1982,11821179217
asia,1983,12552060496
asia,1984,13228649218
asia,1985,13481345794
asia,1986,14239867508
asia,1987,14912898758
asia,1988,16004052304
asia,1989,16548531451
asia,1990,16713997023
asia,1991,17108777687
asia,1992,19170299573
asia,1993,20157387944
asia,1994,20789541209
asia,1995,22215868412
asia,1996,23272952933
asia,1997,23281749464
asia,1998,22953619375
asia,1999,23331324231
asia,2000,24157072701
asia,2001,25384735753
asia,2002,26064864096
asia,2003,28250924129
asia,2004,30146125008
asia,2005,31438121264
asia,2006,33260909408
asia,2007,34899305916
asia,2008,36494526760
asia,2009,40036323836
asia,2010,43277066994
asia,2011,46923483633
asia,2012,49693170110
asia,2013,51822387570
asia,2014,53181377040
asia,2015,53218844830
asia,2016,54285172440
asia,2017,54688249911
asia,2018,54904646138
asia,2019,56397363208
asia,2020,56526871811
asia,2021,58472863436
asia,2022,58854357441
asia,2023,60143448046
asia,2024,61961895484
europe,1970,7506359677
europe,1971,7770775857
europe,1972,7972438937
europe,1973,8426855720
europe,1974,8290629113
europe,1975,8291580410
europe,1976,8448392953
europe,1977,8539048023
europe,1978,8819399747
europe,1979,9104510750
europe,1980,9067353755
europe,1981,8564948792
europe,1982,8515076181
europe,1983,8419427071
europe,1984,8470433305
europe,1985,8702983404
europe,1986,9278248010
europe,1987,9695983958
europe,1988,9953955374
europe,1989,10033110646
europe,1990,10097021428
europe,1991,9236633186
europe,1992,12381157185
europe,1993,12224784358
europe,1994,12087006876
europe,1995,12117697175
europe,1996,11951810755
europe,1997,12186698496
europe,1998,12478703853
europe,1999,12905712015
europe,2000,12771033726
europe,2001,12591760106
europe,2002,12935022408
europe,2003,13273339974
europe,2004,13959246814
europe,2005,14329098677
europe,2006,15037500057
europe,2007,15808774729
europe,2008,15781965343
europe,2009,13957161755
europe,2010,14096191355
europe,2011,14935644872
europe,2012,14140334213
europe,2013,14433321745
europe,2014,14175265747
europe,2015,13750502413
europe,2016,13962584137
europe,2017,14032695256
europe,2018,14387151846
europe,2019,14507795757
europe,2020,14357765213
europe,2021,14915477792
europe,2022,14753226432
europe,2023,15115800800
europe,2024,15466517941
