income_groups,time,matfootp_cap
high_income,1970,65.49
high_income,1971,71.29
high_income,1972,60.56
high_income,1973,63.65
high_income,1974,80.14
high_income,1975,71.61
high_income,1976,80.43
high_income,1977,73.81
high_income,1978,68.46
high_income,1979,77.46
high_income,1980,70.96
high_income,1981,57.48
high_income,1982,45.92
high_income,1983,37.58
high_income,1984,43.68
high_income,1985,33.66
high_income,1986,29.85
high_income,1987,31.69
high_income,1988,28.61
high_income,1989,30.87
high_income,1990,29.56
high_income,1991,26.84
high_income,1992,29.15
high_income,1993,29.03
high_income,1994,28.94
high_income,1995,29.27
high_income,1996,28.54
high_income,1997,28.65
high_income,1998,30.24
high_income,1999,29.74
high_income,2000,29.4
high_income,2001,29.17
high_income,2002,29.85
high_income,2003,31.29
high_income,2004,33.08
high_income,2005,34.52
high_income,2006,33.7
high_income,2007,33.79
high_income,2008,33.23
high_income,2009,30.78
high_income,2010,29.83
high_income,2011,30.43
high_income,2012,29.73
high_income,2013,29.39
high_income,2014,29.47
high_income,2015,28.91
high_income,2016,28.7
high_income,2017,28.6
high_income,2018,27.85
high_income,2019,27.64
high_income,2020,26.86
high_income,2021,27.94
high_income,2022,28
high_income,2023,28.32
high_income,2024,28.87
low_income,1970,4.25
low_income,1971,4.27
low_income,1972,4.19
low_income,1973,4.2
low_income,1974,4.2
low_income,1975,4.16
low_income,1976,4.1
low_income,1977,4.06
low_income,1978,3.65
low_income,1979,3.55
low_income,1980,3.49
low_income,1981,3.47
low_income,1982,3.48
low_income,1983,3.38
low_income,1984,3.32
low_income,1985,3.37
low_income,1986,3.36
low_income,1987,3.24
low_income,1988,3.29
low_income,1989,3.31
low_income,1990,3.26
low_income,1991,2.94
low_income,1992,3.11
low_income,1993,3.21
low_income,1994,3.17
low_income,1995,3.05
low_income,1996,3.06
low_income,1997,2.93
low_income,1998,3.08
low_income,1999,3.07
low_income,2000,2.89
low_income,2001,2.85
low_income,2002,2.93
low_income,2003,3.06
low_income,2004,2.97
low_income,2005,2.94
low_income,2006,3.03
low_income,2007,3.06
low_income,2008,3.06
low_income,2009,3.07
low_income,2010,3.17
low_income,2011,3.22
low_income,2012,3.51
low_income,2013,3.5
low_income,2014,3.63
low_income,2015,3.49
low_income,2016,3.38
low_income,2017,3.12
low_income,2018,3.16
low_income,2019,3.23
low_income,2020,3.33
low_income,2021,3.02
low_income,2022,3.03
low_income,2023,2.97
low_income,2024,2.95
lower_middle_income,1970,8.33
lower_middle_income,1971,8.54
lower_middle_income,1972,8.18
lower_middle_income,1973,8.22
lower_middle_income,1974,8.26
lower_middle_income,1975,8.23
lower_middle_income,1976,8.18
lower_middle_income,1977,8.31
lower_middle_income,1978,8.9
lower_middle_income,1979,8.95
lower_middle_income,1980,8.96
lower_middle_income,1981,8
lower_middle_income,1982,8
lower_middle_income,1983,7.8
lower_middle_income,1984,7.28
lower_middle_income,1985,7.15
lower_middle_income,1986,6.99
lower_middle_income,1987,7.07
lower_middle_income,1988,6.56
lower_middle_income,1989,6.36
lower_middle_income,1990,6.33
lower_middle_income,1991,6.55
lower_middle_income,1992,6.29
lower_middle_income,1993,6.02
lower_middle_income,1994,6.03
lower_middle_income,1995,5.96
lower_middle_income,1996,5.85
lower_middle_income,1997,6.3
lower_middle_income,1998,6.25
lower_middle_income,1999,6.19
lower_middle_income,2000,5.91
lower_middle_income,2001,6.14
lower_middle_income,2002,6.15
lower_middle_income,2003,6.12
lower_middle_income,2004,5.94
lower_middle_income,2005,5.85
lower_middle_income,2006,5.79
lower_middle_income,2007,6.19
lower_middle_income,2008,6.44
lower_middle_income,2009,6.49
lower_middle_income,2010,6.42
lower_middle_income,2011,6.69
lower_middle_income,2012,6.15
lower_middle_income,2013,6.27
lower_middle_income,2014,6.38
lower_middle_income,2015,5.82
lower_middle_income,2016,6.07
lower_middle_income,2017,5.83
lower_middle_income,2018,5.96
lower_middle_income,2019,6.01
lower_middle_income,2020,6.18
lower_middle_income,2021,6.44
lower_middle_income,2022,6.34
lower_middle_income,2023,6.17
lower_middle_income,2024,6.15
upper_middle_income,1970,20.85
upper_middle_income,1971,21.63
upper_middle_income,1972,22.6
upper_middle_income,1973,23.53
upper_middle_income,1974,22.27
upper_middle_income,1975,21.94
upper_middle_income,1976,22.13
upper_middle_income,1977,21.91
upper_middle_income,1978,22
upper_middle_income,1979,22.56
upper_middle_income,1980,21.5
upper_middle_income,1981,21.14
upper_middle_income,1982,22.71
upper_middle_income,1983,22.91
upper_middle_income,1984,20.93
upper_middle_income,1985,22.65
upper_middle_income,1986,22.07
upper_middle_income,1987,22.06
upper_middle_income,1988,21.4
upper_middle_income,1989,18.64
upper_middle_income,1990,19.14
upper_middle_income,1991,19.91
upper_middle_income,1992,16.54
upper_middle_income,1993,14.7
upper_middle_income,1994,14.25
upper_middle_income,1995,14.11
upper_middle_income,1996,13.88
upper_middle_income,1997,14.31
upper_middle_income,1998,14.99
upper_middle_income,1999,15.12
upper_middle_income,2000,14.32
upper_middle_income,2001,13.13
upper_middle_income,2002,13.56
upper_middle_income,2003,13.59
upper_middle_income,2004,13.28
upper_middle_income,2005,13.85
upper_middle_income,2006,12.94
upper_middle_income,2007,13.37
upper_middle_income,2008,13.08
upper_middle_income,2009,12.38
upper_middle_income,2010,12.89
upper_middle_income,2011,12.84
upper_middle_income,2012,13
upper_middle_income,2013,12.87
upper_middle_income,2014,12.32
upper_middle_income,2015,12.19
upper_middle_income,2016,11.74
upper_middle_income,2017,11.89
upper_middle_income,2018,11.97
upper_middle_income,2019,11.84
upper_middle_income,2020,11.53
upper_middle_income,2021,11.85
upper_middle_income,2022,11.74
upper_middle_income,2023,11.89
upper_middle_income,2024,11.39
