world_4region,time,matfootp_cap
africa,1970,4.76
africa,1971,4.82
africa,1972,4.75
africa,1973,4.75
africa,1974,4.98
africa,1975,4.83
africa,1976,4.88
africa,1977,4.8
africa,1978,4.61
africa,1979,4.61
africa,1980,4.71
africa,1981,4.57
africa,1982,4.46
africa,1983,4.28
africa,1984,4.19
africa,1985,4.21
africa,1986,4.04
africa,1987,3.88
africa,1988,3.88
africa,1989,3.85
africa,1990,3.86
africa,1991,3.7
africa,1992,3.65
africa,1993,3.9
africa,1994,3.9
africa,1995,3.94
africa,1996,3.83
africa,1997,3.98
africa,1998,4.03
africa,1999,3.96
africa,2000,3.75
africa,2001,3.77
africa,2002,3.88
africa,2003,4.26
africa,2004,4.04
africa,2005,4.08
africa,2006,4.24
africa,2007,4.54
africa,2008,4.61
africa,2009,5.11
africa,2010,5.59
africa,2011,5.09
africa,2012,5.48
africa,2013,5.51
africa,2014,5.46
africa,2015,5.2
africa,2016,5.02
africa,2017,4.79
africa,2018,4.84
africa,2019,4.96
africa,2020,4.86
africa,2021,4.8
africa,2022,4.72
africa,2023,4.64
africa,2024,4.68
americas,1970,10.22
americas,1971,10.32
americas,1972,9.96
americas,1973,10.31
americas,1974,10.6
americas,1975,10.17
americas,1976,10.38
americas,1977,10.67
americas,1978,10.81
americas,1979,10.78
americas,1980,10.81
americas,1981,10.71
americas,1982,10.23
americas,1983,9.88
americas,1984,10.03
americas,1985,9.98
americas,1986,9.88
americas,1987,10.02
americas,1988,10.02
americas,1989,10.04
americas,1990,9.95
americas,1991,9.62
americas,1992,10.12
americas,1993,9.92
americas,1994,10.14
americas,1995,10.06
americas,1996,10.38
americas,1997,11.26
americas,1998,11.83
americas,1999,11.57
americas,2000,11.5
americas,2001,11.11
americas,2002,10.91
americas,2003,10.38
americas,2004,10.75
americas,2005,11.26
americas,2006,11.6
americas,2007,12.23
americas,2008,12
americas,2009,11.3
americas,2010,11.85
americas,2011,12.32
americas,2012,12.41
americas,2013,12.92
americas,2014,12.25
americas,2015,12.21
americas,2016,11.84
americas,2017,11.93
americas,2018,11.79
americas,2019,11.87
americas,2020,11.27
americas,2021,12.89
americas,2022,13.06
americas,2023,13.26
americas,2024,13.31
asia,1970,14.91
asia,1971,15.58
asia,1972,16.14
asia,1973,16.89
asia,1974,19.53
asia,1975,18.07
asia,1976,19.3
asia,1977,18.38
asia,1978,17.94
asia,1979,19.34
asia,1980,19.38
asia,1981,18.36
asia,1982,17.26
asia,1983,16.48
asia,1984,16.72
asia,1985,15.84
asia,1986,14.19
asia,1987,14.18
asia,1988,14.16
asia,1989,14.53
asia,1990,14.06
asia,1991,14.87
asia,1992,13.37
asia,1993,13.18
asia,1994,12.6
asia,1995,12.97
asia,1996,13.1
asia,1997,13.27
asia,1998,13.14
asia,1999,12.33
asia,2000,12.48
asia,2001,13.31
asia,2002,13.51
asia,2003,14.02
asia,2004,14.47
asia,2005,15.4
asia,2006,15.41
asia,2007,16.35
asia,2008,16.39
asia,2009,15.54
asia,2010,15.15
asia,2011,16.02
asia,2012,16.16
asia,2013,16.33
asia,2014,16.69
asia,2015,16.49
asia,2016,16.56
asia,2017,16.26
asia,2018,16.39
asia,2019,16.39
asia,2020,15.72
asia,2021,16.13
asia,2022,16.32
asia,2023,16.43
asia,2024,16.7
europe,1970,16.78
europe,1971,17.39
europe,1972,18.07
europe,1973,19.04
europe,1974,18.41
europe,1975,18.17
europe,1976,18.61
europe,1977,18.82
europe,1978,19.29
europe,1979,19.75
europe,1980,19.6
europe,1981,18.6
europe,1982,18.39
europe,1983,17.98
europe,1984,18.29
europe,1985,19.05
europe,1986,20.25
europe,1987,21.18
europe,1988,21.52
europe,1989,21.68
europe,1990,21.77
europe,1991,19.45
europe,1992,16.12
europe,1993,15.54
europe,1994,15.37
europe,1995,15.89
europe,1996,15.67
europe,1997,16.23
europe,1998,17.49
europe,1999,18.69
europe,2000,18.06
europe,2001,17.93
europe,2002,18.75
europe,2003,19.56
europe,2004,20.81
europe,2005,21.31
europe,2006,21.66
europe,2007,22.53
europe,2008,22.24
europe,2009,19.69
europe,2010,19.78
europe,2011,19.98
europe,2012,18.81
europe,2013,18.83
europe,2014,18.6
europe,2015,18.16
europe,2016,18.6
europe,2017,18.95
europe,2018,19.53
europe,2019,19.88
europe,2020,19.46
europe,2021,20.95
europe,2022,20.73
europe,2023,21.4
europe,2024,21.95
