income_groups,time,matfootp
high_income,1970,114630453.9
high_income,1971,137014469.5
high_income,1972,216784612.3
high_income,1973,237041517.2
high_income,1974,355861202.4
high_income,1975,326978821.8
high_income,1976,397849258.8
high_income,1977,415736973.9
high_income,1978,424010970.5
high_income,1979,510893078.6
high_income,1980,803036585
high_income,1981,793955692.5
high_income,1982,627477318
high_income,1983,712455699.4
high_income,1984,838042423
high_income,1985,8412283120
high_income,1986,8356097065
high_income,1987,9590210514
high_income,1988,13578576902
high_income,1989,15603501329
high_income,1990,19166752949
high_income,1991,17347925813
high_income,1992,18311256876
high_income,1993,18734887615
high_income,1994,19546644206
high_income,1995,20964941344
high_income,1996,21060746493
high_income,1997,21867716491
high_income,1998,22726332995
high_income,1999,24181308461
high_income,2000,24826122618
high_income,2001,24574502707
high_income,2002,24795878499
high_income,2003,25110595686
high_income,2004,26661818295
high_income,2005,27408903865
high_income,2006,28307343621
high_income,2007,28507944813
high_income,2008,27516636047
high_income,2009,24834705252
high_income,2010,26114147621
high_income,2011,26340208385
high_income,2012,26096097169
high_income,2013,28247853598
high_income,2014,26701619871
high_income,2015,26550166891
high_income,2016,27086129423
high_income,2017,27240615755
high_income,2018,30005777526
high_income,2019,30654154343
high_income,2020,29714355274
high_income,2021,31133690976
high_income,2022,30958942064
high_income,2023,31612475020
high_income,2024,32230890512
low_income,1970,6269940303
low_income,1971,6451828069
low_income,1972,6167900014
low_income,1973,6271280692
low_income,1974,6381181729
low_income,1975,6505126602
low_income,1976,6535358742
low_income,1977,6815189047
low_income,1978,7151619060
low_income,1979,7154090675
low_income,1980,7239760782
low_income,1981,7454161212
low_income,1982,7973250667
low_income,1983,8565057294
low_income,1984,8568671612
low_income,1985,8949235760
low_income,1986,9412422876
low_income,1987,9809943720
low_income,1988,10449568789
low_income,1989,10778227317
low_income,1990,10277295339
low_income,1991,10741637439
low_income,1992,11814210592
low_income,1993,13298584602
low_income,1994,13651962866
low_income,1995,5072024032
low_income,1996,5258881854
low_income,1997,5318248882
low_income,1998,5494055828
low_income,1999,5566285897
low_income,2000,5222576870
low_income,2001,1781974229
low_income,2002,1875683531
low_income,2003,1968628708
low_income,2004,2008289952
low_income,2005,1984076869
low_income,2006,1691901377
low_income,2007,1724083270
low_income,2008,1549976663
low_income,2009,1603874614
low_income,2010,1673264820
low_income,2011,1769517411
low_income,2012,1795826510
low_income,2013,1840187601
low_income,2014,1942310223
low_income,2015,1937364847
low_income,2016,1755049761
low_income,2017,1696841307
low_income,2018,1766615886
low_income,2019,1794891345
low_income,2020,1941992039
low_income,2021,1897817938
low_income,2022,2083075232
low_income,2023,2094433075
low_income,2024,2103002122
lower_middle_income,1970,3860909787
lower_middle_income,1971,4060345342
lower_middle_income,1972,4508891341
lower_middle_income,1973,4797611611
lower_middle_income,1974,4826138500
lower_middle_income,1975,5438819644
lower_middle_income,1976,5699667372
lower_middle_income,1977,5719572999
lower_middle_income,1978,6352408924
lower_middle_income,1979,6545408410
lower_middle_income,1980,6056959784
lower_middle_income,1981,6164748784
lower_middle_income,1982,6230311816
lower_middle_income,1983,6348487849
lower_middle_income,1984,6582924614
lower_middle_income,1985,6670628993
lower_middle_income,1986,6801765192
lower_middle_income,1987,7028852910
lower_middle_income,1988,5999835228
lower_middle_income,1989,4518586642
lower_middle_income,1990,6956047632
lower_middle_income,1991,7139128518
lower_middle_income,1992,7471042199
lower_middle_income,1993,4954099216
lower_middle_income,1994,5524257049
lower_middle_income,1995,14693102977
lower_middle_income,1996,15432922994
lower_middle_income,1997,15405982144
lower_middle_income,1998,16075196462
lower_middle_income,1999,16542377016
lower_middle_income,2000,16958947701
lower_middle_income,2001,21170842914
lower_middle_income,2002,21430178190
lower_middle_income,2003,22966806966
lower_middle_income,2004,23913830125
lower_middle_income,2005,24800747079
lower_middle_income,2006,26656269762
lower_middle_income,2007,28177577155
lower_middle_income,2008,29818001285
lower_middle_income,2009,33578655064
lower_middle_income,2010,36491648429
lower_middle_income,2011,39359029647
lower_middle_income,2012,13039898479
lower_middle_income,2013,13097226436
lower_middle_income,2014,13395611671
lower_middle_income,2015,13808183366
lower_middle_income,2016,14815178912
lower_middle_income,2017,15199822476
lower_middle_income,2018,14118278805
lower_middle_income,2019,14495011748
lower_middle_income,2020,14309642395
lower_middle_income,2021,14117638446
lower_middle_income,2022,14345974547
lower_middle_income,2023,14697844960
lower_middle_income,2024,15289581836
upper_middle_income,1970,15963478724
upper_middle_income,1971,16511585352
upper_middle_income,1972,16989067128
upper_middle_income,1973,18100479969
upper_middle_income,1974,18056381606
upper_middle_income,1975,17132714593
upper_middle_income,1976,17813588581
upper_middle_income,1977,18394549064
upper_middle_income,1978,18752897740
upper_middle_income,1979,19258717333
upper_middle_income,1980,19176821137
upper_middle_income,1981,18861212451
upper_middle_income,1982,18444402115
upper_middle_income,1983,18202646296
upper_middle_income,1984,19434648502
upper_middle_income,1985,12515404017
upper_middle_income,1986,13281156841
upper_middle_income,1987,12884499943
upper_middle_income,1988,10780638421
upper_middle_income,1989,10756424668
upper_middle_income,1990,5731136274
upper_middle_income,1991,5947548027
upper_middle_income,1992,9492441694
upper_middle_income,1993,11225510536
upper_middle_income,1994,10837995795
upper_middle_income,1995,10204010328
upper_middle_income,1996,10456849686
upper_middle_income,1997,10726947431
upper_middle_income,1998,9960022073
upper_middle_income,1999,9031957737
upper_middle_income,2000,9516164979
upper_middle_income,2001,9964667241
upper_middle_income,2002,10606073089
upper_middle_income,2003,11486917746
upper_middle_income,2004,12284539154
upper_middle_income,2005,13169254461
upper_middle_income,2006,13645902562
upper_middle_income,2007,14704505536
upper_middle_income,2008,15579143070
upper_middle_income,2009,14835230369
upper_middle_income,2010,14887541237
upper_middle_income,2011,16732827304
upper_middle_income,2012,46223902044
upper_middle_income,2013,47141950629
upper_middle_income,2014,49704396644
upper_middle_income,2015,49269496385
upper_middle_income,2016,49039462729
upper_middle_income,2017,49324471201
upper_middle_income,2018,48310341733
upper_middle_income,2019,49238199722
upper_middle_income,2020,49832312241
upper_middle_income,2021,52031743817
upper_middle_income,2022,52344536543
upper_middle_income,2023,53332685799
upper_middle_income,2024,54642427573
