global,time,num_countries_fhos
world,1940,0
world,1941,0
world,1942,0
world,1943,0
world,1944,0
world,1945,0
world,1946,0
world,1947,0
world,1948,0
world,1949,0
world,1950,0
world,1951,0
world,1952,0
world,1953,1
world,1954,1
world,1955,1
world,1956,1
world,1957,1
world,1958,1
world,1959,1
world,1960,2
world,1961,2
world,1962,2
world,1963,2
world,1964,2
world,1965,2
world,1966,3
world,1967,3
world,1968,4
world,1969,5
world,1970,5
world,1971,5
world,1972,5
world,1973,5
world,1974,6
world,1975,7
world,1976,7
world,1977,7
world,1978,7
world,1979,10
world,1980,12
world,1981,13
world,1982,15
world,1983,15
world,1984,16
world,1985,16
world,1986,17
world,1987,17
world,1988,18
world,1989,18
world,1990,22
world,1991,24
world,1992,25
world,1993,29
world,1994,30
world,1995,30
world,1996,31
world,1997,34
world,1998,34
world,1999,36
world,2000,37
world,2001,39
world,2002,40
world,2003,41
world,2004,43
world,2005,46
world,2006,48
world,2007,48
world,2008,49
world,2009,52
world,2010,57
world,2011,61
world,2012,64
world,2013,66
world,2014,66
world,2015,68
world,2016,71
world,2017,72
world,2018,76
world,2019,77
world,2020,78
world,2021,83
world,2022,87
world,2023,89
world,2024,91
world,2025,96
