global,time,matfootp_cap
world,1970,8.46
world,1971,8.56
world,1972,8.59
world,1973,8.9
world,1974,8.75
world,1975,8.53
world,1976,8.71
world,1977,8.77
world,1978,8.96
world,1979,8.95
world,1980,8.74
world,1981,8.58
world,1982,8.46
world,1983,8.45
world,1984,8.64
world,1985,8.73
world,1986,8.83
world,1987,8.95
world,1988,9.07
world,1989,9.08
world,1990,9.01
world,1991,8.7
world,1992,8.91
world,1993,8.92
world,1994,9.05
world,1995,9.17
world,1996,9.24
world,1997,9.3
world,1998,9.33
world,1999,9.38
world,2000,9.46
world,2001,9.49
world,2002,9.56
world,2003,9.82
world,2004,10.21
world,2005,10.47
world,2006,10.79
world,2007,11.08
world,2008,11.1
world,2009,11.02
world,2010,11.5
world,2011,12.08
world,2012,12.31
world,2013,12.6
world,2014,12.64
world,2015,12.46
world,2016,12.47
world,2017,12.43
world,2018,12.4
world,2019,12.52
world,2020,12.34
world,2021,12.67
world,2022,12.63
world,2023,12.77
world,2024,12.97
