world_4region,time,ndisasd_noep_tot
africa,1900,11000
africa,1901,0
africa,1902,0
africa,1903,17
africa,1904,0
africa,1905,0
africa,1906,0
africa,1907,0
africa,1908,0
africa,1909,100
africa,1910,85012
africa,1911,0
africa,1912,0
africa,1913,0
africa,1914,0
africa,1915,0
africa,1916,0
africa,1917,0
africa,1918,0
africa,1919,0
africa,1920,24000
africa,1921,0
africa,1922,0
africa,1923,0
africa,1924,0
africa,1925,0
africa,1926,12
africa,1927,3000
africa,1928,0
africa,1929,0
africa,1930,0
africa,1931,0
africa,1932,0
africa,1933,0
africa,1934,0
africa,1935,0
africa,1936,0
africa,1937,0
africa,1938,0
africa,1939,22
africa,1940,20000
africa,1941,0
africa,1942,0
africa,1943,0
africa,1944,0
africa,1945,0
africa,1946,30276
africa,1947,0
africa,1948,0
africa,1949,0
africa,1950,0
africa,1951,631
africa,1952,60
africa,1953,0
africa,1954,1280
africa,1955,20
africa,1956,107
africa,1957,13
africa,1958,0
africa,1959,51
africa,1960,12099
africa,1961,230
africa,1962,40
africa,1963,469
africa,1964,179
africa,1965,2077
africa,1966,185
africa,1967,184
africa,1968,224
africa,1969,743
africa,1970,81
africa,1971,500
africa,1972,93
africa,1973,119132
africa,1974,62
africa,1975,43
africa,1976,16
africa,1977,649
africa,1978,296
africa,1979,74
africa,1980,5633
africa,1981,100284
africa,1982,371
africa,1983,450361
africa,1984,421
africa,1985,140
africa,1986,1868
africa,1987,1597
africa,1988,842
africa,1989,404
africa,1990,327
africa,1991,580
africa,1992,600
africa,1993,173
africa,1994,1797
africa,1995,1288
africa,1996,451
africa,1997,3249
africa,1998,428
africa,1999,975
africa,2000,1430
africa,2001,1722
africa,2002,1469
africa,2003,2916
africa,2004,1702
africa,2005,665
africa,2006,1505
africa,2007,1124
africa,2008,896
africa,2009,735
africa,2010,21337
africa,2011,792
africa,2012,1030
africa,2013,948
africa,2014,592
africa,2015,1332
africa,2016,1020
africa,2017,2003
africa,2018,1017
africa,2019,2746
africa,2020,1341
africa,2021,557
africa,2022,5100
africa,2023,22015
africa,2024,3557
africa,2025,3085
americas,1900,6300
americas,1901,0
americas,1902,10565
americas,1903,489
americas,1904,0
americas,1905,18
americas,1906,21398
americas,1907,1200
americas,1908,33
americas,1909,666
americas,1910,2542
americas,1911,118
americas,1912,170
americas,1913,882
americas,1914,34
americas,1915,2187
americas,1916,0
americas,1917,2707
americas,1918,1034
americas,1919,500
americas,1920,1272
americas,1921,0
americas,1922,1043
americas,1923,304
americas,1924,40
americas,1925,765
americas,1926,968
americas,1927,333
americas,1928,2083
americas,1929,60
americas,1930,5000
americas,1931,4190
americas,1932,3272
americas,1933,232
americas,1934,2000
americas,1935,2593
americas,1936,2766
americas,1937,322
americas,1938,800
americas,1939,30037
americas,1940,363
americas,1941,5000
americas,1942,230
americas,1943,212
americas,1944,10543
americas,1945,196
americas,1946,1690
americas,1947,541
americas,1948,411
americas,1949,48236
americas,1950,882
americas,1951,1914
americas,1952,468
americas,1953,563
americas,1954,1265
americas,1955,1554
americas,1956,309
americas,1957,741
americas,1958,638
americas,1959,3483
americas,1960,6501
americas,1961,1132
americas,1962,2580
americas,1963,8095
americas,1964,680
americas,1965,2044
americas,1966,2341
americas,1967,2054
americas,1968,467
americas,1969,1650
americas,1970,67679
americas,1971,1751
americas,1972,11200
americas,1973,4483
americas,1974,9655
americas,1975,411
americas,1976,24037
americas,1977,436
americas,1978,364
americas,1979,2762
americas,1980,2063
americas,1981,683
americas,1982,3243
americas,1983,2324
americas,1984,989
americas,1985,32244
americas,1986,1898
americas,1987,6890
americas,1988,1865
americas,1989,749
americas,1990,1049
americas,1991,701
americas,1992,646
americas,1993,2083
americas,1994,2048
americas,1995,1732
americas,1996,915
americas,1997,2203
americas,1998,21054
americas,1999,32755
americas,2000,964
americas,2001,2027
americas,2002,1035
americas,2003,1369
americas,2004,6835
americas,2005,4420
americas,2006,658
americas,2007,2119
americas,2008,1778
americas,2009,1381
americas,2010,225728
americas,2011,2634
americas,2012,1121
americas,2013,916
americas,2014,1107
americas,2015,1260
americas,2016,1769
americas,2017,1688
americas,2018,964
americas,2019,927
americas,2020,1165
americas,2021,4523
americas,2022,1665
americas,2023,1514
americas,2024,2330
americas,2025,1365
asia,1900,1250030
asia,1901,18
asia,1902,3225
asia,1903,370
asia,1904,148
asia,1905,20292
asia,1906,11553
asia,1907,12000
asia,1908,0
asia,1909,5474
asia,1910,1439
asia,1911,103587
asia,1912,51000
asia,1913,1080
asia,1914,254
asia,1915,170
asia,1916,481
asia,1917,20854
asia,1918,10100
asia,1919,5000
asia,1920,680000
asia,1921,0
asia,1922,100032
asia,1923,153959
asia,1924,3129
asia,1925,6004
asia,1926,2844
asia,1927,49937
asia,1928,3000164
asia,1929,3270
asia,1930,3995
asia,1931,3711806
asia,1932,1223
asia,1933,31200
asia,1934,3591
asia,1935,268972
asia,1936,3047
asia,1937,12128
asia,1938,1259
asia,1939,500098
asia,1940,254
asia,1941,7417
asia,1942,1601120
asia,1943,1907603
asia,1944,1596
asia,1945,10540
asia,1946,2318
asia,1947,6830
asia,1948,9811
asia,1949,59638
asia,1950,5943
asia,1951,15371
asia,1952,2079
asia,1953,8039
asia,1954,38739
asia,1955,3973
asia,1956,7115
asia,1957,9571
asia,1958,3388
asia,1959,2009673
asia,1960,20007
asia,1961,15810
asia,1962,13790
asia,1963,24858
asia,1964,11379
asia,1965,1560326
asia,1966,11695
asia,1967,3880
asia,1968,20777
asia,1969,5705
asia,1970,316468
asia,1971,12166
asia,1972,8640
asia,1973,5411
asia,1974,57236
asia,1975,23830
asia,1976,251081
asia,1977,18369
asia,1978,34313
asia,1979,3729
asia,1980,11702
asia,1981,12809
asia,1982,5401
asia,1983,5631
asia,1984,6683
asia,1985,20781
asia,1986,3462
asia,1987,9011
asia,1988,14344
asia,1989,9030
asia,1990,49099
asia,1991,157135
asia,1992,9922
asia,1993,18216
asia,1994,8885
asia,1995,16928
asia,1996,13160
asia,1997,13394
asia,1998,27301
asia,1999,17968
asia,2000,6506
asia,2001,26341
asia,2002,8910
asia,2003,33257
asia,2004,232721
asia,2005,83496
asia,2006,16685
asia,2007,12822
asia,2008,232430
asia,2009,8108
asia,2010,14404
asia,2011,26787
asia,2012,6374
asia,2013,18907
asia,2014,5993
asia,2015,16398
asia,2016,5152
asia,2017,5627
asia,2018,9369
asia,2019,5322
asia,2020,6075
asia,2021,5080
asia,2022,7715
asia,2023,11424
asia,2024,10747
asia,2025,12424
europe,1900,140
europe,1901,0
europe,1902,4648
europe,1903,6260
europe,1904,4
europe,1905,677
europe,1906,706
europe,1907,0
europe,1908,75000
europe,1909,76
europe,1910,0
europe,1911,0
europe,1912,923
europe,1913,0
europe,1914,4134
europe,1915,29980
europe,1916,0
europe,1917,0
europe,1918,0
europe,1919,0
europe,1920,1600
europe,1921,1200000
europe,1922,100
europe,1923,23
europe,1924,110
europe,1925,203
europe,1926,1028
europe,1927,0
europe,1928,348
europe,1929,0
europe,1930,2083
europe,1931,2980
europe,1932,181
europe,1933,10
europe,1934,120
europe,1935,540
europe,1936,73
europe,1937,0
europe,1938,149
europe,1939,33045
europe,1940,1033
europe,1941,585
europe,1942,3076
europe,1943,5159
europe,1944,4033
europe,1945,600
europe,1946,1252
europe,1947,3
europe,1948,110439
europe,1949,15900
europe,1950,20
europe,1951,309
europe,1952,4279
europe,1953,3914
europe,1954,563
europe,1955,8
europe,1956,206
europe,1957,229
europe,1958,35
europe,1959,0
europe,1960,12
europe,1961,209
europe,1962,823
europe,1963,2999
europe,1964,23
europe,1965,266
europe,1966,2677
europe,1967,775
europe,1968,529
europe,1969,96
europe,1970,1817
europe,1971,1357
europe,1972,33
europe,1973,568
europe,1974,72
europe,1975,2485
europe,1976,4941
europe,1977,1786
europe,1978,63
europe,1979,261
europe,1980,4811
europe,1981,167
europe,1982,120
europe,1983,1519
europe,1984,508
europe,1985,612
europe,1986,74
europe,1987,1409
europe,1988,25187
europe,1989,456
europe,1990,378
europe,1991,237
europe,1992,1047
europe,1993,677
europe,1994,355
europe,1995,2780
europe,1996,164
europe,1997,424
europe,1998,899
europe,1999,18907
europe,2000,719
europe,2001,1353
europe,2002,1067
europe,2003,72474
europe,2004,235
europe,2005,1051
europe,2006,4641
europe,2007,845
europe,2008,210
europe,2009,884
europe,2010,56540
europe,2011,736
europe,2012,1321
europe,2013,897
europe,2014,272
europe,2015,3897
europe,2016,416
europe,2017,337
europe,2018,1345
europe,2019,2939
europe,2020,6933
europe,2021,413
europe,2022,61781
europe,2023,100931
europe,2024,63134
europe,2025,24378
