global,time,ndisasd_noep_rate
world,1900,770.45527
world,1901,0.01086
world,1902,28.97202
world,1903,4.23179
world,1904,0.08937
world,1905,12.23282
world,1906,19.4482
world,1907,7.56109
world,1908,42.60366
world,1909,3.55629
world,1910,49.71015
world,1911,57.49243
world,1912,28.67178
world,1913,1.07251
world,1914,2.40061
world,1915,17.43307
world,1916,0.2575
world,1917,12.52493
world,1918,5.93816
world,1919,2.88157
world,1920,367.46981
world,1921,618.80616
world,1922,51.73905
world,1923,78.2204
world,1924,1.64799
world,1925,3.47347
world,1926,2.39604
world,1927,26.07348
world,1928,1457.67363
world,1929,1.60057
world,1930,5.27438
world,1931,1753.45281
world,1932,2336.22647
world,1933,14.52711
world,1934,2.61168
world,1935,123.16694
world,1936,2.63666
world,1937,5.51918
world,1938,0.9686
world,1939,244.62693
world,1940,9.31621
world,1941,5.54593
world,1942,678.74079
world,1943,803.11058
world,1944,6.73838
world,1945,4.69658
world,1946,14.5907
world,1947,3.00076
world,1948,48.75661
world,1949,49.41953
world,1950,2.69867
world,1951,7.0537
world,1952,2.61739
world,1953,4.67432
world,1954,15.35756
world,1955,2.00359
world,1956,2.74124
world,1957,3.68217
world,1958,1.38805
world,1959,675.66926
world,1960,12.72641
world,1961,5.62157
world,1962,5.47197
world,1963,11.34568
world,1964,3.74926
world,1965,468.53537
world,1966,4.99366
world,1967,1.98576
world,1968,6.19355
world,1969,2.25999
world,1970,104.35254
world,1971,4.1777
world,1972,5.19855
world,1973,32.99421
world,1974,16.74037
world,1975,6.58368
world,1976,67.41431
world,1977,5.02186
world,1978,8.13933
world,1979,1.55895
world,1980,5.45379
world,1981,25.23101
world,1982,2.40916
world,1983,97.84769
world,1984,1.80957
world,1985,11.1636
world,1986,1.47221
world,1987,3.74704
world,1988,8.20884
world,1989,2.05081
world,1990,9.55956
world,1991,29.37135
world,1992,2.22553
world,1993,3.79282
world,1994,2.31055
world,1995,110.15225
world,1996,2.52503
world,1997,3.27686
world,1998,8.31123
world,1999,11.64433
world,2000,1.56767
world,2001,5.05446
world,2002,1.98325
world,2003,17.24288
world,2004,37.37967
world,2005,13.70411
world,2006,3.54645
world,2007,2.52269
world,2008,34.66121
world,2009,1.62118
world,2010,45.71195
world,2011,4.3957
world,2012,1.38173
world,2013,3.00503
world,2014,1.09345
world,2015,3.1013
world,2016,1.11964
world,2017,1.29507
world,2018,1.66385
world,2019,1.54716
world,2020,1.99094
world,2021,1.34274
world,2022,9.59108
world,2023,16.9185
world,2024,9.84251
world,2025,5.04103
