global,time,ndisasd_rate
world,1900,770.65587
world,1901,120.63755
world,1902,29.04081
world,1903,4.63861
world,1904,0.74256
world,1905,12.24214
world,1906,20.80323
world,1907,752.25652
world,1908,43.08629
world,1909,848.31077
world,1910,83.28223
world,1911,57.61716
world,1912,30.32297
world,1913,1.45625
world,1914,3.05369
world,1915,18.01476
world,1916,0.98557
world,1917,1342.75442
world,1918,243.70162
world,1919,2.88157
world,1920,1667.13035
world,1921,619.66476
world,1922,51.87252
world,1923,131.15451
world,1924,152.43663
world,1925,3.48045
world,1926,211.28451
world,1927,26.12341
world,1928,1457.9351
world,1929,1.63518
world,1930,5.4734
world,1931,1753.69657
world,1932,2336.24187
world,1933,14.6902
world,1934,3.39642
world,1935,124.15773
world,1936,2.80374
world,1937,5.91461
world,1938,1.16293
world,1939,244.91404
world,1940,10.1153
world,1941,5.68968
world,1942,679.8424
world,1943,803.28774
world,1944,7.35838
world,1945,4.73876
world,1946,14.91564
world,1947,7.75746
world,1948,49.36109
world,1949,50.23803
world,1950,2.99752
world,1951,7.09975
world,1952,2.75423
world,1953,5.0814
world,1954,16.65341
world,1955,2.22285
world,1956,3.85127
world,1957,3.91257
world,1958,1.58253
world,1959,675.8807
world,1960,12.99231
world,1961,5.76905
world,1962,5.59862
world,1963,11.88228
world,1964,4.2459
world,1965,469.14533
world,1966,5.1169
world,1967,3.18906
world,1968,6.31828
world,1969,3.31248
world,1970,104.94436
world,1971,4.99052
world,1972,5.82659
world,1973,33.24091
world,1974,17.46943
world,1975,7.03325
world,1976,67.76356
world,1977,5.70185
world,1978,9.48093
world,1979,2.39333
world,1980,6.36047
world,1981,26.38728
world,1982,3.48032
world,1983,98.89055
world,1984,4.62269
world,1985,13.30693
world,1986,3.45021
world,1987,6.59295
world,1988,12.70274
world,1989,4.35804
world,1990,11.60134
world,1991,36.76623
world,1992,4.79476
world,1993,5.60897
world,1994,4.39102
world,1995,112.20145
world,1996,7.03841
world,1997,6.43788
world,1998,11.91536
world,1999,14.11702
world,2000,2.70384
world,2001,6.4214
world,2002,3.31827
world,2003,17.72821
world,2004,37.87323
world,2005,14.29155
world,2006,4.50863
world,2007,3.34017
world,2008,35.6444
world,2009,2.33356
world,2010,47.45743
world,2011,4.84648
world,2012,1.64584
world,2013,3.07909
world,2014,2.86322
world,2015,3.29711
world,2016,1.43756
world,2017,1.5782
world,2018,2.09524
world,2019,2.93863
world,2020,2.02263
world,2021,1.85639
world,2022,10.12377
world,2023,17.32476
world,2024,10.36652
world,2025,5.1918
