global,time,ndisasd_tot
world,1900,1267800
world,1901,200036
world,1902,48553
world,1903,7822
world,1904,1263
world,1905,21003
world,1906,36002
world,1907,1313275
world,1908,75883
world,1909,1506606
world,1910,149095
world,1911,103930
world,1912,55093
world,1913,2664
world,1914,5625
world,1915,33416
world,1916,1841
world,1917,2525893
world,1918,461699
world,1919,5500
world,1920,3206924
world,1921,1201665
world,1922,101436
world,1923,258696
world,1924,303303
world,1925,6986
world,1926,427852
world,1927,53372
world,1928,3005434
world,1929,3402
world,1930,11496
world,1931,3719493
world,1932,5004934
world,1933,31795
world,1934,7427
world,1935,274308
world,1936,6259
world,1937,13342
world,1938,2651
world,1939,563866
world,1940,23507
world,1941,13339
world,1942,1607030
world,1943,1913396
world,1944,17660
world,1945,11460
world,1946,36355
world,1947,19063
world,1948,122326
world,1949,125824
world,1950,7603
world,1951,18346
world,1952,7246
world,1953,13606
world,1954,45378
world,1955,6164
world,1956,10870
world,1957,11242
world,1958,4630
world,1959,2013838
world,1960,39431
world,1961,17837
world,1962,17638
world,1963,38154
world,1964,13901
world,1965,1566750
world,1966,17438
world,1967,11094
world,1968,22440
world,1969,12010
world,1970,388340
world,1971,18843
world,1972,22442
world,1973,130563
world,1974,69944
world,1975,28692
world,1976,281535
world,1977,24116
world,1978,40811
world,1979,10484
world,1980,28355
world,1981,119719
world,1982,16070
world,1983,464743
world,1984,22115
world,1985,64817
world,1986,17115
world,1987,33311
world,1988,65361
world,1989,22825
world,1990,61803
world,1991,199063
world,1992,26366
world,1993,31307
world,1994,24867
world,1995,644509
world,1996,40998
world,1997,38016
world,1998,71311
world,1999,85609
world,2000,16611
world,2001,39958
world,2002,20911
world,2003,113127
world,2004,244705
world,2005,93494
world,2006,29863
world,2007,22399
world,2008,241993
world,2009,16038
world,2010,330153
world,2011,34125
world,2012,11728
world,2013,22202
world,2014,20888
world,2015,24332
world,2016,10730
world,2017,11912
world,2018,15989
world,2019,22667
world,2020,15766
world,2021,14619
world,2022,80524
world,2023,139149
world,2024,84058
world,2025,42492
