global,time,matfootp
world,1970,31121602149
world,1971,32131297619
world,1972,32876394948
world,1973,34723571479
world,1974,34816723832
world,1975,34567106903
world,1976,35913115242
world,1977,36796601013
world,1978,38243682110
world,1979,38879135889
world,1980,38671253956
world,1981,38637217247
world,1982,38810320377
world,1983,39478027218
world,1984,41091702380
world,1985,42261931803
world,1986,43531788894
world,1987,44930153544
world,1988,46337390971
world,1989,47235662405
world,1990,47712202951
world,1991,46860441571
world,1992,48740973888
world,1993,49540671843
world,1994,51024809429
world,1995,52423443193
world,1996,53628571319
world,1997,54724562701
world,1998,55656713955
world,1999,56678481868
world,2000,57924481421
world,2001,58872631483
world,2002,60103086695
world,2003,62523190351
world,2004,65893514267
world,2005,68400567059
world,2006,71409354780
world,2007,74240626196
world,2008,75355306555
world,2009,75727910608
world,2010,80042423952
world,2011,85129776978
world,2012,87841510745
world,2013,91011058737
world,2014,92422796022
world,2015,92239319994
world,2016,93382697239
world,2017,94176740983
world,2018,94945817483
world,2019,96903477160
world,2020,96472084040
world,2021,99881807046
world,2022,100416160798
world,2023,102435855581
world,2024,104980222876
