world_4region,time,ndisasd_tot
africa,1900,11000
africa,1901,200000
africa,1902,0
africa,1903,17
africa,1904,0
africa,1905,0
africa,1906,0
africa,1907,0
africa,1908,0
africa,1909,100
africa,1910,85012
africa,1911,0
africa,1912,0
africa,1913,0
africa,1914,0
africa,1915,0
africa,1916,0
africa,1917,0
africa,1918,0
africa,1919,0
africa,1920,24000
africa,1921,0
africa,1922,0
africa,1923,100000
africa,1924,0
africa,1925,0
africa,1926,12
africa,1927,3000
africa,1928,0
africa,1929,0
africa,1930,0
africa,1931,0
africa,1932,0
africa,1933,0
africa,1934,0
africa,1935,2012
africa,1936,0
africa,1937,12
africa,1938,11
africa,1939,22
africa,1940,21500
africa,1941,20
africa,1942,25
africa,1943,33
africa,1944,0
africa,1945,0
africa,1946,30276
africa,1947,10276
africa,1948,44
africa,1949,0
africa,1950,0
africa,1951,631
africa,1952,75
africa,1953,0
africa,1954,1280
africa,1955,20
africa,1956,107
africa,1957,13
africa,1958,65
africa,1959,99
africa,1960,12551
africa,1961,230
africa,1962,40
africa,1963,469
africa,1964,179
africa,1965,2601
africa,1966,385
africa,1967,184
africa,1968,224
africa,1969,3709
africa,1970,1109
africa,1971,2812
africa,1972,114
africa,1973,119414
africa,1974,169
africa,1975,211
africa,1976,412
africa,1977,1389
africa,1978,602
africa,1979,432
africa,1980,6278
africa,1981,102777
africa,1982,663
africa,1983,451563
africa,1984,1897
africa,1985,3682
africa,1986,5065
africa,1987,5230
africa,1988,12415
africa,1989,3400
africa,1990,2472
africa,1991,15952
africa,1992,6504
africa,1993,2136
africa,1994,5179
africa,1995,6529
africa,1996,18165
africa,1997,14036
africa,1998,11960
africa,1999,7809
africa,2000,6635
africa,2001,9910
africa,2002,6297
africa,2003,5647
africa,2004,4079
africa,2005,3640
africa,2006,7834
africa,2007,5797
africa,2008,7385
africa,2009,4384
africa,2010,25467
africa,2011,3667
africa,2012,2643
africa,2013,1265
africa,2014,13497
africa,2015,2568
africa,2016,3019
africa,2017,3591
africa,2018,3767
africa,2019,11027
africa,2020,1557
africa,2021,4602
africa,2022,8708
africa,2023,24875
africa,2024,6926
africa,2025,4310
americas,1900,6630
americas,1901,0
americas,1902,10680
americas,1903,1091
americas,1904,1096
americas,1905,18
americas,1906,22586
americas,1907,1275
americas,1908,485
americas,1909,916
americas,1910,2605
americas,1911,343
americas,1912,170
americas,1913,1117
americas,1914,1237
americas,1915,2999
americas,1916,271
americas,1917,4372
americas,1918,51701
americas,1919,500
americas,1920,1272
americas,1921,0
americas,1922,1077
americas,1923,304
americas,1924,40
americas,1925,779
americas,1926,968
americas,1927,409
americas,1928,2622
americas,1929,74
americas,1930,5333
americas,1931,4190
americas,1932,3288
americas,1933,242
americas,1934,2137
americas,1935,2634
americas,1936,2871
americas,1937,365
americas,1938,881
americas,1939,30574
americas,1940,615
americas,1941,5166
americas,1942,921
americas,1943,494
americas,1944,10842
americas,1945,196
americas,1946,1994
americas,1947,1133
americas,1948,411
americas,1949,48386
americas,1950,1013
americas,1951,2009
americas,1952,487
americas,1953,1085
americas,1954,1405
americas,1955,1854
americas,1956,3152
americas,1957,988
americas,1958,908
americas,1959,3518
americas,1960,6726
americas,1961,1476
americas,1962,2677
americas,1963,8523
americas,1964,1057
americas,1965,2051
americas,1966,2350
americas,1967,2143
americas,1968,542
americas,1969,2277
americas,1970,68146
americas,1971,1822
americas,1972,11930
americas,1973,4569
americas,1974,11410
americas,1975,624
americas,1976,24588
americas,1977,938
americas,1978,1925
americas,1979,2890
americas,1980,2542
americas,1981,1488
americas,1982,3930
americas,1983,2685
americas,1984,2384
americas,1985,32722
americas,1986,2848
americas,1987,8221
americas,1988,3044
americas,1989,2816
americas,1990,2366
americas,1991,13656
americas,1992,3020
americas,1993,4698
americas,1994,2866
americas,1995,2505
americas,1996,2625
americas,1997,3296
americas,1998,22036
americas,1999,34050
americas,2000,996
americas,2001,2028
americas,2002,1323
americas,2003,1713
americas,2004,6835
americas,2005,4420
americas,2006,678
americas,2007,2120
americas,2008,1936
americas,2009,1465
americas,2010,232895
americas,2011,2679
americas,2012,1360
americas,2013,1048
americas,2014,1111
americas,2015,1430
americas,2016,2056
americas,2017,1842
americas,2018,987
americas,2019,1295
americas,2020,1196
americas,2021,4523
americas,2022,2176
americas,2023,1690
americas,2024,2352
americas,2025,1365
asia,1900,1250030
asia,1901,18
asia,1902,3225
asia,1903,370
asia,1904,148
asia,1905,20292
asia,1906,11553
asia,1907,1312000
asia,1908,20
asia,1909,1505514
asia,1910,61478
asia,1911,103587
asia,1912,52000
asia,1913,1080
asia,1914,254
asia,1915,170
asia,1916,1481
asia,1917,20854
asia,1918,409800
asia,1919,5000
asia,1920,3180040
asia,1921,1000
asia,1922,100049
asia,1923,157759
asia,1924,303129
asia,1925,6004
asia,1926,425844
asia,1927,49937
asia,1928,3000164
asia,1929,3270
asia,1930,3995
asia,1931,3711806
asia,1932,1223
asia,1933,31200
asia,1934,5102
asia,1935,268972
asia,1936,3252
asia,1937,12893
asia,1938,1316
asia,1939,500098
asia,1940,264
asia,1941,7435
asia,1942,1602722
asia,1943,1907623
asia,1944,1610
asia,1945,10540
asia,1946,2318
asia,1947,7455
asia,1948,11046
asia,1949,61338
asia,1950,6382
asia,1951,15371
asia,1952,2079
asia,1953,8450
asia,1954,40082
asia,1955,4073
asia,1956,7143
asia,1957,9871
asia,1958,3592
asia,1959,2009673
asia,1960,20007
asia,1961,15825
asia,1962,13953
asia,1963,26020
asia,1964,12498
asia,1965,1561128
asia,1966,11782
asia,1967,7231
asia,1968,20856
asia,1969,5881
asia,1970,316925
asia,1971,12486
asia,1972,9341
asia,1973,5538
asia,1974,57718
asia,1975,25047
asia,1976,251246
asia,1977,19244
asia,1978,37884
asia,1979,6200
asia,1980,13647
asia,1981,14063
asia,1982,8861
asia,1983,7588
asia,1984,16567
asia,1985,25692
asia,1986,8297
asia,1987,17652
asia,1988,23803
asia,1989,14097
asia,1990,55552
asia,1991,167833
asia,1992,14038
asia,1993,23166
asia,1994,14291
asia,1995,631431
asia,1996,17423
asia,1997,19021
asia,1998,35606
asia,1999,23564
asia,2000,8215
asia,2001,26645
asia,2002,12204
asia,2003,33279
asia,2004,233533
asia,2005,84364
asia,2006,16689
asia,2007,13630
asia,2008,232458
asia,2009,9271
asia,2010,15237
asia,2011,27041
asia,2012,6404
asia,2013,18992
asia,2014,5995
asia,2015,16437
asia,2016,5239
asia,2017,6022
asia,2018,9888
asia,2019,7406
asia,2020,6075
asia,2021,5080
asia,2022,7833
asia,2023,11651
asia,2024,11605
asia,2025,12433
europe,1900,140
europe,1901,18
europe,1902,4648
europe,1903,6344
europe,1904,19
europe,1905,693
europe,1906,1863
europe,1907,0
europe,1908,75378
europe,1909,76
europe,1910,0
europe,1911,0
europe,1912,2923
europe,1913,467
europe,1914,4134
europe,1915,30247
europe,1916,89
europe,1917,2500667
europe,1918,82
europe,1919,0
europe,1920,1612
europe,1921,1200665
europe,1922,310
europe,1923,633
europe,1924,134
europe,1925,203
europe,1926,1028
europe,1927,26
europe,1928,348
europe,1929,58
europe,1930,2168
europe,1931,3497
europe,1932,5000198
europe,1933,353
europe,1934,188
europe,1935,635
europe,1936,136
europe,1937,72
europe,1938,407
europe,1939,33169
europe,1940,1128
europe,1941,718
europe,1942,3340
europe,1943,5246
europe,1944,5208
europe,1945,702
europe,1946,1740
europe,1947,199
europe,1948,110658
europe,1949,16100
europe,1950,208
europe,1951,333
europe,1952,4605
europe,1953,4071
europe,1954,2611
europe,1955,216
europe,1956,468
europe,1957,344
europe,1958,65
europe,1959,547
europe,1960,142
europe,1961,306
europe,1962,962
europe,1963,3132
europe,1964,153
europe,1965,880
europe,1966,2801
europe,1967,1521
europe,1968,755
europe,1969,143
europe,1970,2014
europe,1971,1723
europe,1972,689
europe,1973,1042
europe,1974,644
europe,1975,2658
europe,1976,5280
europe,1977,1983
europe,1978,400
europe,1979,959
europe,1980,5638
europe,1981,861
europe,1982,567
europe,1983,2757
europe,1984,1200
europe,1985,2008
europe,1986,809
europe,1987,2127
europe,1988,26099
europe,1989,2108
europe,1990,1304
europe,1991,830
europe,1992,2493
europe,1993,1286
europe,1994,2531
europe,1995,3999
europe,1996,1231
europe,1997,1270
europe,1998,1545
europe,1999,19582
europe,2000,721
europe,2001,1366
europe,2002,1070
europe,2003,72474
europe,2004,235
europe,2005,1051
europe,2006,4661
europe,2007,845
europe,2008,210
europe,2009,884
europe,2010,56540
europe,2011,736
europe,2012,1321
europe,2013,897
europe,2014,272
europe,2015,3897
europe,2016,416
europe,2017,337
europe,2018,1345
europe,2019,2939
europe,2020,6933
europe,2021,413
europe,2022,61781
europe,2023,100931
europe,2024,63134
europe,2025,24378
