,geo,name,time,Material footprint (tonnes),Material footprint per capita (tonnes)
0,world,World,1970,31121602149,8.46
1,world,World,1971,32131297619,8.56
2,world,World,1972,32876394948,8.59
3,world,World,1973,34723571479,8.90
4,world,World,1974,34816723832,8.75
5,world,World,1975,34567106903,8.53
6,world,World,1976,35913115242,8.71
7,world,World,1977,36796601013,8.77
8,world,World,1978,38243682110,8.96
9,world,World,1979,38879135889,8.95
10,world,World,1980,38671253956,8.74
11,world,World,1981,38637217247,8.58
12,world,World,1982,38810320377,8.46
13,world,World,1983,39478027218,8.45
14,world,World,1984,41091702380,8.64
15,world,World,1985,42261931803,8.73
16,world,World,1986,43531788894,8.83
17,world,World,1987,44930153544,8.95
18,world,World,1988,46337390971,9.07
19,world,World,1989,47235662405,9.08
20,world,World,1990,47712202951,9.01
21,world,World,1991,46860441571,8.70
22,world,World,1992,48740973888,8.91
23,world,World,1993,49540671843,8.92
24,world,World,1994,51024809429,9.05
25,world,World,1995,52423443193,9.17
26,world,World,1996,53628571319,9.24
27,world,World,1997,54724562701,9.30
28,world,World,1998,55656713955,9.33
29,world,World,1999,56678481868,9.38
30,world,World,2000,57924481421,9.46
31,world,World,2001,58872631483,9.49
32,world,World,2002,60103086695,9.56
33,world,World,2003,62523190351,9.82
34,world,World,2004,65893514267,10.21
35,world,World,2005,68400567059,10.47
36,world,World,2006,71409354780,10.79
37,world,World,2007,74240626196,11.08
38,world,World,2008,75355306555,11.10
39,world,World,2009,75727910608,11.02
40,world,World,2010,80042423952,11.50
41,world,World,2011,85129776978,12.08
42,world,World,2012,87841510745,12.31
43,world,World,2013,91011058737,12.60
44,world,World,2014,92422796022,12.64
45,world,World,2015,92239319994,12.46
46,world,World,2016,93382697239,12.47
47,world,World,2017,94176740983,12.43
48,world,World,2018,94945817483,12.40
49,world,World,2019,96903477160,12.52
50,world,World,2020,96472084040,12.34
51,world,World,2021,99881807046,12.67
52,world,World,2022,100416160798,12.63
53,world,World,2023,102435855581,12.77
54,world,World,2024,104980222876,12.97
