,geo,name,time,Natural disaster deaths per year,"Natural disaster deaths excluding epidemics, per year",Natural disasters death rate per million people per year,"Natural disasters death rate, excluding epidemics per million people per year"
0,world,World,1900,1267800,1267470,770.6558691,770.4552725
1,world,World,1901,200036,18,120.6375504,0.01085542556
2,world,World,1902,48553,48438,29.04080796,28.97202348
3,world,World,1903,7822,7136,4.63860582,4.231793804
4,world,World,1904,1263,152,0.7425648145,0.08936647015
5,world,World,1905,21003,20987,12.24214414,12.23281813
6,world,World,1906,36002,33657,20.80322775,19.44820389
7,world,World,1907,1313275,13200,752.2565223,7.561086668
8,world,World,1908,75883,75033,43.08628817,42.60365906
9,world,World,1909,1506606,6316,848.3107659,3.556291955
10,world,World,1910,149095,88993,83.282229,49.71015396
11,world,World,1911,103930,103705,57.61716479,57.49242831
12,world,World,1912,55093,52093,30.32297104,28.67178281
13,world,World,1913,2664,1962,1.456254049,1.072511428
14,world,World,1914,5625,4422,3.053691139,2.400608394
15,world,World,1915,33416,32337,18.01476364,17.43306835
16,world,World,1916,1841,481,0.985565427,0.2574997123
17,world,World,1917,2525893,23561,1342.754424,12.52493158
18,world,World,1918,461699,11250,243.7016203,5.938161503
19,world,World,1919,5500,5500,2.88156954,2.88156954
20,world,World,1920,3206924,706872,1667.130345,367.4698125
21,world,World,1921,1201665,1200000,619.6647564,618.8061628
22,world,World,1922,101436,101175,51.87252182,51.73905117
23,world,World,1923,258696,154286,131.1545148,78.22040338
24,world,World,1924,303303,3279,152.4366336,1.647988056
25,world,World,1925,6986,6972,3.48044904,3.473474192
26,world,World,1926,427852,4852,211.2845067,2.396044489
27,world,World,1927,53372,53270,26.12340699,26.07348217
28,world,World,1928,3005434,3004895,1457.935102,1457.673633
29,world,World,1929,3402,3330,1.635178891,1.600571931
30,world,World,1930,11496,11078,5.473396663,5.27438137
31,world,World,1931,3719493,3718976,1753.696566,1753.452806
32,world,World,1932,5004934,5004901,2336.241873,2336.226469
33,world,World,1933,31795,31442,14.69020212,14.52710599
34,world,World,1934,7427,5711,3.396419242,2.611680395
35,world,World,1935,274308,272119,124.1577275,123.1669388
36,world,World,1936,6259,5886,2.803741834,2.636655126
37,world,World,1937,13342,12450,5.914612341,5.519181805
38,world,World,1938,2651,2208,1.162932559,0.9685986758
39,world,World,1939,563866,563205,244.9140357,244.6269317
40,world,World,1940,23507,21650,10.11529709,9.316211429
41,world,World,1941,13339,13002,5.689676595,5.545931111
42,world,World,1942,1607030,1604426,679.8423973,678.7407939
43,world,World,1943,1913396,1912974,803.2877408,803.1105754
44,world,World,1944,17660,16172,7.358379844,6.738375925
45,world,World,1945,11460,11358,4.738758592,4.69658116
46,world,World,1946,36355,35563,14.91564167,14.59070182
47,world,World,1947,19063,7374,7.757459581,3.000761001
48,world,World,1948,122326,120828,49.36108588,48.75661172
49,world,World,1949,125824,123774,50.23803379,49.41952564
50,world,World,1950,7603,6845,2.997518934,2.698673826
51,world,World,1951,18346,18227,7.09975116,7.053699138
52,world,World,1952,7246,6886,2.754230687,2.617393391
53,world,World,1953,13606,12516,5.081398998,4.674319408
54,world,World,1954,45378,41847,16.6534136,15.35756091
55,world,World,1955,6164,5556,2.222847361,2.003591813
56,world,World,1956,10870,7737,3.851273178,2.741242003
57,world,World,1957,11242,10580,3.912566143,3.682169524
58,world,World,1958,4630,4061,1.582534463,1.388050206
59,world,World,1959,2013838,2013208,675.880696,675.6692565
60,world,World,1960,39431,38624,12.99230752,12.72640525
61,world,World,1961,17837,17381,5.769050059,5.621565233
62,world,World,1962,17638,17239,5.598617245,5.471967495
63,world,World,1963,38154,36431,11.88227616,11.34568336
64,world,World,1964,13901,12275,4.245904782,3.74926129
65,world,World,1965,1566750,1564713,469.1453276,468.5353713
66,world,World,1966,17438,17018,5.116900202,4.993657968
67,world,World,1967,11094,6908,3.189058106,1.985759275
68,world,World,1968,22440,21997,6.318280089,6.193547554
69,world,World,1969,12010,8194,3.312481191,2.259989249
70,world,World,1970,388340,386150,104.9443608,104.3525388
71,world,World,1971,18843,15774,4.990518426,4.177701939
72,world,World,1972,22442,20023,5.826592908,5.198550477
73,world,World,1973,130563,129594,33.24091032,32.99420611
74,world,World,1974,69944,67025,17.46942947,16.74037101
75,world,World,1975,28692,26858,7.033248518,6.583681469
76,world,World,1976,281535,280084,67.76355643,67.41431062
77,world,World,1977,24116,21240,5.701848032,5.02186317
78,world,World,1978,40811,35036,9.480934243,8.13932548
79,world,World,1979,10484,6829,2.393330715,1.558952256
80,world,World,1980,28355,24313,6.360470604,5.453786697
81,world,World,1981,119719,114473,26.38727997,25.23100844
82,world,World,1982,16070,11124,3.480323752,2.409155036
83,world,World,1983,464743,459842,98.8905539,97.84769235
84,world,World,1984,22115,8657,4.62268954,1.809569222
85,world,World,1985,64817,54377,13.3069272,11.16359567
86,world,World,1986,17115,7303,3.450209734,1.47221044
87,world,World,1987,33311,18932,6.59294507,3.747039599
88,world,World,1988,65361,42238,12.70273833,8.208844136
89,world,World,1989,22825,10741,4.358043959,2.050810522
90,world,World,1990,61803,50926,11.60133652,9.559562859
91,world,World,1991,199063,159025,36.76622839,29.37135213
92,world,World,1992,26366,12238,4.794759792,2.225527965
93,world,World,1993,31307,21170,5.608967585,3.792820896
94,world,World,1994,24867,13085,4.391018801,2.310551374
95,world,World,1995,644509,632738,112.2014465,110.1522537
96,world,World,1996,40998,14708,7.038413843,2.525025387
97,world,World,1997,38016,19350,6.437884188,3.276858666
98,world,World,1998,71311,49741,11.91536402,8.31122999
99,world,World,1999,85609,70614,14.11702269,11.64432992
100,world,World,2000,16611,9631,2.703836046,1.567674731
101,world,World,2001,39958,31452,6.421404177,5.054457285
102,world,World,2002,20911,12498,3.318272402,1.983251326
103,world,World,2003,113127,110030,17.72821153,17.24287849
104,world,World,2004,244705,241516,37.87323376,37.37966909
105,world,World,2005,93494,89651,14.29155147,13.70410808
106,world,World,2006,29863,23490,4.50863127,3.546453757
107,world,World,2007,22399,16917,3.340169732,2.522686341
108,world,World,2008,241993,235318,35.64440114,34.66120585
109,world,World,2009,16038,11142,2.333557944,1.621181108
110,world,World,2010,330153,318010,47.45743454,45.71195402
111,world,World,2011,34125,30951,4.846479047,4.395703237
112,world,World,2012,11728,9846,1.645843833,1.381734173
113,world,World,2013,22202,21668,3.079085693,3.005027871
114,world,World,2014,20888,7977,2.863216929,1.093445109
115,world,World,2015,24332,22887,3.297109678,3.101304833
116,world,World,2016,10730,8357,1.437562764,1.119637653
117,world,World,2017,11912,9775,1.578195904,1.295069255
118,world,World,2018,15989,12697,2.095244279,1.663851186
119,world,World,2019,22667,11934,2.938626231,1.547163958
120,world,World,2020,15766,15519,2.022630801,1.990943004
121,world,World,2021,14619,10574,1.85638903,1.342736002
122,world,World,2022,80524,76287,10.1237717,9.591080568
123,world,World,2023,139149,135886,17.32475835,16.91849825
124,world,World,2024,84058,79809,10.36651771,9.842506509
125,world,World,2025,42492,41258,5.191804598,5.041030643
