,geo,name,time,Life expectancy 
0,africa,Africa,1800,30.09157507
1,africa,Africa,1801,30.01647876
2,africa,Africa,1802,30.01911666
3,africa,Africa,1803,30.09918755
4,africa,Africa,1804,30.10171999
5,africa,Africa,1805,30.10424997
6,africa,Africa,1806,30.10677768
7,africa,Africa,1807,30.10930315
8,africa,Africa,1808,30.11182667
9,africa,Africa,1809,30.11434824
10,africa,Africa,1810,30.11690153
11,africa,Africa,1811,30.11941531
12,africa,Africa,1812,30.12191294
13,africa,Africa,1813,30.12439384
14,africa,Africa,1814,30.12685283
15,africa,Africa,1815,30.12940717
16,africa,Africa,1816,30.13181891
17,africa,Africa,1817,30.13420584
18,africa,Africa,1818,29.89504081
19,africa,Africa,1819,29.85509506
20,africa,Africa,1820,29.90832299
21,africa,Africa,1821,30.1417081
22,africa,Africa,1822,30.14286949
23,africa,Africa,1823,30.14432772
24,africa,Africa,1824,30.14580107
25,africa,Africa,1825,30.14728908
26,africa,Africa,1826,30.14879104
27,africa,Africa,1827,30.15030589
28,africa,Africa,1828,29.89536991
29,africa,Africa,1829,29.74683529
30,africa,Africa,1830,29.59688319
31,africa,Africa,1831,29.75103229
32,africa,Africa,1832,30.16071776
33,africa,Africa,1833,30.16654026
34,africa,Africa,1834,30.16556688
35,africa,Africa,1835,29.89669874
36,africa,Africa,1836,29.74563611
37,africa,Africa,1837,29.58257213
38,africa,Africa,1838,29.74590563
39,africa,Africa,1839,30.16642175
40,africa,Africa,1840,30.1782055
41,africa,Africa,1841,30.17049526
42,africa,Africa,1842,30.17360892
43,africa,Africa,1843,30.18541855
44,africa,Africa,1844,30.17266554
45,africa,Africa,1845,30.18960117
46,africa,Africa,1846,30.20189411
47,africa,Africa,1847,30.21141073
48,africa,Africa,1848,30.22093087
49,africa,Africa,1849,29.8557793
50,africa,Africa,1850,29.72151093
51,africa,Africa,1851,30.11052383
52,africa,Africa,1852,30.33721226
53,africa,Africa,1853,30.3886631
54,africa,Africa,1854,30.3919688
55,africa,Africa,1855,30.49084705
56,africa,Africa,1856,30.51760221
57,africa,Africa,1857,30.61552982
58,africa,Africa,1858,30.66532404
59,africa,Africa,1859,30.71300936
60,africa,Africa,1860,30.76579553
61,africa,Africa,1861,30.82137926
62,africa,Africa,1862,30.85223261
63,africa,Africa,1863,30.92095302
64,africa,Africa,1864,30.39467533
65,africa,Africa,1865,30.29601179
66,africa,Africa,1866,30.20003012
67,africa,Africa,1867,30.84509067
68,africa,Africa,1868,30.41262767
69,africa,Africa,1869,30.83538473
70,africa,Africa,1870,31.1348866
71,africa,Africa,1871,31.3892905
72,africa,Africa,1872,31.44059152
73,africa,Africa,1873,31.47663933
74,africa,Africa,1874,31.54280964
75,africa,Africa,1875,31.61282699
76,africa,Africa,1876,31.66034536
77,africa,Africa,1877,31.70922746
78,africa,Africa,1878,31.77193837
79,africa,Africa,1879,31.81326263
80,africa,Africa,1880,31.47988327
81,africa,Africa,1881,31.38518327
82,africa,Africa,1882,31.97379442
83,africa,Africa,1883,32.0280223
84,africa,Africa,1884,32.09650364
85,africa,Africa,1885,32.1451949
86,africa,Africa,1886,32.21389292
87,africa,Africa,1887,32.25426243
88,africa,Africa,1888,30.50360061
89,africa,Africa,1889,28.84654949
90,africa,Africa,1890,28.77244051
91,africa,Africa,1891,29.42841908
92,africa,Africa,1892,30.31947134
93,africa,Africa,1893,32.5842402
94,africa,Africa,1894,32.67355136
95,africa,Africa,1895,32.68239449
96,africa,Africa,1896,32.61764468
97,africa,Africa,1897,32.80732956
98,africa,Africa,1898,32.85002626
99,africa,Africa,1899,32.89019227
100,africa,Africa,1900,32.9394442
101,africa,Africa,1901,32.98526593
102,africa,Africa,1902,33.05381719
103,africa,Africa,1903,33.1237586
104,africa,Africa,1904,33.02369083
105,africa,Africa,1905,33.17878895
106,africa,Africa,1906,33.25938138
107,africa,Africa,1907,33.33379562
108,africa,Africa,1908,33.3806002
109,africa,Africa,1909,33.58678233
110,africa,Africa,1910,33.72592461
111,africa,Africa,1911,33.77836859
112,africa,Africa,1912,33.88551566
113,africa,Africa,1913,33.8586498
114,africa,Africa,1914,33.90584559
115,africa,Africa,1915,33.93914036
116,africa,Africa,1916,33.94565707
117,africa,Africa,1917,33.98557619
118,africa,Africa,1918,15.75176594
119,africa,Africa,1919,34.12130329
120,africa,Africa,1920,34.20053312
121,africa,Africa,1921,34.20456023
122,africa,Africa,1922,34.22895977
123,africa,Africa,1923,34.4652476
124,africa,Africa,1924,34.52471687
125,africa,Africa,1925,34.56654646
126,africa,Africa,1926,34.55770897
127,africa,Africa,1927,34.45244133
128,africa,Africa,1928,34.45027232
129,africa,Africa,1929,34.51608373
130,africa,Africa,1930,35.19909967
131,africa,Africa,1931,34.96410295
132,africa,Africa,1932,35.03158779
133,africa,Africa,1933,35.34551153
134,africa,Africa,1934,35.38422111
135,africa,Africa,1935,35.50307387
136,africa,Africa,1936,35.0307994
137,africa,Africa,1937,36.0245974
138,africa,Africa,1938,36.16108442
139,africa,Africa,1939,36.52160127
140,africa,Africa,1940,36.44026014
141,africa,Africa,1941,36.82638621
142,africa,Africa,1942,36.74940786
143,africa,Africa,1943,36.77305244
144,africa,Africa,1944,37.48957616
145,africa,Africa,1945,37.97575447
146,africa,Africa,1946,39.38364176
147,africa,Africa,1947,40.7108477
148,africa,Africa,1948,41.84245444
149,africa,Africa,1949,42.98182412
150,africa,Africa,1950,44.25333219
151,africa,Africa,1951,44.50038297
152,africa,Africa,1952,44.89319407
153,africa,Africa,1953,45.15246067
154,africa,Africa,1954,45.25073514
155,africa,Africa,1955,45.46212238
156,africa,Africa,1956,45.78029301
157,africa,Africa,1957,46.00154188
158,africa,Africa,1958,46.24858539
159,africa,Africa,1959,46.65603621
160,africa,Africa,1960,46.54353815
161,africa,Africa,1961,46.85053818
162,africa,Africa,1962,47.50194163
163,africa,Africa,1963,48.03737277
164,africa,Africa,1964,48.37253262
165,africa,Africa,1965,48.75505205
166,africa,Africa,1966,48.98229383
167,africa,Africa,1967,49.1619759
168,africa,Africa,1968,49.35327296
169,africa,Africa,1969,49.65263603
170,africa,Africa,1970,50.17096014
171,africa,Africa,1971,50.62485258
172,africa,Africa,1972,50.75113992
173,africa,Africa,1973,51.42210885
174,africa,Africa,1974,51.88079553
175,africa,Africa,1975,52.26481923
176,africa,Africa,1976,52.63643156
177,africa,Africa,1977,53.0957341
178,africa,Africa,1978,53.49323996
179,africa,Africa,1979,54.00717574
180,africa,Africa,1980,54.36119853
181,africa,Africa,1981,54.61777546
182,africa,Africa,1982,54.97923615
183,africa,Africa,1983,54.97940051
184,africa,Africa,1984,55.14598055
185,africa,Africa,1985,55.73562417
186,africa,Africa,1986,56.12781051
187,africa,Africa,1987,56.35553085
188,africa,Africa,1988,56.69364687
189,africa,Africa,1989,56.78538266
190,africa,Africa,1990,56.83492591
191,africa,Africa,1991,56.93425885
192,africa,Africa,1992,56.93827918
193,africa,Africa,1993,56.87890805
194,africa,Africa,1994,56.39960591
195,africa,Africa,1995,56.72411881
196,africa,Africa,1996,56.55756566
197,africa,Africa,1997,56.48212501
198,africa,Africa,1998,56.47833902
199,africa,Africa,1999,56.54444305
200,africa,Africa,2000,56.70873636
201,africa,Africa,2001,57.03499284
202,africa,Africa,2002,57.26463173
203,africa,Africa,2003,57.54254986
204,africa,Africa,2004,57.98669497
205,africa,Africa,2005,58.57901323
206,africa,Africa,2006,59.18555649
207,africa,Africa,2007,59.87347778
208,africa,Africa,2008,60.53329689
209,africa,Africa,2009,61.12401379
210,africa,Africa,2010,61.7429081
211,africa,Africa,2011,62.30699894
212,africa,Africa,2012,62.91429685
213,africa,Africa,2013,63.45526067
214,africa,Africa,2014,63.89441662
215,africa,Africa,2015,64.35407398
216,africa,Africa,2016,64.84121251
217,africa,Africa,2017,65.33085397
218,africa,Africa,2018,65.84448961
219,africa,Africa,2019,66.29697863
220,africa,Africa,2020,65.8292984
221,africa,Africa,2021,65.27594447
222,africa,Africa,2022,65.80366047
223,africa,Africa,2023,66.635186
224,africa,Africa,2024,67.37394525
225,africa,Africa,2025,67.59073734
226,africa,Africa,2026,67.79281195
227,africa,Africa,2027,67.99079364
228,africa,Africa,2028,68.18684359
229,africa,Africa,2029,68.38271105
230,africa,Africa,2030,68.57519868
231,africa,Africa,2031,68.76278341
232,africa,Africa,2032,68.94898958
233,africa,Africa,2033,69.13458797
234,africa,Africa,2034,69.31713474
235,africa,Africa,2035,69.49802701
236,africa,Africa,2036,69.67690482
237,africa,Africa,2037,69.85228126
238,africa,Africa,2038,70.02756125
239,africa,Africa,2039,70.20132153
240,africa,Africa,2040,70.37246977
241,africa,Africa,2041,70.5448529
242,africa,Africa,2042,70.71357061
243,africa,Africa,2043,70.88132186
244,africa,Africa,2044,71.04571844
245,africa,Africa,2045,71.20990104
246,africa,Africa,2046,71.37385488
247,africa,Africa,2047,71.5376161
248,africa,Africa,2048,71.6989148
249,africa,Africa,2049,71.85699174
250,africa,Africa,2050,72.01664654
251,africa,Africa,2051,72.17067703
252,africa,Africa,2052,72.32759669
253,africa,Africa,2053,72.48342246
254,africa,Africa,2054,72.6365127
255,africa,Africa,2055,72.7898475
256,africa,Africa,2056,72.94189889
257,africa,Africa,2057,73.09428116
258,africa,Africa,2058,73.24704134
259,africa,Africa,2059,73.39432149
260,africa,Africa,2060,73.54546702
261,africa,Africa,2061,73.69431896
262,africa,Africa,2062,73.84274345
263,africa,Africa,2063,73.98961109
264,africa,Africa,2064,74.13471603
265,africa,Africa,2065,74.28258201
266,africa,Africa,2066,74.42845419
267,africa,Africa,2067,74.57215769
268,africa,Africa,2068,74.71506623
269,africa,Africa,2069,74.85756181
270,africa,Africa,2070,74.99861748
271,africa,Africa,2071,75.14250389
272,africa,Africa,2072,75.28136189
273,africa,Africa,2073,75.42488105
274,africa,Africa,2074,75.56643403
275,africa,Africa,2075,75.70581062
276,africa,Africa,2076,75.84548523
277,africa,Africa,2077,75.98344084
278,africa,Africa,2078,76.12428273
279,africa,Africa,2079,76.26307452
280,africa,Africa,2080,76.40182391
281,africa,Africa,2081,76.54243262
282,africa,Africa,2082,76.6786235
283,africa,Africa,2083,76.81977588
284,africa,Africa,2084,76.95938151
285,africa,Africa,2085,77.09889718
286,africa,Africa,2086,77.23659483
287,africa,Africa,2087,77.37239266
288,africa,Africa,2088,77.50853076
289,africa,Africa,2089,77.64659695
290,africa,Africa,2090,77.78433239
291,africa,Africa,2091,77.9215331
292,africa,Africa,2092,78.0566497
293,africa,Africa,2093,78.1942943
294,africa,Africa,2094,78.33250926
295,africa,Africa,2095,78.46969734
296,africa,Africa,2096,78.60506512
297,africa,Africa,2097,78.73951358
298,africa,Africa,2098,78.87822601
299,africa,Africa,2099,79.01552558
300,africa,Africa,2100,79.15139955
301,asia,Asia,1800,29.56399625
302,asia,Asia,1801,29.56793108
303,asia,Asia,1802,29.44048883
304,asia,Asia,1803,29.1463657
305,asia,Asia,1804,29.00197707
306,asia,Asia,1805,29.58395525
307,asia,Asia,1806,29.58802978
308,asia,Asia,1807,29.59213066
309,asia,Asia,1808,29.59625741
310,asia,Asia,1809,29.60040961
311,asia,Asia,1810,29.60829639
312,asia,Asia,1811,29.61610835
313,asia,Asia,1812,28.86172546
314,asia,Asia,1813,29.63550332
315,asia,Asia,1814,29.64542717
316,asia,Asia,1815,29.65523768
317,asia,Asia,1816,29.66493455
318,asia,Asia,1817,29.67451755
319,asia,Asia,1818,29.68398655
320,asia,Asia,1819,29.6923647
321,asia,Asia,1820,29.69970179
322,asia,Asia,1821,29.70729139
323,asia,Asia,1822,29.71393279
324,asia,Asia,1823,29.71685332
325,asia,Asia,1824,29.71978338
326,asia,Asia,1825,29.72263549
327,asia,Asia,1826,29.72553999
328,asia,Asia,1827,29.72845235
329,asia,Asia,1828,29.73137259
330,asia,Asia,1829,29.73277697
331,asia,Asia,1830,29.73267912
332,asia,Asia,1831,29.73108657
333,asia,Asia,1832,29.04395432
334,asia,Asia,1833,28.75733298
335,asia,Asia,1834,29.71882961
336,asia,Asia,1835,29.71424858
337,asia,Asia,1836,29.70967021
338,asia,Asia,1837,29.38271114
339,asia,Asia,1838,29.26467046
340,asia,Asia,1839,29.69618446
341,asia,Asia,1840,29.69128624
342,asia,Asia,1841,29.6862274
343,asia,Asia,1842,29.68100828
344,asia,Asia,1843,29.67562907
345,asia,Asia,1844,29.67025594
346,asia,Asia,1845,29.66488932
347,asia,Asia,1846,29.65952945
348,asia,Asia,1847,29.65417678
349,asia,Asia,1848,29.64883168
350,asia,Asia,1849,29.64170654
351,asia,Asia,1850,29.63281615
352,asia,Asia,1851,29.17998845
353,asia,Asia,1852,28.72847032
354,asia,Asia,1853,28.27966764
355,asia,Asia,1854,27.83503979
356,asia,Asia,1855,27.39466285
357,asia,Asia,1856,26.9586133
358,asia,Asia,1857,27.36779623
359,asia,Asia,1858,27.77866176
360,asia,Asia,1859,28.18160533
361,asia,Asia,1860,27.81660089
362,asia,Asia,1861,27.89395344
363,asia,Asia,1862,29.38069728
364,asia,Asia,1863,29.77550409
365,asia,Asia,1864,30.08661509
366,asia,Asia,1865,30.12137333
367,asia,Asia,1866,28.85937567
368,asia,Asia,1867,30.29970947
369,asia,Asia,1868,30.36451999
370,asia,Asia,1869,29.13500126
371,asia,Asia,1870,30.57959772
372,asia,Asia,1871,30.65890795
373,asia,Asia,1872,30.72230533
374,asia,Asia,1873,30.78776988
375,asia,Asia,1874,30.85493411
376,asia,Asia,1875,30.80808232
377,asia,Asia,1876,27.99079495
378,asia,Asia,1877,26.76587308
379,asia,Asia,1878,26.06148386
380,asia,Asia,1879,29.50891522
381,asia,Asia,1880,31.2409632
382,asia,Asia,1881,31.30099767
383,asia,Asia,1882,31.31979787
384,asia,Asia,1883,31.34036867
385,asia,Asia,1884,31.35732285
386,asia,Asia,1885,31.37405393
387,asia,Asia,1886,31.39098579
388,asia,Asia,1887,31.40283061
389,asia,Asia,1888,31.34176708
390,asia,Asia,1889,31.35182139
391,asia,Asia,1890,31.43319974
392,asia,Asia,1891,30.99213353
393,asia,Asia,1892,30.87897217
394,asia,Asia,1893,31.51860552
395,asia,Asia,1894,31.55180869
396,asia,Asia,1895,31.58513347
397,asia,Asia,1896,31.17892304
398,asia,Asia,1897,30.21858404
399,asia,Asia,1898,32.40777711
400,asia,Asia,1899,31.64325375
401,asia,Asia,1900,29.95093719
402,asia,Asia,1901,31.67192717
403,asia,Asia,1902,31.79554735
404,asia,Asia,1903,31.85943781
405,asia,Asia,1904,31.48415631
406,asia,Asia,1905,31.4979685
407,asia,Asia,1906,31.52843314
408,asia,Asia,1907,30.649874
409,asia,Asia,1908,32.20392584
410,asia,Asia,1909,32.27993339
411,asia,Asia,1910,32.38184842
412,asia,Asia,1911,32.47910226
413,asia,Asia,1912,32.66238766
414,asia,Asia,1913,32.82472458
415,asia,Asia,1914,32.98085446
416,asia,Asia,1915,33.18312472
417,asia,Asia,1916,33.35220832
418,asia,Asia,1917,33.50171111
419,asia,Asia,1918,19.99104382
420,asia,Asia,1919,33.70424404
421,asia,Asia,1920,33.8258969
422,asia,Asia,1921,34.00676882
423,asia,Asia,1922,34.28740597
424,asia,Asia,1923,34.6376192
425,asia,Asia,1924,34.95806917
426,asia,Asia,1925,35.2186331
427,asia,Asia,1926,35.70400381
428,asia,Asia,1927,32.59376003
429,asia,Asia,1928,36.66037479
430,asia,Asia,1929,35.30895482
431,asia,Asia,1930,37.61038539
432,asia,Asia,1931,38.01379909
433,asia,Asia,1932,38.40972017
434,asia,Asia,1933,38.8383035
435,asia,Asia,1934,39.6358508
436,asia,Asia,1935,40.07507417
437,asia,Asia,1936,40.67567137
438,asia,Asia,1937,39.90167314
439,asia,Asia,1938,40.14100794
440,asia,Asia,1939,40.57502602
441,asia,Asia,1940,40.91200566
442,asia,Asia,1941,40.773998
443,asia,Asia,1942,39.25305852
444,asia,Asia,1943,37.04838305
445,asia,Asia,1944,39.83046577
446,asia,Asia,1945,40.80838519
447,asia,Asia,1946,43.85454697
448,asia,Asia,1947,43.55965461
449,asia,Asia,1948,45.97420566
450,asia,Asia,1949,46.98928769
451,asia,Asia,1950,48.08379474
452,asia,Asia,1951,48.79331607
453,asia,Asia,1952,49.6814598
454,asia,Asia,1953,50.26668609
455,asia,Asia,1954,50.78595845
456,asia,Asia,1955,51.37395829
457,asia,Asia,1956,51.75532578
458,asia,Asia,1957,52.07488828
459,asia,Asia,1958,49.84893928
460,asia,Asia,1959,46.95675503
461,asia,Asia,1960,41.85824631
462,asia,Asia,1961,47.26559106
463,asia,Asia,1962,52.40081273
464,asia,Asia,1963,54.17109908
465,asia,Asia,1964,54.68167598
466,asia,Asia,1965,54.58940135
467,asia,Asia,1966,55.09351937
468,asia,Asia,1967,55.47616169
469,asia,Asia,1968,56.20701935
470,asia,Asia,1969,56.69040786
471,asia,Asia,1970,56.95296128
472,asia,Asia,1971,57.35243729
473,asia,Asia,1972,58.01583684
474,asia,Asia,1973,58.586997
475,asia,Asia,1974,58.92367605
476,asia,Asia,1975,59.28535193
477,asia,Asia,1976,59.52654202
478,asia,Asia,1977,60.20812255
479,asia,Asia,1978,60.68947497
480,asia,Asia,1979,61.19639902
481,asia,Asia,1980,61.61064384
482,asia,Asia,1981,61.94579209
483,asia,Asia,1982,62.36031658
484,asia,Asia,1983,62.73105415
485,asia,Asia,1984,63.08367886
486,asia,Asia,1985,63.45537173
487,asia,Asia,1986,63.86823298
488,asia,Asia,1987,64.23364317
489,asia,Asia,1988,64.50582773
490,asia,Asia,1989,64.86118336
491,asia,Asia,1990,65.20272415
492,asia,Asia,1991,65.3943033
493,asia,Asia,1992,65.74168285
494,asia,Asia,1993,66.07699966
495,asia,Asia,1994,66.42721033
496,asia,Asia,1995,66.68862336
497,asia,Asia,1996,66.99774906
498,asia,Asia,1997,67.196937
499,asia,Asia,1998,67.4444398
500,asia,Asia,1999,67.73048907
501,asia,Asia,2000,67.98033729
502,asia,Asia,2001,68.29330267
503,asia,Asia,2002,68.61264306
504,asia,Asia,2003,68.98857119
505,asia,Asia,2004,69.23095054
506,asia,Asia,2005,69.59081992
507,asia,Asia,2006,69.98942193
508,asia,Asia,2007,70.34345109
509,asia,Asia,2008,70.48375198
510,asia,Asia,2009,70.99708159
511,asia,Asia,2010,71.29631803
512,asia,Asia,2011,71.59498197
513,asia,Asia,2012,71.94661588
514,asia,Asia,2013,72.25967114
515,asia,Asia,2014,72.60997077
516,asia,Asia,2015,72.90244392
517,asia,Asia,2016,73.21766833
518,asia,Asia,2017,73.48478867
519,asia,Asia,2018,73.68978527
520,asia,Asia,2019,73.91367164
521,asia,Asia,2020,73.48901561
522,asia,Asia,2021,72.39558719
523,asia,Asia,2022,72.95987718
524,asia,Asia,2023,74.65887397
525,asia,Asia,2024,74.8788946
526,asia,Asia,2025,75.06047821
527,asia,Asia,2026,75.23778665
528,asia,Asia,2027,75.4144642
529,asia,Asia,2028,75.58576642
530,asia,Asia,2029,75.75549849
531,asia,Asia,2030,75.92755231
532,asia,Asia,2031,76.09534488
533,asia,Asia,2032,76.26137845
534,asia,Asia,2033,76.42663319
535,asia,Asia,2034,76.58859863
536,asia,Asia,2035,76.74848732
537,asia,Asia,2036,76.90790614
538,asia,Asia,2037,77.06583334
539,asia,Asia,2038,77.22281877
540,asia,Asia,2039,77.37669465
541,asia,Asia,2040,77.52960901
542,asia,Asia,2041,77.68404042
543,asia,Asia,2042,77.83546326
544,asia,Asia,2043,77.98429081
545,asia,Asia,2044,78.13301659
546,asia,Asia,2045,78.28401332
547,asia,Asia,2046,78.43340634
548,asia,Asia,2047,78.57401279
549,asia,Asia,2048,78.71624867
550,asia,Asia,2049,78.85941186
551,asia,Asia,2050,78.99862924
552,asia,Asia,2051,79.13737128
553,asia,Asia,2052,79.27597697
554,asia,Asia,2053,79.41268893
555,asia,Asia,2054,79.54971776
556,asia,Asia,2055,79.68397791
557,asia,Asia,2056,79.81405844
558,asia,Asia,2057,79.94848029
559,asia,Asia,2058,80.0802708
560,asia,Asia,2059,80.21093536
561,asia,Asia,2060,80.34111808
562,asia,Asia,2061,80.46896254
563,asia,Asia,2062,80.5981089
564,asia,Asia,2063,80.72832083
565,asia,Asia,2064,80.85436364
566,asia,Asia,2065,80.98359554
567,asia,Asia,2066,81.11086209
568,asia,Asia,2067,81.23784842
569,asia,Asia,2068,81.36431977
570,asia,Asia,2069,81.4911566
571,asia,Asia,2070,81.6169408
572,asia,Asia,2071,81.74656731
573,asia,Asia,2072,81.87188591
574,asia,Asia,2073,81.99838408
575,asia,Asia,2074,82.12377721
576,asia,Asia,2075,82.25101158
577,asia,Asia,2076,82.37658813
578,asia,Asia,2077,82.5047947
579,asia,Asia,2078,82.62801758
580,asia,Asia,2079,82.75150153
581,asia,Asia,2080,82.87487232
582,asia,Asia,2081,82.99508901
583,asia,Asia,2082,83.119445
584,asia,Asia,2083,83.24392035
585,asia,Asia,2084,83.36471006
586,asia,Asia,2085,83.48538431
587,asia,Asia,2086,83.60816858
588,asia,Asia,2087,83.72929948
589,asia,Asia,2088,83.84796023
590,asia,Asia,2089,83.96943071
591,asia,Asia,2090,84.08919907
592,asia,Asia,2091,84.20769536
593,asia,Asia,2092,84.32730112
594,asia,Asia,2093,84.44842244
595,asia,Asia,2094,84.56835611
596,asia,Asia,2095,84.68935266
597,asia,Asia,2096,84.80884149
598,asia,Asia,2097,84.92427913
599,asia,Asia,2098,85.04332517
600,asia,Asia,2099,85.16308017
601,asia,Asia,2100,85.27958334
602,europe,Europe,1800,34.10830975
603,europe,Europe,1801,34.4520007
604,europe,Europe,1802,34.32253416
605,europe,Europe,1803,33.69992866
606,europe,Europe,1804,33.77569508
607,europe,Europe,1805,34.65234322
608,europe,Europe,1806,34.67544873
609,europe,Europe,1807,34.41029456
610,europe,Europe,1808,34.2439271
611,europe,Europe,1809,34.32614663
612,europe,Europe,1810,34.70308663
613,europe,Europe,1811,34.62571866
614,europe,Europe,1812,34.2044184
615,europe,Europe,1813,34.23283142
616,europe,Europe,1814,33.98669549
617,europe,Europe,1815,35.01325792
618,europe,Europe,1816,35.47141189
619,europe,Europe,1817,35.47653971
620,europe,Europe,1818,35.30774161
621,europe,Europe,1819,35.16452432
622,europe,Europe,1820,35.55706246
623,europe,Europe,1821,35.65666835
624,europe,Europe,1822,35.4832196
625,europe,Europe,1823,35.66141717
626,europe,Europe,1824,35.44542852
627,europe,Europe,1825,35.44593963
628,europe,Europe,1826,35.29892306
629,europe,Europe,1827,35.65692227
630,europe,Europe,1828,35.41558496
631,europe,Europe,1829,35.54768827
632,europe,Europe,1830,35.78148382
633,europe,Europe,1831,35.53309767
634,europe,Europe,1832,34.99523576
635,europe,Europe,1833,35.47751135
636,europe,Europe,1834,34.97564737
637,europe,Europe,1835,35.70112449
638,europe,Europe,1836,35.99621885
639,europe,Europe,1837,35.50665273
640,europe,Europe,1838,35.54660295
641,europe,Europe,1839,35.80604012
642,europe,Europe,1840,35.69221246
643,europe,Europe,1841,35.93499846
644,europe,Europe,1842,35.75826596
645,europe,Europe,1843,35.92082532
646,europe,Europe,1844,36.12701316
647,europe,Europe,1845,36.37674936
648,europe,Europe,1846,35.14896232
649,europe,Europe,1847,35.01253027
650,europe,Europe,1848,33.37501181
651,europe,Europe,1849,34.18136359
652,europe,Europe,1850,36.13994453
653,europe,Europe,1851,36.00219471
654,europe,Europe,1852,35.81245676
655,europe,Europe,1853,35.87764014
656,europe,Europe,1854,34.81164205
657,europe,Europe,1855,35.01837537
658,europe,Europe,1856,35.83821511
659,europe,Europe,1857,35.57714032
660,europe,Europe,1858,35.51171562
661,europe,Europe,1859,35.07469927
662,europe,Europe,1860,36.45686322
663,europe,Europe,1861,35.98028764
664,europe,Europe,1862,36.23372903
665,europe,Europe,1863,35.94403203
666,europe,Europe,1864,35.91213804
667,europe,Europe,1865,35.71318444
668,europe,Europe,1866,35.75427512
669,europe,Europe,1867,36.25333076
670,europe,Europe,1868,35.55274789
671,europe,Europe,1869,35.82256785
672,europe,Europe,1870,35.76555481
673,europe,Europe,1871,34.48666547
674,europe,Europe,1872,35.93283383
675,europe,Europe,1873,36.67656953
676,europe,Europe,1874,36.95561167
677,europe,Europe,1875,36.81758243
678,europe,Europe,1876,37.29878508
679,europe,Europe,1877,37.72807448
680,europe,Europe,1878,36.90829924
681,europe,Europe,1879,37.64911624
682,europe,Europe,1880,37.20695286
683,europe,Europe,1881,38.03759969
684,europe,Europe,1882,37.08674647
685,europe,Europe,1883,37.63843506
686,europe,Europe,1884,38.26416989
687,europe,Europe,1885,38.29876925
688,europe,Europe,1886,38.64063912
689,europe,Europe,1887,38.84327122
690,europe,Europe,1888,39.11134378
691,europe,Europe,1889,39.12722057
692,europe,Europe,1890,38.56966462
693,europe,Europe,1891,38.11270051
694,europe,Europe,1892,37.45387671
695,europe,Europe,1893,38.66631991
696,europe,Europe,1894,39.45531159
697,europe,Europe,1895,39.12604026
698,europe,Europe,1896,40.02401403
699,europe,Europe,1897,40.76101752
700,europe,Europe,1898,40.1699111
701,europe,Europe,1899,40.73483593
702,europe,Europe,1900,40.55739096
703,europe,Europe,1901,41.02205802
704,europe,Europe,1902,41.57444526
705,europe,Europe,1903,42.23667469
706,europe,Europe,1904,42.41899002
707,europe,Europe,1905,42.46886027
708,europe,Europe,1906,43.0053223
709,europe,Europe,1907,43.69205271
710,europe,Europe,1908,43.81542438
711,europe,Europe,1909,44.10484086
712,europe,Europe,1910,44.55737405
713,europe,Europe,1911,44.59165718
714,europe,Europe,1912,46.04579789
715,europe,Europe,1913,45.66397528
716,europe,Europe,1914,43.30446836
717,europe,Europe,1915,39.96259463
718,europe,Europe,1916,40.3197084
719,europe,Europe,1917,39.83048291
720,europe,Europe,1918,31.69122284
721,europe,Europe,1919,42.05524565
722,europe,Europe,1920,42.69212201
723,europe,Europe,1921,44.75592522
724,europe,Europe,1922,45.49099484
725,europe,Europe,1923,48.49289251
726,europe,Europe,1924,49.31490928
727,europe,Europe,1925,49.27497359
728,europe,Europe,1926,50.41217715
729,europe,Europe,1927,50.52643212
730,europe,Europe,1928,51.19643025
731,europe,Europe,1929,50.57124262
732,europe,Europe,1930,51.42007824
733,europe,Europe,1931,51.26318324
734,europe,Europe,1932,50.50693346
735,europe,Europe,1933,45.86646099
736,europe,Europe,1934,52.64058522
737,europe,Europe,1935,53.90355563
738,europe,Europe,1936,54.41710921
739,europe,Europe,1937,54.02183969
740,europe,Europe,1938,54.79539488
741,europe,Europe,1939,54.85081392
742,europe,Europe,1940,53.14247575
743,europe,Europe,1941,46.40235466
744,europe,Europe,1942,44.21628798
745,europe,Europe,1943,41.80025919
746,europe,Europe,1944,41.94231304
747,europe,Europe,1945,45.81174644
748,europe,Europe,1946,57.37474666
749,europe,Europe,1947,56.6251266
750,europe,Europe,1948,61.58345023
751,europe,Europe,1949,62.87331706
752,europe,Europe,1950,64.56273328
753,europe,Europe,1951,64.62217981
754,europe,Europe,1952,65.42203448
755,europe,Europe,1953,65.99457702
756,europe,Europe,1954,66.46696487
757,europe,Europe,1955,66.73864647
758,europe,Europe,1956,67.01678068
759,europe,Europe,1957,67.1281377
760,europe,Europe,1958,67.81445806
761,europe,Europe,1959,67.83589977
762,europe,Europe,1960,68.4552202
763,europe,Europe,1961,68.70008449
764,europe,Europe,1962,68.66535489
765,europe,Europe,1963,68.9874601
766,europe,Europe,1964,69.50997718
767,europe,Europe,1965,69.62643212
768,europe,Europe,1966,69.82583195
769,europe,Europe,1967,69.81137986
770,europe,Europe,1968,69.77569509
771,europe,Europe,1969,69.63585958
772,europe,Europe,1970,69.89561395
773,europe,Europe,1971,70.1038788
774,europe,Europe,1972,70.3143948
775,europe,Europe,1973,70.49452779
776,europe,Europe,1974,70.67548758
777,europe,Europe,1975,70.64685707
778,europe,Europe,1976,70.78861849
779,europe,Europe,1977,70.93741406
780,europe,Europe,1978,71.05781617
781,europe,Europe,1979,71.14765813
782,europe,Europe,1980,71.24564032
783,europe,Europe,1981,71.51040273
784,europe,Europe,1982,71.80255437
785,europe,Europe,1983,71.84712863
786,europe,Europe,1984,71.89616144
787,europe,Europe,1985,72.18575534
788,europe,Europe,1986,72.79336061
789,europe,Europe,1987,72.91869879
790,europe,Europe,1988,72.97540049
791,europe,Europe,1989,73.03637316
792,europe,Europe,1990,73.0515343
793,europe,Europe,1991,73.04949791
794,europe,Europe,1992,72.8982327
795,europe,Europe,1993,72.50563903
796,europe,Europe,1994,72.35992521
797,europe,Europe,1995,72.56604999
798,europe,Europe,1996,73.09167735
799,europe,Europe,1997,73.56297168
800,europe,Europe,1998,73.89159728
801,europe,Europe,1999,73.79773527
802,europe,Europe,2000,74.0987098
803,europe,Europe,2001,74.31142575
804,europe,Europe,2002,74.41833315
805,europe,Europe,2003,74.57274837
806,europe,Europe,2004,74.95618943
807,europe,Europe,2005,75.08702438
808,europe,Europe,2006,75.6092894
809,europe,Europe,2007,75.94055295
810,europe,Europe,2008,76.15270191
811,europe,Europe,2009,76.56304043
812,europe,Europe,2010,76.82653544
813,europe,Europe,2011,77.24857246
814,europe,Europe,2012,77.48322745
815,europe,Europe,2013,77.73021585
816,europe,Europe,2014,77.88075578
817,europe,Europe,2015,78.04245338
818,europe,Europe,2016,78.28275799
819,europe,Europe,2017,78.59172227
820,europe,Europe,2018,78.65605891
821,europe,Europe,2019,78.7127258
822,europe,Europe,2020,77.34112645
823,europe,Europe,2021,76.97205688
824,europe,Europe,2022,77.7553368
825,europe,Europe,2023,79.19634831
826,europe,Europe,2024,79.57572492
827,europe,Europe,2025,79.73144545
828,europe,Europe,2026,79.88804892
829,europe,Europe,2027,80.04715915
830,europe,Europe,2028,80.20509131
831,europe,Europe,2029,80.36453881
832,europe,Europe,2030,80.51941427
833,europe,Europe,2031,80.67668212
834,europe,Europe,2032,80.82943715
835,europe,Europe,2033,80.98644714
836,europe,Europe,2034,81.13831147
837,europe,Europe,2035,81.29014163
838,europe,Europe,2036,81.44248218
839,europe,Europe,2037,81.59357195
840,europe,Europe,2038,81.74201988
841,europe,Europe,2039,81.8911793
842,europe,Europe,2040,82.03866029
843,europe,Europe,2041,82.1851398
844,europe,Europe,2042,82.33054878
845,europe,Europe,2043,82.47581621
846,europe,Europe,2044,82.62084202
847,europe,Europe,2045,82.76523817
848,europe,Europe,2046,82.90568982
849,europe,Europe,2047,83.04974244
850,europe,Europe,2048,83.18916701
851,europe,Europe,2049,83.32952842
852,europe,Europe,2050,83.46873232
853,europe,Europe,2051,83.60906174
854,europe,Europe,2052,83.74370663
855,europe,Europe,2053,83.88015476
856,europe,Europe,2054,84.01771511
857,europe,Europe,2055,84.15239447
858,europe,Europe,2056,84.28730436
859,europe,Europe,2057,84.42207748
860,europe,Europe,2058,84.55542786
861,europe,Europe,2059,84.69030284
862,europe,Europe,2060,84.822486
863,europe,Europe,2061,84.95245416
864,europe,Europe,2062,85.08243511
865,europe,Europe,2063,85.21339429
866,europe,Europe,2064,85.34550168
867,europe,Europe,2065,85.47526581
868,europe,Europe,2066,85.60204349
869,europe,Europe,2067,85.73126031
870,europe,Europe,2068,85.85882917
871,europe,Europe,2069,85.98585461
872,europe,Europe,2070,86.11195183
873,europe,Europe,2071,86.23785058
874,europe,Europe,2072,86.36152405
875,europe,Europe,2073,86.49043842
876,europe,Europe,2074,86.61239341
877,europe,Europe,2075,86.73583516
878,europe,Europe,2076,86.86021306
879,europe,Europe,2077,86.9836137
880,europe,Europe,2078,87.10622349
881,europe,Europe,2079,87.22991204
882,europe,Europe,2080,87.35160424
883,europe,Europe,2081,87.47201658
884,europe,Europe,2082,87.59059796
885,europe,Europe,2083,87.71105892
886,europe,Europe,2084,87.83113475
887,europe,Europe,2085,87.95045746
888,europe,Europe,2086,88.07009782
889,europe,Europe,2087,88.1896886
890,europe,Europe,2088,88.30669646
891,europe,Europe,2089,88.42867876
892,europe,Europe,2090,88.5459698
893,europe,Europe,2091,88.66248349
894,europe,Europe,2092,88.78401043
895,europe,Europe,2093,88.90066373
896,europe,Europe,2094,89.01826459
897,europe,Europe,2095,89.13667474
898,europe,Europe,2096,89.2549388
899,europe,Europe,2097,89.37157568
900,europe,Europe,2098,89.49068939
901,europe,Europe,2099,89.60928932
902,europe,Europe,2100,89.72601984
903,americas,The Americas,1800,32.96083566
904,americas,The Americas,1801,32.97473867
905,americas,The Americas,1802,32.98864568
906,americas,The Americas,1803,33.00281872
907,americas,The Americas,1804,33.017224
908,americas,The Americas,1805,33.03219176
909,americas,The Americas,1806,33.04740578
910,americas,The Americas,1807,33.06288799
911,americas,The Americas,1808,33.07866246
912,americas,The Americas,1809,33.09475531
913,americas,The Americas,1810,33.12293325
914,americas,The Americas,1811,33.15153851
915,americas,The Americas,1812,33.18394423
916,americas,The Americas,1813,33.22021083
917,americas,The Americas,1814,33.2566537
918,americas,The Americas,1815,33.29245002
919,americas,The Americas,1816,33.32841278
920,americas,The Americas,1817,33.36477827
921,americas,The Americas,1818,33.40103061
922,americas,The Americas,1819,33.44099904
923,americas,The Americas,1820,33.48927678
924,americas,The Americas,1821,33.54242562
925,americas,The Americas,1822,33.59934957
926,americas,The Americas,1823,33.65953438
927,americas,The Americas,1824,33.72024011
928,americas,The Americas,1825,33.76967969
929,americas,The Americas,1826,33.81721227
930,americas,The Americas,1827,33.86561891
931,americas,The Americas,1828,33.91346979
932,americas,The Americas,1829,33.95772218
933,americas,The Americas,1830,34.00630423
934,americas,The Americas,1831,34.05206084
935,americas,The Americas,1832,34.09836121
936,americas,The Americas,1833,34.14181695
937,americas,The Americas,1834,34.18527555
938,americas,The Americas,1835,34.22648206
939,americas,The Americas,1836,34.26809335
940,americas,The Americas,1837,34.30977549
941,americas,The Americas,1838,34.35152576
942,americas,The Americas,1839,34.39680687
943,americas,The Americas,1840,34.44010998
944,americas,The Americas,1841,34.48501713
945,americas,The Americas,1842,34.52921679
946,americas,The Americas,1843,34.57521992
947,americas,The Americas,1844,34.62077725
948,americas,The Americas,1845,34.66759684
949,americas,The Americas,1846,34.7147718
950,americas,The Americas,1847,34.76149851
951,americas,The Americas,1848,34.80857559
952,americas,The Americas,1849,34.85272797
953,americas,The Americas,1850,34.89537477
954,americas,The Americas,1851,34.93329367
955,americas,The Americas,1852,34.96848294
956,americas,The Americas,1853,35.00247853
957,americas,The Americas,1854,35.03654496
958,americas,The Americas,1855,35.07027155
959,americas,The Americas,1856,35.10489195
960,americas,The Americas,1857,35.13946727
961,americas,The Americas,1858,35.17441524
962,americas,The Americas,1859,35.20906014
963,americas,The Americas,1860,35.23484029
964,americas,The Americas,1861,34.62629552
965,americas,The Americas,1862,33.06121674
966,americas,The Americas,1863,32.84178244
967,americas,The Americas,1864,31.46856471
968,americas,The Americas,1865,34.69719535
969,americas,The Americas,1866,35.36439506
970,americas,The Americas,1867,35.37820884
971,americas,The Americas,1868,35.39293166
972,americas,The Americas,1869,35.4052896
973,americas,The Americas,1870,35.43448561
974,americas,The Americas,1871,35.46119669
975,americas,The Americas,1872,35.49043723
976,americas,The Americas,1873,35.51776856
977,americas,The Americas,1874,35.54492355
978,americas,The Americas,1875,35.5902148
979,americas,The Americas,1876,35.63430175
980,americas,The Americas,1877,35.6785229
981,americas,The Americas,1878,35.72126058
982,americas,The Americas,1879,35.76424465
983,americas,The Americas,1880,35.80352575
984,americas,The Americas,1881,36.13123323
985,americas,The Americas,1882,36.48586965
986,americas,The Americas,1883,36.79578205
987,americas,The Americas,1884,37.11292828
988,americas,The Americas,1885,37.43252307
989,americas,The Americas,1886,37.7548291
990,americas,The Americas,1887,38.07642833
991,americas,The Americas,1888,38.42372548
992,americas,The Americas,1889,38.74757212
993,americas,The Americas,1890,38.99005746
994,americas,The Americas,1891,39.03154988
995,americas,The Americas,1892,39.07818599
996,americas,The Americas,1893,39.11696604
997,americas,The Americas,1894,39.58438224
998,americas,The Americas,1895,40.04603781
999,americas,The Americas,1896,40.20206989
1000,americas,The Americas,1897,40.18382808
1001,americas,The Americas,1898,40.49341491
1002,americas,The Americas,1899,40.52794274
1003,americas,The Americas,1900,41.19059019
1004,americas,The Americas,1901,41.34627699
1005,americas,The Americas,1902,42.19065994
1006,americas,The Americas,1903,42.28988811
1007,americas,The Americas,1904,41.84968418
1008,americas,The Americas,1905,42.0810242
1009,americas,The Americas,1906,42.10498896
1010,americas,The Americas,1907,42.21051831
1011,americas,The Americas,1908,43.26821982
1012,americas,The Americas,1909,43.85114471
1013,americas,The Americas,1910,43.24336966
1014,americas,The Americas,1911,44.17597798
1015,americas,The Americas,1912,44.61775837
1016,americas,The Americas,1913,44.40474141
1017,americas,The Americas,1914,45.06307127
1018,americas,The Americas,1915,45.39946148
1019,americas,The Americas,1916,45.02147114
1020,americas,The Americas,1917,44.99324767
1021,americas,The Americas,1918,38.20328458
1022,americas,The Americas,1919,45.86734883
1023,americas,The Americas,1920,46.00030404
1024,americas,The Americas,1921,47.49269687
1025,americas,The Americas,1922,47.52251935
1026,americas,The Americas,1923,47.32716496
1027,americas,The Americas,1924,47.91491577
1028,americas,The Americas,1925,47.93130524
1029,americas,The Americas,1926,47.77768442
1030,americas,The Americas,1927,49.05045495
1031,americas,The Americas,1928,48.13032214
1032,americas,The Americas,1929,48.30750368
1033,americas,The Americas,1930,48.99351582
1034,americas,The Americas,1931,49.58667934
1035,americas,The Americas,1932,50.1161153
1036,americas,The Americas,1933,50.11336802
1037,americas,The Americas,1934,49.94508384
1038,americas,The Americas,1935,50.48716921
1039,americas,The Americas,1936,50.21744844
1040,americas,The Americas,1937,50.56016231
1041,americas,The Americas,1938,51.64333782
1042,americas,The Americas,1939,52.63787668
1043,americas,The Americas,1940,52.45628517
1044,americas,The Americas,1941,53.29788907
1045,americas,The Americas,1942,53.83783945
1046,americas,The Americas,1943,54.27144649
1047,americas,The Americas,1944,55.04565965
1048,americas,The Americas,1945,55.7584191
1049,americas,The Americas,1946,56.55360737
1050,americas,The Americas,1947,57.27358774
1051,americas,The Americas,1948,58.16591895
1052,americas,The Americas,1949,58.59615591
1053,americas,The Americas,1950,59.52770931
1054,americas,The Americas,1951,59.75379866
1055,americas,The Americas,1952,60.22618249
1056,americas,The Americas,1953,60.70273826
1057,americas,The Americas,1954,61.42841539
1058,americas,The Americas,1955,61.66145042
1059,americas,The Americas,1956,61.9232101
1060,americas,The Americas,1957,61.97076086
1061,americas,The Americas,1958,62.33703795
1062,americas,The Americas,1959,62.62428534
1063,americas,The Americas,1960,62.86930768
1064,americas,The Americas,1961,63.3432168
1065,americas,The Americas,1962,63.53352041
1066,americas,The Americas,1963,63.60787842
1067,americas,The Americas,1964,63.9399041
1068,americas,The Americas,1965,64.09769752
1069,americas,The Americas,1966,64.30341063
1070,americas,The Americas,1967,64.53916697
1071,americas,The Americas,1968,64.57265469
1072,americas,The Americas,1969,64.82898331
1073,americas,The Americas,1970,64.9714462
1074,americas,The Americas,1971,65.72501851
1075,americas,The Americas,1972,65.90877201
1076,americas,The Americas,1973,66.23851824
1077,americas,The Americas,1974,66.73980795
1078,americas,The Americas,1975,67.29931705
1079,americas,The Americas,1976,67.54127807
1080,americas,The Americas,1977,68.11606822
1081,americas,The Americas,1978,68.60217067
1082,americas,The Americas,1979,68.88841939
1083,americas,The Americas,1980,69.12241274
1084,americas,The Americas,1981,69.38828487
1085,americas,The Americas,1982,69.84366168
1086,americas,The Americas,1983,70.01359242
1087,americas,The Americas,1984,70.23332084
1088,americas,The Americas,1985,70.3086872
1089,americas,The Americas,1986,70.7618252
1090,americas,The Americas,1987,71.03151842
1091,americas,The Americas,1988,71.28867469
1092,americas,The Americas,1989,71.62083553
1093,americas,The Americas,1990,71.98907691
1094,americas,The Americas,1991,72.25335008
1095,americas,The Americas,1992,72.49943441
1096,americas,The Americas,1993,72.57237308
1097,americas,The Americas,1994,72.79376407
1098,americas,The Americas,1995,73.00129605
1099,americas,The Americas,1996,73.33422459
1100,americas,The Americas,1997,73.71998122
1101,americas,The Americas,1998,73.85929605
1102,americas,The Americas,1999,74.05392947
1103,americas,The Americas,2000,74.4404548
1104,americas,The Americas,2001,74.63558735
1105,americas,The Americas,2002,74.73668561
1106,americas,The Americas,2003,74.94530728
1107,americas,The Americas,2004,75.25582607
1108,americas,The Americas,2005,75.49458452
1109,americas,The Americas,2006,75.742575
1110,americas,The Americas,2007,75.9807362
1111,americas,The Americas,2008,76.09665479
1112,americas,The Americas,2009,76.1767624
1113,americas,The Americas,2010,76.09602011
1114,americas,The Americas,2011,76.56688447
1115,americas,The Americas,2012,76.72454235
1116,americas,The Americas,2013,76.81835471
1117,americas,The Americas,2014,76.94285204
1118,americas,The Americas,2015,77.00275315
1119,americas,The Americas,2016,76.97347747
1120,americas,The Americas,2017,77.13864478
1121,americas,The Americas,2018,77.21743927
1122,americas,The Americas,2019,77.2969369
1123,americas,The Americas,2020,75.42355191
1124,americas,The Americas,2021,74.78649611
1125,americas,The Americas,2022,76.16320172
1126,americas,The Americas,2023,77.95668592
1127,americas,The Americas,2024,78.20011819
1128,americas,The Americas,2025,78.37366153
1129,americas,The Americas,2026,78.54833326
1130,americas,The Americas,2027,78.72530777
1131,americas,The Americas,2028,78.89816341
1132,americas,The Americas,2029,79.07251953
1133,americas,The Americas,2030,79.24162446
1134,americas,The Americas,2031,79.41393481
1135,americas,The Americas,2032,79.58624553
1136,americas,The Americas,2033,79.75300882
1137,americas,The Americas,2034,79.92600111
1138,americas,The Americas,2035,80.0925961
1139,americas,The Americas,2036,80.26176403
1140,americas,The Americas,2037,80.42927767
1141,americas,The Americas,2038,80.59554441
1142,americas,The Americas,2039,80.76116885
1143,americas,The Americas,2040,80.92673646
1144,americas,The Americas,2041,81.09163105
1145,americas,The Americas,2042,81.25610845
1146,americas,The Americas,2043,81.41553132
1147,americas,The Americas,2044,81.58028722
1148,americas,The Americas,2045,81.73486349
1149,americas,The Americas,2046,81.89708802
1150,americas,The Americas,2047,82.05384187
1151,americas,The Americas,2048,82.21530057
1152,americas,The Americas,2049,82.37348289
1153,americas,The Americas,2050,82.52531564
1154,americas,The Americas,2051,82.6780973
1155,americas,The Americas,2052,82.83210012
1156,americas,The Americas,2053,82.98611741
1157,americas,The Americas,2054,83.13422385
1158,americas,The Americas,2055,83.28136881
1159,americas,The Americas,2056,83.42817883
1160,americas,The Americas,2057,83.57767634
1161,americas,The Americas,2058,83.71740208
1162,americas,The Americas,2059,83.86350625
1163,americas,The Americas,2060,84.00723082
1164,americas,The Americas,2061,84.14686873
1165,americas,The Americas,2062,84.28746446
1166,americas,The Americas,2063,84.42655007
1167,americas,The Americas,2064,84.56502586
1168,americas,The Americas,2065,84.70168679
1169,americas,The Americas,2066,84.83842577
1170,americas,The Americas,2067,84.96922684
1171,americas,The Americas,2068,85.106425
1172,americas,The Americas,2069,85.2405063
1173,americas,The Americas,2070,85.37150625
1174,americas,The Americas,2071,85.50265014
1175,americas,The Americas,2072,85.63435598
1176,americas,The Americas,2073,85.76190585
1177,americas,The Americas,2074,85.89058045
1178,americas,The Americas,2075,86.01655818
1179,americas,The Americas,2076,86.14762916
1180,americas,The Americas,2077,86.2734297
1181,americas,The Americas,2078,86.40341318
1182,americas,The Americas,2079,86.52223266
1183,americas,The Americas,2080,86.64828876
1184,americas,The Americas,2081,86.77489948
1185,americas,The Americas,2082,86.90054967
1186,americas,The Americas,2083,87.02241462
1187,americas,The Americas,2084,87.14386443
1188,americas,The Americas,2085,87.2686789
1189,americas,The Americas,2086,87.39098797
1190,americas,The Americas,2087,87.51171019
1191,americas,The Americas,2088,87.63431787
1192,americas,The Americas,2089,87.75339825
1193,americas,The Americas,2090,87.87010617
1194,americas,The Americas,2091,87.99581811
1195,americas,The Americas,2092,88.11358241
1196,americas,The Americas,2093,88.23347744
1197,americas,The Americas,2094,88.35695594
1198,americas,The Americas,2095,88.47331035
1199,americas,The Americas,2096,88.59349345
1200,americas,The Americas,2097,88.7166722
1201,americas,The Americas,2098,88.8307898
1202,americas,The Americas,2099,88.95059505
1203,americas,The Americas,2100,89.06753642
