,geo,name,time,Number of countries
0,world,World,1940,0
1,world,World,1941,0
2,world,World,1942,0
3,world,World,1943,0
4,world,World,1944,0
5,world,World,1945,0
6,world,World,1946,0
7,world,World,1947,0
8,world,World,1948,0
9,world,World,1949,0
10,world,World,1950,0
11,world,World,1951,0
12,world,World,1952,0
13,world,World,1953,1
14,world,World,1954,1
15,world,World,1955,1
16,world,World,1956,1
17,world,World,1957,1
18,world,World,1958,1
19,world,World,1959,1
20,world,World,1960,2
21,world,World,1961,2
22,world,World,1962,2
23,world,World,1963,2
24,world,World,1964,2
25,world,World,1965,2
26,world,World,1966,3
27,world,World,1967,3
28,world,World,1968,4
29,world,World,1969,5
30,world,World,1970,5
31,world,World,1971,5
32,world,World,1972,5
33,world,World,1973,5
34,world,World,1974,6
35,world,World,1975,7
36,world,World,1976,7
37,world,World,1977,7
38,world,World,1978,7
39,world,World,1979,10
40,world,World,1980,12
41,world,World,1981,13
42,world,World,1982,15
43,world,World,1983,15
44,world,World,1984,16
45,world,World,1985,16
46,world,World,1986,17
47,world,World,1987,17
48,world,World,1988,18
49,world,World,1989,18
50,world,World,1990,22
51,world,World,1991,24
52,world,World,1992,25
53,world,World,1993,29
54,world,World,1994,30
55,world,World,1995,30
56,world,World,1996,31
57,world,World,1997,34
58,world,World,1998,34
59,world,World,1999,36
60,world,World,2000,37
61,world,World,2001,39
62,world,World,2002,40
63,world,World,2003,41
64,world,World,2004,43
65,world,World,2005,46
66,world,World,2006,48
67,world,World,2007,48
68,world,World,2008,49
69,world,World,2009,52
70,world,World,2010,57
71,world,World,2011,61
72,world,World,2012,64
73,world,World,2013,66
74,world,World,2014,66
75,world,World,2015,68
76,world,World,2016,71
77,world,World,2017,72
78,world,World,2018,76
79,world,World,2019,77
80,world,World,2020,78
81,world,World,2021,83
82,world,World,2022,87
83,world,World,2023,89
84,world,World,2024,91
85,world,World,2025,96
